timestamp,bank,payment_method,transactions,failed_transactions,avg_amount,avg_retries,failure_rate,anomaly,anomaly_score
2026-07-25 00:00:00,AXIS,CARD,30,0,919.0726666666667,0.0,0.0,1,0.20206852096996897
2026-07-25 00:00:00,AXIS,NETBANKING,9,1,566.7244444444445,0.0,0.1111111111111111,1,0.10482360440667116
2026-07-25 00:00:00,AXIS,UPI,82,8,838.5826829268293,0.08536585365853659,0.0975609756097561,1,0.12158443024653576
2026-07-25 00:00:00,HDFC,CARD,39,1,1042.1910256410256,0.02564102564102564,0.02564102564102564,1,0.1883548887591831
2026-07-25 00:00:00,HDFC,NETBANKING,14,0,845.6185714285714,0.0,0.0,1,0.2078988935957794
2026-07-25 00:00:00,HDFC,UPI,108,8,846.1025000000001,0.046296296296296294,0.07407407407407407,1,0.15563014193992014
2026-07-25 00:00:00,ICICI,CARD,45,6,868.652,0.08888888888888889,0.13333333333333333,1,0.1126207977649955
2026-07-25 00:00:00,ICICI,NETBANKING,20,0,723.806,0.0,0.0,1,0.18271937167985758
2026-07-25 00:00:00,ICICI,UPI,105,5,915.8751428571428,0.02857142857142857,0.047619047619047616,1,0.178684484286178
2026-07-25 00:00:00,KOTAK,CARD,29,0,1107.6220689655172,0.0,0.0,1,0.17478868343433884
2026-07-25 00:00:00,KOTAK,NETBANKING,6,0,444.9683333333334,0.0,0.0,1,0.05181435939181045
2026-07-25 00:00:00,KOTAK,UPI,48,4,827.4347916666667,0.0,0.08333333333333333,1,0.18951769831753873
2026-07-25 00:00:00,SBI,CARD,42,2,686.955,0.023809523809523808,0.047619047619047616,1,0.1599438103331115
2026-07-25 00:00:00,SBI,NETBANKING,14,1,773.4757142857143,0.0,0.07142857142857142,1,0.21270028398503238
2026-07-25 00:00:00,SBI,UPI,86,7,903.2609302325582,0.046511627906976744,0.08139534883720931,1,0.17623398499518356
2026-07-25 01:00:00,AXIS,CARD,46,2,948.2304347826087,0.043478260869565216,0.043478260869565216,1,0.20373025527562544
2026-07-25 01:00:00,AXIS,NETBANKING,10,2,1240.0,0.1,0.2,1,0.01494432184984773
2026-07-25 01:00:00,AXIS,UPI,80,8,970.0337499999999,0.0625,0.1,1,0.1511614091642331
2026-07-25 01:00:00,HDFC,CARD,47,4,1013.3912765957447,0.06382978723404255,0.0851063829787234,1,0.18238924837263387
2026-07-25 01:00:00,HDFC,NETBANKING,19,1,643.4815789473685,0.0,0.05263157894736842,1,0.1683876204256154
2026-07-25 01:00:00,HDFC,UPI,110,6,942.278,0.01818181818181818,0.05454545454545454,1,0.1686650419906443
2026-07-25 01:00:00,ICICI,CARD,32,2,1124.904375,0.03125,0.0625,1,0.1830765485565342
2026-07-25 01:00:00,ICICI,NETBANKING,18,1,901.325,0.05555555555555555,0.05555555555555555,1,0.1944569673888808
2026-07-25 01:00:00,ICICI,UPI,108,4,992.1953703703704,0.009259259259259259,0.037037037037037035,1,0.14587913485000498
2026-07-25 01:00:00,KOTAK,CARD,28,1,839.4764285714285,0.0,0.03571428571428571,1,0.21307358560696527
2026-07-25 01:00:00,KOTAK,NETBANKING,9,0,917.2955555555556,0.0,0.0,1,0.20727168113523936
2026-07-25 01:00:00,KOTAK,UPI,68,4,1018.5754411764707,0.014705882352941176,0.058823529411764705,1,0.17967004729485125
2026-07-25 01:00:00,SBI,CARD,37,3,817.1089189189189,0.0,0.08108108108108109,1,0.20718228503868702
2026-07-25 01:00:00,SBI,NETBANKING,26,0,792.2542307692308,0.0,0.0,1,0.18991286481921854
2026-07-25 01:00:00,SBI,UPI,120,10,992.5580000000001,0.058333333333333334,0.08333333333333333,1,0.09789473842732022
2026-07-25 02:00:00,AXIS,CARD,27,0,980.175925925926,0.0,0.0,1,0.1986076720981081
2026-07-25 02:00:00,AXIS,NETBANKING,11,1,948.5363636363636,0.0,0.09090909090909091,1,0.2013110581072412
2026-07-25 02:00:00,AXIS,UPI,83,9,957.700843373494,0.03614457831325301,0.10843373493975904,1,0.16064282918213596
2026-07-25 02:00:00,HDFC,CARD,52,2,848.3442307692308,0.0,0.038461538461538464,1,0.1986463584490093
2026-07-25 02:00:00,HDFC,NETBANKING,17,2,728.9364705882354,0.058823529411764705,0.11764705882352941,1,0.15128825334289325
2026-07-25 02:00:00,HDFC,UPI,91,8,862.0036263736264,0.054945054945054944,0.08791208791208792,1,0.16148725910369138
2026-07-25 02:00:00,ICICI,CARD,36,2,956.3005555555555,0.05555555555555555,0.05555555555555555,1,0.2007753715912478
2026-07-25 02:00:00,ICICI,NETBANKING,16,1,727.139375,0.0625,0.0625,1,0.1606798960711156
2026-07-25 02:00:00,ICICI,UPI,95,5,1066.621894736842,0.042105263157894736,0.05263157894736842,1,0.14071474195284128
2026-07-25 02:00:00,KOTAK,CARD,21,1,808.9233333333333,0.047619047619047616,0.047619047619047616,1,0.17730856315774518
2026-07-25 02:00:00,KOTAK,NETBANKING,9,0,1003.2255555555556,0.0,0.0,1,0.20413366986907278
2026-07-25 02:00:00,KOTAK,UPI,58,1,860.8915517241379,0.0,0.017241379310344827,1,0.179565273508066
2026-07-25 02:00:00,SBI,CARD,46,1,930.1393478260869,0.0,0.021739130434782608,1,0.2091306229642182
2026-07-25 02:00:00,SBI,NETBANKING,9,0,420.2677777777778,0.0,0.0,1,0.057186503389965004
2026-07-25 02:00:00,SBI,UPI,91,4,919.5172527472528,0.01098901098901099,0.04395604395604396,1,0.186047716852418
2026-07-25 03:00:00,AXIS,CARD,30,4,817.0833333333334,0.13333333333333333,0.13333333333333333,1,0.08943416753575784
2026-07-25 03:00:00,AXIS,NETBANKING,6,0,835.0666666666666,0.0,0.0,1,0.1806991401170821
2026-07-25 03:00:00,AXIS,UPI,88,4,860.3792045454545,0.022727272727272728,0.045454545454545456,1,0.18771330429687144
2026-07-25 03:00:00,HDFC,CARD,31,4,956.7248387096774,0.06451612903225806,0.12903225806451613,1,0.1585486295385869
2026-07-25 03:00:00,HDFC,NETBANKING,16,2,1094.554375,0.0625,0.125,1,0.1364986056348103
2026-07-25 03:00:00,HDFC,UPI,115,10,932.3274782608696,0.034782608695652174,0.08695652173913043,1,0.13905259142456916
2026-07-25 03:00:00,ICICI,CARD,31,3,979.4593548387097,0.0,0.0967741935483871,1,0.1952529739669615
2026-07-25 03:00:00,ICICI,NETBANKING,13,0,751.9876923076923,0.0,0.0,1,0.20142178360455681
2026-07-25 03:00:00,ICICI,UPI,82,3,826.609756097561,0.012195121951219513,0.036585365853658534,1,0.17235952123953813
2026-07-25 03:00:00,KOTAK,CARD,25,0,732.8795999999999,0.0,0.0,1,0.17637872352391604
2026-07-25 03:00:00,KOTAK,NETBANKING,13,0,935.4899999999999,0.0,0.0,1,0.21545609369223268
2026-07-25 03:00:00,KOTAK,UPI,56,3,1068.5262500000001,0.017857142857142856,0.05357142857142857,1,0.17611772552225846
2026-07-25 03:00:00,SBI,CARD,46,3,1346.7450000000001,0.0,0.06521739130434782,1,0.11558929298455822
2026-07-25 03:00:00,SBI,NETBANKING,13,3,821.2684615384616,0.0,0.23076923076923078,1,0.045453543345707725
2026-07-25 03:00:00,SBI,UPI,101,6,817.5497029702971,0.009900990099009901,0.0594059405940594,1,0.16888430463574028
2026-07-25 04:00:00,AXIS,CARD,29,2,899.916551724138,0.034482758620689655,0.06896551724137931,1,0.2101608664491053
2026-07-25 04:00:00,AXIS,NETBANKING,14,0,670.6850000000001,0.0,0.0,1,0.1757795732079897
2026-07-25 04:00:00,AXIS,UPI,92,4,765.0917391304348,0.03260869565217391,0.043478260869565216,1,0.1405122874216005
2026-07-25 04:00:00,HDFC,CARD,43,2,698.0506976744186,0.0,0.046511627906976744,1,0.1684797852573589
2026-07-25 04:00:00,HDFC,NETBANKING,16,1,880.044375,0.0625,0.0625,1,0.18531345242970454
2026-07-25 04:00:00,HDFC,UPI,110,8,993.5026363636363,0.02727272727272727,0.07272727272727272,1,0.15878160070478275
2026-07-25 04:00:00,ICICI,CARD,34,1,996.6467647058823,0.058823529411764705,0.029411764705882353,1,0.1636393003136199
2026-07-25 04:00:00,ICICI,NETBANKING,15,0,679.2479999999999,0.0,0.0,1,0.18106998891185133
2026-07-25 04:00:00,ICICI,UPI,103,6,893.9646601941747,0.02912621359223301,0.05825242718446602,1,0.18836992847147876
2026-07-25 04:00:00,KOTAK,CARD,22,1,1050.459090909091,0.045454545454545456,0.045454545454545456,1,0.1751472423939468
2026-07-25 04:00:00,KOTAK,NETBANKING,4,1,597.005,0.25,0.25,-1,-0.10360416200801414
2026-07-25 04:00:00,KOTAK,UPI,51,1,1027.8482352941178,0.0196078431372549,0.0196078431372549,1,0.16730255354195606
2026-07-25 04:00:00,SBI,CARD,46,2,1057.6567391304347,0.021739130434782608,0.043478260869565216,1,0.19066139262510223
2026-07-25 04:00:00,SBI,NETBANKING,15,4,962.6086666666666,0.06666666666666667,0.26666666666666666,1,0.01995055073108365
2026-07-25 04:00:00,SBI,UPI,107,9,849.2339252336449,0.04672897196261682,0.08411214953271028,1,0.15337812861763128
2026-07-25 05:00:00,AXIS,CARD,30,0,1062.0703333333333,0.0,0.0,1,0.1832397107160883
2026-07-25 05:00:00,AXIS,NETBANKING,14,1,903.7485714285714,0.0,0.07142857142857142,1,0.222293052073827
2026-07-25 05:00:00,AXIS,UPI,75,3,859.0232,0.02666666666666667,0.04,1,0.18787628775637832
2026-07-25 05:00:00,HDFC,CARD,48,3,935.03625,0.041666666666666664,0.0625,1,0.2139472828510417
2026-07-25 05:00:00,HDFC,NETBANKING,15,0,954.694,0.0,0.0,1,0.21861352700187675
2026-07-25 05:00:00,HDFC,UPI,93,5,831.1537634408603,0.03225806451612903,0.053763440860215055,1,0.17829480456810226
2026-07-25 05:00:00,ICICI,CARD,43,1,1039.4579069767442,0.046511627906976744,0.023255813953488372,1,0.16716655744896625
2026-07-25 05:00:00,ICICI,NETBANKING,8,1,898.0675,0.125,0.125,1,0.08827025067299288
2026-07-25 05:00:00,ICICI,UPI,92,7,707.3917391304348,0.021739130434782608,0.07608695652173914,1,0.12212188454724349
2026-07-25 05:00:00,KOTAK,CARD,24,2,835.6945833333333,0.0,0.08333333333333333,1,0.21167907216888227
2026-07-25 05:00:00,KOTAK,NETBANKING,6,1,384.885,0.16666666666666666,0.16666666666666666,-1,-0.05862966436411898
2026-07-25 05:00:00,KOTAK,UPI,43,4,1158.5686046511628,0.046511627906976744,0.09302325581395349,1,0.15982171174065546
2026-07-25 05:00:00,SBI,CARD,36,0,1142.1397222222222,0.0,0.0,1,0.16199983462914602
2026-07-25 05:00:00,SBI,NETBANKING,18,0,1042.652222222222,0.0,0.0,1,0.20313305612217109
2026-07-25 05:00:00,SBI,UPI,110,9,950.5044545454546,0.08181818181818182,0.08181818181818182,1,0.09892715729112223
2026-07-25 06:00:00,AXIS,CARD,51,3,742.5321568627451,0.0392156862745098,0.058823529411764705,1,0.1700287413525738
2026-07-25 06:00:00,AXIS,NETBANKING,12,0,808.37,0.0,0.0,1,0.20988749671917822
2026-07-25 06:00:00,AXIS,UPI,66,4,927.4401515151516,0.030303030303030304,0.06060606060606061,1,0.19863224833001486
2026-07-25 06:00:00,HDFC,CARD,42,2,958.2092857142858,0.0,0.047619047619047616,1,0.21790030420553186
2026-07-25 06:00:00,HDFC,NETBANKING,14,0,829.0171428571429,0.0,0.0,1,0.21119005141087455
2026-07-25 06:00:00,HDFC,UPI,119,11,902.4410084033614,0.04201680672268908,0.09243697478991597,1,0.11986985528583965
2026-07-25 06:00:00,ICICI,CARD,35,2,978.212,0.08571428571428572,0.05714285714285714,1,0.1551734823514055
2026-07-25 06:00:00,ICICI,NETBANKING,13,0,1239.4584615384615,0.0,0.0,1,0.16867367680174494
2026-07-25 06:00:00,ICICI,UPI,98,2,897.5327551020409,0.0,0.02040816326530612,1,0.1533640480229358
2026-07-25 06:00:00,KOTAK,CARD,19,1,758.6442105263158,0.0,0.05263157894736842,1,0.20945448599542166
2026-07-25 06:00:00,KOTAK,NETBANKING,6,0,1816.925,0.0,0.0,-1,-0.005821599974466629
2026-07-25 06:00:00,KOTAK,UPI,59,4,755.8884745762712,0.0847457627118644,0.06779661016949153,1,0.11139260488207775
2026-07-25 06:00:00,SBI,CARD,45,3,780.0242222222223,0.044444444444444446,0.06666666666666667,1,0.1885742808281753
2026-07-25 06:00:00,SBI,NETBANKING,15,0,1638.71,0.0,0.0,1,0.03433737515303581
2026-07-25 06:00:00,SBI,UPI,121,5,1036.1335537190082,0.024793388429752067,0.04132231404958678,1,0.10739039409492013
2026-07-25 07:00:00,AXIS,CARD,32,2,941.751875,0.03125,0.0625,1,0.21156105148818283
2026-07-25 07:00:00,AXIS,NETBANKING,12,0,1078.465,0.0,0.0,1,0.19989075564105074
2026-07-25 07:00:00,AXIS,UPI,73,6,985.584794520548,0.0547945205479452,0.0821917808219178,1,0.17252687394966987
2026-07-25 07:00:00,HDFC,CARD,47,5,998.7259574468086,0.0425531914893617,0.10638297872340426,1,0.18100032977631492
2026-07-25 07:00:00,HDFC,NETBANKING,14,0,1144.6464285714285,0.0,0.0,1,0.18729306329247286
2026-07-25 07:00:00,HDFC,UPI,115,6,953.7276521739129,0.008695652173913044,0.05217391304347826,1,0.14195965573720715
2026-07-25 07:00:00,ICICI,CARD,44,1,898.9552272727273,0.0,0.022727272727272728,1,0.21469055224755562
2026-07-25 07:00:00,ICICI,NETBANKING,15,0,900.2926666666666,0.0,0.0,1,0.2198170931179393
2026-07-25 07:00:00,ICICI,UPI,116,7,950.7747413793103,0.02586206896551724,0.0603448275862069,1,0.14368498821992898
2026-07-25 07:00:00,KOTAK,CARD,20,3,960.9290000000001,0.0,0.15,1,0.13318253777240485
2026-07-25 07:00:00,KOTAK,NETBANKING,8,1,509.41375000000005,0.125,0.125,1,0.013318299990864979
2026-07-25 07:00:00,KOTAK,UPI,59,3,1028.7520338983052,0.03389830508474576,0.05084745762711865,1,0.18512444068675193
2026-07-25 07:00:00,SBI,CARD,52,4,914.8238461538463,0.019230769230769232,0.07692307692307693,1,0.19731013188363433
2026-07-25 07:00:00,SBI,NETBANKING,19,0,669.6173684210526,0.0,0.0,1,0.16826167380767537
2026-07-25 07:00:00,SBI,UPI,112,6,1077.3988392857143,0.03571428571428571,0.05357142857142857,1,0.11264421596373542
2026-07-25 08:00:00,AXIS,CARD,34,3,689.7105882352942,0.08823529411764706,0.08823529411764706,1,0.11273394460625324
2026-07-25 08:00:00,AXIS,NETBANKING,11,1,702.7572727272727,0.0,0.09090909090909091,1,0.17800766572266719
2026-07-25 08:00:00,AXIS,UPI,73,4,849.5589041095891,0.0410958904109589,0.0547945205479452,1,0.18828898703901564
2026-07-25 08:00:00,HDFC,CARD,43,4,764.463953488372,0.06976744186046512,0.09302325581395349,1,0.15918688646106838
2026-07-25 08:00:00,HDFC,NETBANKING,16,0,797.0375,0.0,0.0,1,0.20588739871097422
2026-07-25 08:00:00,HDFC,UPI,95,4,850.9589473684211,0.031578947368421054,0.042105263157894736,1,0.17745728736668115
2026-07-25 08:00:00,ICICI,CARD,38,1,869.6600000000001,0.0,0.02631578947368421,1,0.21198253796136035
2026-07-25 08:00:00,ICICI,NETBANKING,9,2,737.2555555555556,0.0,0.2222222222222222,1,0.027774579685310274
2026-07-25 08:00:00,ICICI,UPI,109,7,857.2232110091743,0.009174311926605505,0.06422018348623854,1,0.1581336521700491
2026-07-25 08:00:00,KOTAK,CARD,17,1,1166.7076470588236,0.058823529411764705,0.058823529411764705,1,0.15206021717170837
2026-07-25 08:00:00,KOTAK,NETBANKING,5,0,927.8220000000001,0.0,0.0,1,0.17756437661637603
2026-07-25 08:00:00,KOTAK,UPI,44,2,824.6090909090909,0.022727272727272728,0.045454545454545456,1,0.20404765270020453
2026-07-25 08:00:00,SBI,CARD,39,1,884.5887179487179,0.02564102564102564,0.02564102564102564,1,0.1939991285843053
2026-07-25 08:00:00,SBI,NETBANKING,13,1,616.1038461538461,0.07692307692307693,0.07692307692307693,1,0.10589593888833415
2026-07-25 08:00:00,SBI,UPI,102,4,1004.1292156862746,0.0196078431372549,0.0392156862745098,1,0.16179027519719957
2026-07-25 09:00:00,AXIS,CARD,34,4,945.4,0.029411764705882353,0.11764705882352941,1,0.1718917805133489
2026-07-25 09:00:00,AXIS,NETBANKING,4,1,991.8875,0.0,0.25,-1,-0.011539314453783756
2026-07-25 09:00:00,AXIS,UPI,79,6,1060.9093670886075,0.012658227848101266,0.0759493670886076,1,0.1624339819630234
2026-07-25 09:00:00,HDFC,CARD,40,3,978.2852499999999,0.0,0.075,1,0.21131868630202916
2026-07-25 09:00:00,HDFC,NETBANKING,16,0,954.813125,0.0,0.0,1,0.21478336305190399
2026-07-25 09:00:00,HDFC,UPI,94,8,882.1274468085106,0.05319148936170213,0.0851063829787234,1,0.17008091411046372
2026-07-25 09:00:00,ICICI,CARD,31,3,783.3541935483871,0.03225806451612903,0.0967741935483871,1,0.17935370584974342
2026-07-25 09:00:00,ICICI,NETBANKING,12,2,1516.49,0.08333333333333333,0.16666666666666666,-1,-0.028883130450394923
2026-07-25 09:00:00,ICICI,UPI,86,3,826.9520930232559,0.023255813953488372,0.03488372093023256,1,0.17024933053053676
2026-07-25 09:00:00,KOTAK,CARD,21,2,862.5995238095238,0.0,0.09523809523809523,1,0.19967806248954073
2026-07-25 09:00:00,KOTAK,NETBANKING,6,0,461.0233333333333,0.0,0.0,1,0.05294210253992704
2026-07-25 09:00:00,KOTAK,UPI,59,3,947.0554237288136,0.05084745762711865,0.05084745762711865,1,0.18999143974602312
2026-07-25 09:00:00,SBI,CARD,47,3,1126.5114893617022,0.0,0.06382978723404255,1,0.1774026477440192
2026-07-25 09:00:00,SBI,NETBANKING,18,0,842.6472222222222,0.0,0.0,1,0.20611172759843144
2026-07-25 09:00:00,SBI,UPI,110,10,918.0965454545454,0.00909090909090909,0.09090909090909091,1,0.1313680603306659
2026-07-25 10:00:00,AXIS,CARD,31,2,730.8287096774193,0.0,0.06451612903225806,1,0.1928715840252312
2026-07-25 10:00:00,AXIS,NETBANKING,18,1,1076.9333333333334,0.0,0.05555555555555555,1,0.21034279407746392
2026-07-25 10:00:00,AXIS,UPI,82,3,977.2992682926829,0.036585365853658534,0.036585365853658534,1,0.18059452284270244
2026-07-25 10:00:00,HDFC,CARD,33,0,652.4484848484848,0.0,0.0,1,0.1292152152571902
2026-07-25 10:00:00,HDFC,NETBANKING,13,1,1031.6361538461538,0.0,0.07692307692307693,1,0.20884153566527835
2026-07-25 10:00:00,HDFC,UPI,103,3,967.6549514563108,0.009708737864077669,0.02912621359223301,1,0.16091210194861316
2026-07-25 10:00:00,ICICI,CARD,52,3,776.3569230769231,0.019230769230769232,0.057692307692307696,1,0.18263232409967178
2026-07-25 10:00:00,ICICI,NETBANKING,15,2,711.2953333333334,0.2,0.13333333333333333,1,0.026155396050021262
2026-07-25 10:00:00,ICICI,UPI,98,5,905.3387755102041,0.01020408163265306,0.05102040816326531,1,0.18527005403000463
2026-07-25 10:00:00,KOTAK,CARD,25,1,1160.2532,0.0,0.04,1,0.18222819255237027
2026-07-25 10:00:00,KOTAK,NETBANKING,6,0,1119.4366666666667,0.0,0.0,1,0.15938372645342996
2026-07-25 10:00:00,KOTAK,UPI,46,2,930.5452173913044,0.021739130434782608,0.043478260869565216,1,0.2103154094239879
2026-07-25 10:00:00,SBI,CARD,50,2,1148.8614,0.0,0.04,1,0.16347139500914443
2026-07-25 10:00:00,SBI,NETBANKING,19,1,667.6631578947369,0.10526315789473684,0.05263157894736842,1,0.08986649669584201
2026-07-25 10:00:00,SBI,UPI,105,2,932.8977142857142,0.01904761904761905,0.01904761904761905,1,0.14838075112190807
2026-07-25 11:00:00,AXIS,CARD,27,1,585.294074074074,0.0,0.037037037037037035,1,0.11353584488088647
2026-07-25 11:00:00,AXIS,NETBANKING,16,1,852.0225,0.0625,0.0625,1,0.1810406476287812
2026-07-25 11:00:00,AXIS,UPI,72,1,880.3638888888888,0.013888888888888888,0.013888888888888888,1,0.1584988924352584
2026-07-25 11:00:00,HDFC,CARD,44,2,859.6520454545455,0.045454545454545456,0.045454545454545456,1,0.19450830729123347
2026-07-25 11:00:00,HDFC,NETBANKING,22,0,657.9327272727273,0.0,0.0,1,0.15360210127883028
2026-07-25 11:00:00,HDFC,UPI,107,6,969.7040186915888,0.018691588785046728,0.056074766355140186,1,0.1683672739309472
2026-07-25 11:00:00,ICICI,CARD,34,2,670.8044117647058,0.029411764705882353,0.058823529411764705,1,0.1449299550446821
2026-07-25 11:00:00,ICICI,NETBANKING,12,1,729.2516666666667,0.0,0.08333333333333333,1,0.18985094779783385
2026-07-25 11:00:00,ICICI,UPI,89,5,929.0937078651685,0.0449438202247191,0.056179775280898875,1,0.18863180397937673
2026-07-25 11:00:00,KOTAK,CARD,18,2,644.1627777777778,0.0,0.1111111111111111,1,0.14570228466701934
2026-07-25 11:00:00,KOTAK,NETBANKING,8,0,807.3275000000001,0.0,0.0,1,0.19549807616630022
2026-07-25 11:00:00,KOTAK,UPI,58,2,1060.1579310344828,0.034482758620689655,0.034482758620689655,1,0.1597449368586244
2026-07-25 11:00:00,SBI,CARD,45,3,923.5464444444443,0.022222222222222223,0.06666666666666667,1,0.2135182428767644
2026-07-25 11:00:00,SBI,NETBANKING,20,1,1059.7795,0.05,0.05,1,0.17044796931111345
2026-07-25 11:00:00,SBI,UPI,123,5,974.3274796747968,0.032520325203252036,0.04065040650406504,1,0.1116106242005917
2026-07-25 12:00:00,AXIS,CARD,27,0,951.7900000000001,0.0,0.0,1,0.20247458555405634
2026-07-25 12:00:00,AXIS,NETBANKING,12,1,745.0466666666666,0.0,0.08333333333333333,1,0.19466085360845864
2026-07-25 12:00:00,AXIS,UPI,94,3,870.6989361702127,0.02127659574468085,0.031914893617021274,1,0.17227744021232405
2026-07-25 12:00:00,HDFC,CARD,31,2,837.8064516129032,0.0967741935483871,0.06451612903225806,1,0.14232648761992128
2026-07-25 12:00:00,HDFC,NETBANKING,16,0,945.9668750000001,0.0,0.0,1,0.21702362592348273
2026-07-25 12:00:00,HDFC,UPI,102,7,837.8082352941177,0.049019607843137254,0.06862745098039216,1,0.1566394008807228
2026-07-25 12:00:00,ICICI,CARD,53,1,746.0298113207548,0.018867924528301886,0.018867924528301886,1,0.14197475524092212
2026-07-25 12:00:00,ICICI,NETBANKING,11,1,881.6845454545455,0.0,0.09090909090909091,1,0.2043312623538171
2026-07-25 12:00:00,ICICI,UPI,107,5,1004.2840186915888,0.009345794392523364,0.04672897196261682,1,0.15652894514474397
2026-07-25 12:00:00,KOTAK,CARD,23,2,648.3000000000001,0.0,0.08695652173913043,1,0.16141383670757242
2026-07-25 12:00:00,KOTAK,NETBANKING,11,0,1118.3945454545456,0.0,0.0,1,0.19186001119736018
2026-07-25 12:00:00,KOTAK,UPI,56,1,859.9728571428572,0.03571428571428571,0.017857142857142856,1,0.16812940510216495
2026-07-25 12:00:00,SBI,CARD,50,0,964.6006,0.0,0.0,1,0.17053601828576725
2026-07-25 12:00:00,SBI,NETBANKING,13,2,968.1323076923078,0.0,0.15384615384615385,1,0.1316837703334015
2026-07-25 12:00:00,SBI,UPI,112,7,881.8776785714286,0.0625,0.0625,1,0.13759579304001274
2026-07-25 13:00:00,AXIS,CARD,26,2,948.8930769230769,0.038461538461538464,0.07692307692307693,1,0.20463297949930492
2026-07-25 13:00:00,AXIS,NETBANKING,14,0,1696.6542857142856,0.0,0.0,1,0.027797352050647928
2026-07-25 13:00:00,AXIS,UPI,85,4,898.1344705882352,0.023529411764705882,0.047058823529411764,1,0.18955204118377322
2026-07-25 13:00:00,HDFC,CARD,39,2,655.5994871794873,0.02564102564102564,0.05128205128205128,1,0.14032906608993895
2026-07-25 13:00:00,HDFC,NETBANKING,20,3,1482.0674999999999,0.1,0.15,-1,-0.02265855484560908
2026-07-25 13:00:00,HDFC,UPI,101,4,842.1758415841583,0.0297029702970297,0.039603960396039604,1,0.17145753868147312
2026-07-25 13:00:00,ICICI,CARD,39,4,907.1741025641026,0.05128205128205128,0.10256410256410256,1,0.19698653203039707
2026-07-25 13:00:00,ICICI,NETBANKING,20,3,946.7289999999999,0.05,0.15,1,0.1400931992329546
2026-07-25 13:00:00,ICICI,UPI,117,6,911.9439316239317,0.008547008547008548,0.05128205128205128,1,0.14550134455109265
2026-07-25 13:00:00,KOTAK,CARD,19,1,1532.8984210526316,0.10526315789473684,0.05263157894736842,-1,-0.007633473985949268
2026-07-25 13:00:00,KOTAK,NETBANKING,14,1,1095.4171428571428,0.0,0.07142857142857142,1,0.2021418018197912
2026-07-25 13:00:00,KOTAK,UPI,56,4,931.3194642857143,0.10714285714285714,0.07142857142857142,1,0.11384104413872304
2026-07-25 13:00:00,SBI,CARD,47,5,779.7591489361702,0.0851063829787234,0.10638297872340426,1,0.13809643148661394
2026-07-25 13:00:00,SBI,NETBANKING,18,0,695.1533333333333,0.0,0.0,1,0.17902170502273984
2026-07-25 13:00:00,SBI,UPI,108,4,874.84,0.027777777777777776,0.037037037037037035,1,0.1572259407058358
2026-07-25 14:00:00,AXIS,CARD,38,1,1191.1126315789472,0.0,0.02631578947368421,1,0.1755193685858636
2026-07-25 14:00:00,AXIS,NETBANKING,13,0,1025.4353846153847,0.0,0.0,1,0.20902927139386412
2026-07-25 14:00:00,AXIS,UPI,88,3,902.9411363636362,0.0,0.03409090909090909,1,0.17795577842577298
2026-07-25 14:00:00,HDFC,CARD,47,6,865.7625531914892,0.0425531914893617,0.1276595744680851,1,0.16725873311504036
2026-07-25 14:00:00,HDFC,NETBANKING,12,0,955.2483333333333,0.0,0.0,1,0.21592520465531762
2026-07-25 14:00:00,HDFC,UPI,112,5,987.046875,0.03571428571428571,0.044642857142857144,1,0.14731633593456345
2026-07-25 14:00:00,ICICI,CARD,37,4,1221.5813513513515,0.08108108108108109,0.10810810810810811,1,0.10115563242652292
2026-07-25 14:00:00,ICICI,NETBANKING,17,0,726.8558823529411,0.0,0.0,1,0.1890992107051963
2026-07-25 14:00:00,ICICI,UPI,103,5,864.8008737864078,0.04854368932038835,0.04854368932038835,1,0.16001447657978674
2026-07-25 14:00:00,KOTAK,CARD,20,0,745.4995,0.0,0.0,1,0.18773471001160802
2026-07-25 14:00:00,KOTAK,NETBANKING,9,2,829.7288888888888,0.1111111111111111,0.2222222222222222,1,0.02391274712339586
2026-07-25 14:00:00,KOTAK,UPI,67,4,867.4722388059702,0.04477611940298507,0.05970149253731343,1,0.18770284844487772
2026-07-25 14:00:00,SBI,CARD,47,1,1185.928085106383,0.0425531914893617,0.02127659574468085,1,0.12338969722204052
2026-07-25 14:00:00,SBI,NETBANKING,17,1,1005.7829411764707,0.058823529411764705,0.058823529411764705,1,0.18475824702444876
2026-07-25 14:00:00,SBI,UPI,107,7,902.2620560747663,0.028037383177570093,0.06542056074766354,1,0.1824631542195092
2026-07-25 15:00:00,AXIS,CARD,30,2,996.181,0.0,0.06666666666666667,1,0.22351972224074185
2026-07-25 15:00:00,AXIS,NETBANKING,10,0,687.9739999999999,0.0,0.0,1,0.17951906663794037
2026-07-25 15:00:00,AXIS,UPI,84,2,927.2538095238097,0.011904761904761904,0.023809523809523808,1,0.17435133730305208
2026-07-25 15:00:00,HDFC,CARD,44,2,985.3718181818182,0.0,0.045454545454545456,1,0.21654481437249357
2026-07-25 15:00:00,HDFC,NETBANKING,23,0,1392.3230434782608,0.0,0.0,1,0.10116895426873573
2026-07-25 15:00:00,HDFC,UPI,89,7,862.6034831460674,0.06741573033707865,0.07865168539325842,1,0.1530312202430697
2026-07-25 15:00:00,ICICI,CARD,34,2,852.9441176470588,0.029411764705882353,0.058823529411764705,1,0.21153342177407275
2026-07-25 15:00:00,ICICI,NETBANKING,19,0,754.7784210526316,0.0,0.0,1,0.19299625748132215
2026-07-25 15:00:00,ICICI,UPI,124,6,817.712258064516,0.04838709677419355,0.04838709677419355,1,0.07304513742833496
2026-07-25 15:00:00,KOTAK,CARD,13,0,1022.876923076923,0.0,0.0,1,0.2101461495397962
2026-07-25 15:00:00,KOTAK,NETBANKING,7,0,537.4671428571429,0.0,0.0,1,0.09486508630852086
2026-07-25 15:00:00,KOTAK,UPI,45,3,816.8475555555556,0.0,0.06666666666666667,1,0.2027624352215992
2026-07-25 15:00:00,SBI,CARD,42,5,860.1864285714286,0.047619047619047616,0.11904761904761904,1,0.17003248562024714
2026-07-25 15:00:00,SBI,NETBANKING,17,0,992.6805882352941,0.0,0.0,1,0.21236066087806343
2026-07-25 15:00:00,SBI,UPI,98,2,901.0392857142858,0.0,0.02040816326530612,1,0.15272108387722355
2026-07-25 16:00:00,AXIS,CARD,31,2,709.6909677419354,0.03225806451612903,0.06451612903225806,1,0.16707261669418172
2026-07-25 16:00:00,AXIS,NETBANKING,16,0,876.928125,0.0,0.0,1,0.2143957728547884
2026-07-25 16:00:00,AXIS,UPI,81,5,863.9122222222222,0.024691358024691357,0.06172839506172839,1,0.18724246613796336
2026-07-25 16:00:00,HDFC,CARD,44,1,797.9888636363637,0.022727272727272728,0.022727272727272728,1,0.17999863438871117
2026-07-25 16:00:00,HDFC,NETBANKING,15,1,652.0546666666667,0.06666666666666667,0.06666666666666667,1,0.12821454491983136
2026-07-25 16:00:00,HDFC,UPI,121,11,930.4774380165289,0.06611570247933884,0.09090909090909091,1,0.081270137825735
2026-07-25 16:00:00,ICICI,CARD,40,0,862.0055,0.0,0.0,1,0.18836350094772986
2026-07-25 16:00:00,ICICI,NETBANKING,10,0,991.582,0.0,0.0,1,0.20986419765985426
2026-07-25 16:00:00,ICICI,UPI,89,4,793.7161797752809,0.0,0.0449438202247191,1,0.1536291269974429
2026-07-25 16:00:00,KOTAK,CARD,26,2,1157.9857692307692,0.038461538461538464,0.07692307692307693,1,0.16782487816356645
2026-07-25 16:00:00,KOTAK,NETBANKING,8,1,953.9275,0.0,0.125,1,0.15420224197884508
2026-07-25 16:00:00,KOTAK,UPI,51,2,954.1929411764705,0.0392156862745098,0.0392156862745098,1,0.2024522759437134
2026-07-25 16:00:00,SBI,CARD,40,0,884.8545,0.0,0.0,1,0.18887081150130347
2026-07-25 16:00:00,SBI,NETBANKING,15,2,718.4953333333334,0.06666666666666667,0.13333333333333333,1,0.12565201711404322
2026-07-25 16:00:00,SBI,UPI,119,8,966.0444537815125,0.05042016806722689,0.06722689075630252,1,0.11323901944970671
2026-07-25 17:00:00,AXIS,CARD,29,0,913.6875862068965,0.0,0.0,1,0.20275867677132747
2026-07-25 17:00:00,AXIS,NETBANKING,14,0,1272.45,0.0,0.0,1,0.15615327037495785
2026-07-25 17:00:00,AXIS,UPI,88,6,997.289090909091,0.011363636363636364,0.06818181818181818,1,0.18382740427692806
2026-07-25 17:00:00,HDFC,CARD,42,2,774.0076190476191,0.0,0.047619047619047616,1,0.2041089468364889
2026-07-25 17:00:00,HDFC,NETBANKING,16,2,920.120625,0.1875,0.125,1,0.04050166475861339
2026-07-25 17:00:00,HDFC,UPI,99,7,972.6003030303029,0.04040404040404041,0.0707070707070707,1,0.18016409424664143
2026-07-25 17:00:00,ICICI,CARD,27,3,1026.131111111111,0.1111111111111111,0.1111111111111111,1,0.1176069598889034
2026-07-25 17:00:00,ICICI,NETBANKING,10,0,862.9709999999999,0.0,0.0,1,0.21079078535498652
2026-07-25 17:00:00,ICICI,UPI,100,2,803.6356,0.0,0.02,1,0.13076990333128624
2026-07-25 17:00:00,KOTAK,CARD,20,0,824.9264999999999,0.0,0.0,1,0.20523876575057987
2026-07-25 17:00:00,KOTAK,NETBANKING,7,1,479.5942857142857,0.0,0.14285714285714285,1,0.03880398274570762
2026-07-25 17:00:00,KOTAK,UPI,49,1,1014.136530612245,0.04081632653061224,0.02040816326530612,1,0.17270271083306915
2026-07-25 17:00:00,SBI,CARD,51,6,950.5147058823529,0.0784313725490196,0.11764705882352941,1,0.13697213737521802
2026-07-25 17:00:00,SBI,NETBANKING,15,2,887.2846666666667,0.06666666666666667,0.13333333333333333,1,0.14944135095269973
2026-07-25 17:00:00,SBI,UPI,105,9,1030.5493333333334,0.02857142857142857,0.08571428571428572,1,0.14191497957463856
2026-07-25 18:00:00,AXIS,CARD,36,0,1084.7366666666667,0.0,0.0,1,0.17417666384043562
2026-07-25 18:00:00,AXIS,NETBANKING,12,2,926.3758333333334,0.16666666666666666,0.16666666666666666,1,0.04068614490409117
2026-07-25 18:00:00,AXIS,UPI,77,5,899.0754545454545,0.03896103896103896,0.06493506493506493,1,0.1952985417539677
2026-07-25 18:00:00,HDFC,CARD,48,2,757.6960416666666,0.0625,0.041666666666666664,1,0.1567073842890656
2026-07-25 18:00:00,HDFC,NETBANKING,14,2,1063.1299999999999,0.14285714285714285,0.14285714285714285,1,0.06417441002436697
2026-07-25 18:00:00,HDFC,UPI,104,5,917.1417307692308,0.04807692307692308,0.04807692307692308,1,0.16299552626230185
2026-07-25 18:00:00,ICICI,CARD,35,4,749.1688571428572,0.08571428571428572,0.11428571428571428,1,0.11941936768249217
2026-07-25 18:00:00,ICICI,NETBANKING,22,3,761.8068181818181,0.045454545454545456,0.13636363636363635,1,0.12864397332249888
2026-07-25 18:00:00,ICICI,UPI,113,8,846.8659292035398,0.05309734513274336,0.07079646017699115,1,0.14235954080856394
2026-07-25 18:00:00,KOTAK,CARD,18,0,938.9455555555555,0.0,0.0,1,0.21368218920327614
2026-07-25 18:00:00,KOTAK,NETBANKING,13,0,1197.376923076923,0.0,0.0,1,0.18230139044570587
2026-07-25 18:00:00,KOTAK,UPI,57,4,883.2803508771931,0.0,0.07017543859649122,1,0.1908619531071274
2026-07-25 18:00:00,SBI,CARD,38,2,1091.1413157894738,0.05263157894736842,0.05263157894736842,1,0.1796348819760123
2026-07-25 18:00:00,SBI,NETBANKING,18,2,895.7083333333334,0.1111111111111111,0.1111111111111111,1,0.13409327655527992
2026-07-25 18:00:00,SBI,UPI,108,15,952.3683333333333,0.05555555555555555,0.1388888888888889,1,0.08593571912674536
2026-07-25 19:00:00,AXIS,CARD,25,1,811.28,0.0,0.04,1,0.2130884129766068
2026-07-25 19:00:00,AXIS,NETBANKING,9,0,965.2099999999999,0.0,0.0,1,0.20354380483997075
2026-07-25 19:00:00,AXIS,UPI,88,5,941.7170454545455,0.045454545454545456,0.056818181818181816,1,0.1877161749828447
2026-07-25 19:00:00,HDFC,CARD,40,3,797.77925,0.1,0.075,1,0.13223235661754862
2026-07-25 19:00:00,HDFC,NETBANKING,22,3,877.1159090909091,0.0,0.13636363636363635,1,0.15434023782368017
2026-07-25 19:00:00,HDFC,UPI,112,4,1036.5733928571428,0.017857142857142856,0.03571428571428571,1,0.12520131643688198
2026-07-25 19:00:00,ICICI,CARD,43,2,868.687441860465,0.046511627906976744,0.046511627906976744,1,0.1933446983082316
2026-07-25 19:00:00,ICICI,NETBANKING,10,1,890.4400000000002,0.2,0.1,1,0.037237310542209356
2026-07-25 19:00:00,ICICI,UPI,87,10,992.4937931034483,0.05747126436781609,0.11494252873563218,1,0.12657316497497156
2026-07-25 19:00:00,KOTAK,CARD,18,0,987.3022222222221,0.0,0.0,1,0.21009092762440756
2026-07-25 19:00:00,KOTAK,NETBANKING,10,2,1337.673,0.2,0.2,-1,-0.05992493363658369
2026-07-25 19:00:00,KOTAK,UPI,40,2,878.7147499999999,0.0,0.05,1,0.21970770406096735
2026-07-25 19:00:00,SBI,CARD,49,4,958.4932653061225,0.0,0.08163265306122448,1,0.19398128504295037
2026-07-25 19:00:00,SBI,NETBANKING,8,0,750.47125,0.0,0.0,1,0.18388242775332442
2026-07-25 19:00:00,SBI,UPI,112,10,843.6420535714286,0.044642857142857144,0.08928571428571429,1,0.1281237015377723
2026-07-25 20:00:00,AXIS,CARD,27,0,1031.717037037037,0.0,0.0,1,0.18983255998279952
2026-07-25 20:00:00,AXIS,NETBANKING,19,0,1210.4173684210527,0.0,0.0,1,0.17167319561070504
2026-07-25 20:00:00,AXIS,UPI,94,5,772.61,0.0,0.05319148936170213,1,0.13577338398141703
2026-07-25 20:00:00,HDFC,CARD,49,2,1028.9332653061226,0.02040816326530612,0.04081632653061224,1,0.19793870984492828
2026-07-25 20:00:00,HDFC,NETBANKING,14,0,758.9478571428572,0.0,0.0,1,0.20132107323975357
2026-07-25 20:00:00,HDFC,UPI,110,9,1017.6155454545456,0.02727272727272727,0.08181818181818182,1,0.14323369000908548
2026-07-25 20:00:00,ICICI,CARD,35,3,1219.789142857143,0.0,0.08571428571428572,1,0.1654962543167573
2026-07-25 20:00:00,ICICI,NETBANKING,16,4,1158.993125,0.0625,0.25,1,0.005918663096218246
2026-07-25 20:00:00,ICICI,UPI,100,11,881.1091,0.05,0.11,1,0.13342323178335042
2026-07-25 20:00:00,KOTAK,CARD,28,0,1136.1264285714285,0.0,0.0,1,0.17156614642930457
2026-07-25 20:00:00,KOTAK,NETBANKING,7,1,1038.1085714285714,0.0,0.14285714285714285,1,0.11130030988732581
2026-07-25 20:00:00,KOTAK,UPI,53,1,877.0462264150943,0.0,0.018867924528301886,1,0.19039063023052383
2026-07-25 20:00:00,SBI,CARD,36,1,821.5283333333333,0.0,0.027777777777777776,1,0.2120348339930021
2026-07-25 20:00:00,SBI,NETBANKING,13,0,1014.8061538461538,0.0,0.0,1,0.20885296635121187
2026-07-25 20:00:00,SBI,UPI,113,7,1107.5209734513273,0.02654867256637168,0.061946902654867256,1,0.11300112908759224
2026-07-25 21:00:00,AXIS,CARD,29,1,774.078275862069,0.0,0.034482758620689655,1,0.20286038873129858
2026-07-25 21:00:00,AXIS,NETBANKING,12,0,588.67,0.0,0.0,1,0.1385355054360809
2026-07-25 21:00:00,AXIS,UPI,72,9,821.2270833333333,0.09722222222222222,0.125,1,0.08267097263428336
2026-07-25 21:00:00,HDFC,CARD,36,1,695.3952777777778,0.0,0.027777777777777776,1,0.16653737332180907
2026-07-25 21:00:00,HDFC,NETBANKING,19,1,579.4842105263158,0.0,0.05263157894736842,1,0.1403434811050721
2026-07-25 21:00:00,HDFC,UPI,112,10,877.0057142857142,0.0625,0.08928571428571429,1,0.12153765369700115
2026-07-25 21:00:00,ICICI,CARD,38,4,982.7605263157895,0.05263157894736842,0.10526315789473684,1,0.18494003728611108
2026-07-25 21:00:00,ICICI,NETBANKING,14,1,1783.6399999999999,0.07142857142857142,0.07142857142857142,-1,-0.008051516632513911
2026-07-25 21:00:00,ICICI,UPI,105,6,896.6770476190476,0.009523809523809525,0.05714285714285714,1,0.17605312575676008
2026-07-25 21:00:00,KOTAK,CARD,29,2,764.411724137931,0.034482758620689655,0.06896551724137931,1,0.18191387973141482
2026-07-25 21:00:00,KOTAK,NETBANKING,14,4,1430.7021428571427,0.14285714285714285,0.2857142857142857,-1,-0.09143717089899062
2026-07-25 21:00:00,KOTAK,UPI,55,3,1074.729090909091,0.03636363636363636,0.05454545454545454,1,0.17980295370230542
2026-07-25 21:00:00,SBI,CARD,41,0,756.8929268292683,0.0,0.0,1,0.16562727123579313
2026-07-25 21:00:00,SBI,NETBANKING,16,2,1136.650625,0.125,0.125,1,0.07087874648725401
2026-07-25 21:00:00,SBI,UPI,112,7,831.4188392857143,0.05357142857142857,0.0625,1,0.13277823375246067
2026-07-25 22:00:00,AXIS,CARD,24,2,1123.3675,0.041666666666666664,0.08333333333333333,1,0.17023799852649008
2026-07-25 22:00:00,AXIS,NETBANKING,7,0,626.1957142857143,0.0,0.0,1,0.13415432904325642
2026-07-25 22:00:00,AXIS,UPI,70,2,1084.729,0.014285714285714285,0.02857142857142857,1,0.14525395358833887
2026-07-25 22:00:00,HDFC,CARD,44,6,744.6147727272727,0.06818181818181818,0.13636363636363635,1,0.10899328066566472
2026-07-25 22:00:00,HDFC,NETBANKING,24,3,850.47625,0.041666666666666664,0.125,1,0.16585478145133414
2026-07-25 22:00:00,HDFC,UPI,95,5,767.0550526315789,0.05263157894736842,0.05263157894736842,1,0.1296712489318786
2026-07-25 22:00:00,ICICI,CARD,42,1,873.6190476190476,0.0,0.023809523809523808,1,0.2104217111964674
2026-07-25 22:00:00,ICICI,NETBANKING,17,1,626.7688235294117,0.11764705882352941,0.058823529411764705,1,0.08302366246140991
2026-07-25 22:00:00,ICICI,UPI,84,6,882.882142857143,0.011904761904761904,0.07142857142857142,1,0.18451098983122916
2026-07-25 22:00:00,KOTAK,CARD,22,3,716.2181818181817,0.045454545454545456,0.13636363636363635,1,0.11836047145757139
2026-07-25 22:00:00,KOTAK,NETBANKING,8,1,956.5699999999999,0.125,0.125,1,0.08610051338950864
2026-07-25 22:00:00,KOTAK,UPI,61,6,909.9813114754098,0.04918032786885246,0.09836065573770492,1,0.17342275859504236
2026-07-25 22:00:00,SBI,CARD,35,3,711.7585714285714,0.05714285714285714,0.08571428571428572,1,0.15960253053678336
2026-07-25 22:00:00,SBI,NETBANKING,19,0,837.8247368421053,0.0,0.0,1,0.20559957847058474
2026-07-25 22:00:00,SBI,UPI,110,5,849.0515454545455,0.01818181818181818,0.045454545454545456,1,0.16253307453349242
2026-07-25 23:00:00,AXIS,CARD,29,2,697.1544827586207,0.034482758620689655,0.06896551724137931,1,0.16118165134236045
2026-07-25 23:00:00,AXIS,NETBANKING,12,0,707.505,0.0,0.0,1,0.19209367645754083
2026-07-25 23:00:00,AXIS,UPI,71,3,975.4669014084507,0.028169014084507043,0.04225352112676056,1,0.19225423546408615
2026-07-25 23:00:00,HDFC,CARD,33,0,1035.529393939394,0.0,0.0,1,0.18659853255838776
2026-07-25 23:00:00,HDFC,NETBANKING,12,2,644.1391666666667,0.16666666666666666,0.16666666666666666,1,0.01502075622316179
2026-07-25 23:00:00,HDFC,UPI,117,8,958.600170940171,0.042735042735042736,0.06837606837606838,1,0.13100784304938023
2026-07-25 23:00:00,ICICI,CARD,45,2,766.5362222222221,0.022222222222222223,0.044444444444444446,1,0.19115475968299483
2026-07-25 23:00:00,ICICI,NETBANKING,17,1,1038.479411764706,0.0,0.058823529411764705,1,0.21662955369118952
2026-07-25 23:00:00,ICICI,UPI,106,6,853.4860377358491,0.018867924528301886,0.05660377358490566,1,0.17975454475959945
2026-07-25 23:00:00,KOTAK,CARD,19,2,626.2105263157895,0.0,0.10526315789473684,1,0.137802171806734
2026-07-25 23:00:00,KOTAK,NETBANKING,8,0,718.83875,0.0,0.0,1,0.17463063240469512
2026-07-25 23:00:00,KOTAK,UPI,65,5,821.0333846153845,0.015384615384615385,0.07692307692307693,1,0.17735542772250612
2026-07-25 23:00:00,SBI,CARD,62,3,819.2479032258065,0.03225806451612903,0.04838709677419355,1,0.18146369336882845
2026-07-25 23:00:00,SBI,NETBANKING,18,1,1097.0538888888889,0.05555555555555555,0.05555555555555555,1,0.17352499046907044
2026-07-25 23:00:00,SBI,UPI,133,9,872.9174436090226,0.03759398496240601,0.06766917293233082,1,0.08942581555760065
2026-07-26 00:00:00,AXIS,CARD,39,1,683.9017948717948,0.02564102564102564,0.02564102564102564,1,0.14041234922377555
2026-07-26 00:00:00,AXIS,NETBANKING,18,3,781.6216666666667,0.0,0.16666666666666666,1,0.11102376043383388
2026-07-26 00:00:00,AXIS,UPI,93,8,905.0074193548387,0.03225806451612903,0.08602150537634409,1,0.17362448406748826
2026-07-26 00:00:00,HDFC,CARD,41,4,918.3346341463415,0.04878048780487805,0.0975609756097561,1,0.20368503454403403
2026-07-26 00:00:00,HDFC,NETBANKING,14,1,1205.7335714285714,0.0,0.07142857142857142,1,0.18235878133478517
2026-07-26 00:00:00,HDFC,UPI,100,10,827.8131,0.04,0.1,1,0.13962366388670272
2026-07-26 00:00:00,ICICI,CARD,36,1,1020.9922222222223,0.0,0.027777777777777776,1,0.21078489918652654
2026-07-26 00:00:00,ICICI,NETBANKING,14,0,915.3364285714285,0.0,0.0,1,0.21740636748902836
2026-07-26 00:00:00,ICICI,UPI,97,5,805.1641237113402,0.020618556701030927,0.05154639175257732,1,0.17412339741452515
2026-07-26 00:00:00,KOTAK,CARD,28,2,949.8867857142858,0.07142857142857142,0.07142857142857142,1,0.17390126040514087
2026-07-26 00:00:00,KOTAK,NETBANKING,12,1,819.8183333333333,0.08333333333333333,0.08333333333333333,1,0.139503951218868
2026-07-26 00:00:00,KOTAK,UPI,52,1,1049.5128846153846,0.019230769230769232,0.019230769230769232,1,0.1613891473036736
2026-07-26 00:00:00,SBI,CARD,39,2,995.7728205128205,0.05128205128205128,0.05128205128205128,1,0.20053632501295515
2026-07-26 00:00:00,SBI,NETBANKING,15,1,594.7873333333333,0.0,0.06666666666666667,1,0.15643320816134937
2026-07-26 00:00:00,SBI,UPI,123,6,990.4924390243901,0.016260162601626018,0.04878048780487805,1,0.12064055369459231
2026-07-26 01:00:00,AXIS,CARD,28,2,982.1035714285715,0.07142857142857142,0.07142857142857142,1,0.17179107917886965
2026-07-26 01:00:00,AXIS,NETBANKING,9,1,894.4366666666666,0.0,0.1111111111111111,1,0.17481961680107105
2026-07-26 01:00:00,AXIS,UPI,72,9,945.7475000000001,0.09722222222222222,0.125,1,0.09490028680934204
2026-07-26 01:00:00,HDFC,CARD,49,2,854.8904081632653,0.0,0.04081632653061224,1,0.21105446287743523
2026-07-26 01:00:00,HDFC,NETBANKING,18,0,776.7305555555555,0.0,0.0,1,0.20039272601918678
2026-07-26 01:00:00,HDFC,UPI,98,6,893.2251020408163,0.030612244897959183,0.061224489795918366,1,0.1959924895812149
2026-07-26 01:00:00,ICICI,CARD,27,0,706.9577777777778,0.0,0.0,1,0.16868940829246992
2026-07-26 01:00:00,ICICI,NETBANKING,17,0,1012.0376470588235,0.0,0.0,1,0.20645325367467854
2026-07-26 01:00:00,ICICI,UPI,83,7,946.2346987951806,0.060240963855421686,0.08433734939759036,1,0.16766161780619343
2026-07-26 01:00:00,KOTAK,CARD,20,3,977.04,0.1,0.15,1,0.10823638809159708
2026-07-26 01:00:00,KOTAK,NETBANKING,14,1,637.3957142857142,0.14285714285714285,0.07142857142857142,1,0.0616493228034839
2026-07-26 01:00:00,KOTAK,UPI,56,5,865.1498214285714,0.08928571428571429,0.08928571428571429,1,0.12439456393330378
2026-07-26 01:00:00,SBI,CARD,40,1,1117.72525,0.0,0.025,1,0.18253716860024888
2026-07-26 01:00:00,SBI,NETBANKING,16,0,873.868125,0.0,0.0,1,0.2138831602363397
2026-07-26 01:00:00,SBI,UPI,123,12,880.059837398374,0.04065040650406504,0.0975609756097561,1,0.091649172054306
2026-07-26 02:00:00,AXIS,CARD,32,2,611.860625,0.0,0.0625,1,0.13655338794570532
2026-07-26 02:00:00,AXIS,NETBANKING,8,1,1162.39875,0.0,0.125,1,0.1147954148901062
2026-07-26 02:00:00,AXIS,UPI,93,8,935.3143010752688,0.0,0.08602150537634409,1,0.15569008866831252
2026-07-26 02:00:00,HDFC,CARD,48,3,858.8737500000001,0.020833333333333332,0.0625,1,0.21144999133433973
2026-07-26 02:00:00,HDFC,NETBANKING,17,1,977.5329411764707,0.0,0.058823529411764705,1,0.22407260154574554
2026-07-26 02:00:00,HDFC,UPI,118,7,855.3297457627119,0.025423728813559324,0.059322033898305086,1,0.14986759485985152
2026-07-26 02:00:00,ICICI,CARD,35,1,935.2,0.02857142857142857,0.02857142857142857,1,0.19377323046221318
2026-07-26 02:00:00,ICICI,NETBANKING,8,1,672.85625,0.125,0.125,1,0.052536756957288544
2026-07-26 02:00:00,ICICI,UPI,93,6,880.1960215053763,0.021505376344086023,0.06451612903225806,1,0.18760620632162317
2026-07-26 02:00:00,KOTAK,CARD,15,0,899.4593333333333,0.0,0.0,1,0.2198170931179393
2026-07-26 02:00:00,KOTAK,NETBANKING,6,0,1148.6866666666667,0.0,0.0,1,0.15265785396099102
2026-07-26 02:00:00,KOTAK,UPI,40,1,814.4235,0.0,0.025,1,0.2082343647894212
2026-07-26 02:00:00,SBI,CARD,36,2,861.6788888888889,0.0,0.05555555555555555,1,0.22382286887424718
2026-07-26 02:00:00,SBI,NETBANKING,14,1,505.32071428571425,0.0,0.07142857142857142,1,0.11697057570511893
2026-07-26 02:00:00,SBI,UPI,118,10,811.6104237288135,0.0423728813559322,0.0847457627118644,1,0.10829865778822084
2026-07-26 03:00:00,AXIS,CARD,32,1,838.0175,0.0,0.03125,1,0.21203455657821996
2026-07-26 03:00:00,AXIS,NETBANKING,15,0,618.9493333333334,0.0,0.0,1,0.15587768263389123
2026-07-26 03:00:00,AXIS,UPI,72,5,995.2886111111111,0.05555555555555555,0.06944444444444445,1,0.17558934532766063
2026-07-26 03:00:00,HDFC,CARD,53,2,954.3345283018868,0.018867924528301886,0.03773584905660377,1,0.19951113007580712
2026-07-26 03:00:00,HDFC,NETBANKING,19,2,635.3126315789474,0.05263157894736842,0.10526315789473684,1,0.12987184943233288
2026-07-26 03:00:00,HDFC,UPI,108,7,842.2537962962963,0.018518518518518517,0.06481481481481481,1,0.16269487721464776
2026-07-26 03:00:00,ICICI,CARD,32,0,1016.448125,0.0,0.0,1,0.19056934343724768
2026-07-26 03:00:00,ICICI,NETBANKING,11,1,1001.4827272727272,0.09090909090909091,0.09090909090909091,1,0.12730932181086113
2026-07-26 03:00:00,ICICI,UPI,101,5,773.260693069307,0.0,0.04950495049504951,1,0.12817998853280038
2026-07-26 03:00:00,KOTAK,CARD,24,0,957.0141666666667,0.0,0.0,1,0.20640940159068327
2026-07-26 03:00:00,KOTAK,NETBANKING,8,0,1228.29,0.0,0.0,1,0.15285777230093844
2026-07-26 03:00:00,KOTAK,UPI,50,3,686.8947999999999,0.04,0.06,1,0.15225284562598873
2026-07-26 03:00:00,SBI,CARD,38,4,939.9328947368421,0.02631578947368421,0.10526315789473684,1,0.1874708250845034
2026-07-26 03:00:00,SBI,NETBANKING,9,0,797.798888888889,0.0,0.0,1,0.19965360458843096
2026-07-26 03:00:00,SBI,UPI,123,5,890.0791056910568,0.024390243902439025,0.04065040650406504,1,0.1183587524983904
2026-07-26 04:00:00,AXIS,CARD,29,2,1040.366896551724,0.06896551724137931,0.06896551724137931,1,0.17136550265342548
2026-07-26 04:00:00,AXIS,NETBANKING,14,2,922.6378571428571,0.0,0.14285714285714285,1,0.15397013439650886
2026-07-26 04:00:00,AXIS,UPI,60,1,857.987,0.03333333333333333,0.016666666666666666,1,0.1587043690659899
2026-07-26 04:00:00,HDFC,CARD,59,7,840.0996610169491,0.06779661016949153,0.11864406779661017,1,0.12640096440992998
2026-07-26 04:00:00,HDFC,NETBANKING,17,1,917.3576470588235,0.0,0.058823529411764705,1,0.22751157105738995
2026-07-26 04:00:00,HDFC,UPI,123,8,912.4737398373984,0.008130081300813009,0.06504065040650407,1,0.12082963351536552
2026-07-26 04:00:00,ICICI,CARD,23,0,889.7234782608696,0.0,0.0,1,0.20648396151524595
2026-07-26 04:00:00,ICICI,NETBANKING,9,3,854.8988888888889,0.3333333333333333,0.3333333333333333,-1,-0.1082725803280623
2026-07-26 04:00:00,ICICI,UPI,80,7,894.047875,0.0875,0.0875,1,0.12067415032177442
2026-07-26 04:00:00,KOTAK,CARD,19,1,726.7321052631579,0.05263157894736842,0.05263157894736842,1,0.16326138512036514
2026-07-26 04:00:00,KOTAK,NETBANKING,11,0,826.7272727272727,0.0,0.0,1,0.21141841330571942
2026-07-26 04:00:00,KOTAK,UPI,53,0,857.272075471698,0.0,0.0,1,0.1655966100960532
2026-07-26 04:00:00,SBI,CARD,37,3,726.1151351351352,0.0,0.08108108108108109,1,0.18144944624767712
2026-07-26 04:00:00,SBI,NETBANKING,16,2,674.415,0.0625,0.125,1,0.1263463889344315
2026-07-26 04:00:00,SBI,UPI,99,4,811.9569696969697,0.050505050505050504,0.04040404040404041,1,0.14909705811698287
2026-07-26 05:00:00,AXIS,CARD,32,2,998.9390625,0.03125,0.0625,1,0.21036630632361097
2026-07-26 05:00:00,AXIS,NETBANKING,14,1,1430.6971428571428,0.0,0.07142857142857142,1,0.09989676589608398
2026-07-26 05:00:00,AXIS,UPI,111,4,840.1172072072071,0.018018018018018018,0.036036036036036036,1,0.14657100864390782
2026-07-26 05:00:00,HDFC,CARD,45,4,905.4088888888889,0.0,0.08888888888888889,1,0.1976256828381227
2026-07-26 05:00:00,HDFC,NETBANKING,18,1,897.3322222222222,0.0,0.05555555555555555,1,0.22950432595971382
2026-07-26 05:00:00,HDFC,UPI,101,2,817.7710891089109,0.009900990099009901,0.019801980198019802,1,0.1460322858159236
2026-07-26 05:00:00,ICICI,CARD,42,0,908.5923809523808,0.0,0.0,1,0.19307588742195803
2026-07-26 05:00:00,ICICI,NETBANKING,10,0,970.1879999999999,0.0,0.0,1,0.2076312614180581
2026-07-26 05:00:00,ICICI,UPI,95,2,1159.947263157895,0.0,0.021052631578947368,1,0.11452236021269052
2026-07-26 05:00:00,KOTAK,CARD,24,1,1030.6120833333334,0.0,0.041666666666666664,1,0.2151814561433923
2026-07-26 05:00:00,KOTAK,NETBANKING,5,1,664.73,0.4,0.2,-1,-0.0983820158143971
2026-07-26 05:00:00,KOTAK,UPI,37,3,992.8956756756756,0.10810810810810811,0.08108108108108109,1,0.13293771157762174
2026-07-26 05:00:00,SBI,CARD,42,3,886.4838095238096,0.11904761904761904,0.07142857142857142,1,0.11993369631199097
2026-07-26 05:00:00,SBI,NETBANKING,17,2,805.0617647058823,0.0,0.11764705882352941,1,0.1738125390904956
2026-07-26 05:00:00,SBI,UPI,127,12,909.8617322834646,0.07874015748031496,0.09448818897637795,1,0.031327852816766644
2026-07-26 06:00:00,AXIS,CARD,19,1,1038.8273684210526,0.05263157894736842,0.05263157894736842,1,0.18301743288257877
2026-07-26 06:00:00,AXIS,NETBANKING,13,1,930.8776923076923,0.15384615384615385,0.07692307692307693,1,0.07993981852945165
2026-07-26 06:00:00,AXIS,UPI,91,10,875.1920879120879,0.07692307692307693,0.10989010989010989,1,0.1060458040039639
2026-07-26 06:00:00,HDFC,CARD,37,1,934.5262162162162,0.0,0.02702702702702703,1,0.21828109126152961
2026-07-26 06:00:00,HDFC,NETBANKING,16,3,914.23875,0.0625,0.1875,1,0.09265345688049342
2026-07-26 06:00:00,HDFC,UPI,107,7,895.9583177570095,0.009345794392523364,0.06542056074766354,1,0.17119476301395015
2026-07-26 06:00:00,ICICI,CARD,24,3,752.3445833333334,0.0,0.125,1,0.15368242364818102
2026-07-26 06:00:00,ICICI,NETBANKING,14,1,700.0357142857143,0.07142857142857142,0.07142857142857142,1,0.14173816022675761
2026-07-26 06:00:00,ICICI,UPI,101,5,836.6451485148515,0.019801980198019802,0.04950495049504951,1,0.17979720586219938
2026-07-26 06:00:00,KOTAK,CARD,22,2,758.0986363636363,0.0,0.09090909090909091,1,0.18745877210865952
2026-07-26 06:00:00,KOTAK,NETBANKING,7,0,694.4585714285714,0.0,0.0,1,0.16171457925538885
2026-07-26 06:00:00,KOTAK,UPI,58,4,836.58,0.034482758620689655,0.06896551724137931,1,0.1860635703433387
2026-07-26 06:00:00,SBI,CARD,49,7,791.0257142857143,0.061224489795918366,0.14285714285714285,1,0.11608418470135451
2026-07-26 06:00:00,SBI,NETBANKING,18,0,915.7983333333333,0.0,0.0,1,0.21356714763461054
2026-07-26 06:00:00,SBI,UPI,113,7,840.9277876106195,0.017699115044247787,0.061946902654867256,1,0.15394612104105576
2026-07-26 07:00:00,AXIS,CARD,26,1,1080.9642307692307,0.038461538461538464,0.038461538461538464,1,0.16559338819052122
2026-07-26 07:00:00,AXIS,NETBANKING,19,2,646.8378947368421,0.05263157894736842,0.10526315789473684,1,0.13456428619015842
2026-07-26 07:00:00,AXIS,UPI,96,3,918.7959375,0.010416666666666666,0.03125,1,0.17789165019663417
2026-07-26 07:00:00,HDFC,CARD,44,0,902.0081818181818,0.0,0.0,1,0.18788592827812134
2026-07-26 07:00:00,HDFC,NETBANKING,15,1,785.562,0.06666666666666667,0.06666666666666667,1,0.1663975092827174
2026-07-26 07:00:00,HDFC,UPI,104,4,938.4610576923077,0.0,0.038461538461538464,1,0.16435580368188335
2026-07-26 07:00:00,ICICI,CARD,36,6,748.6072222222223,0.1388888888888889,0.16666666666666666,1,0.044746048863943955
2026-07-26 07:00:00,ICICI,NETBANKING,12,0,671.5508333333333,0.0,0.0,1,0.17462981105864195
2026-07-26 07:00:00,ICICI,UPI,95,5,785.4328421052631,0.031578947368421054,0.05263157894736842,1,0.15952198893472036
2026-07-26 07:00:00,KOTAK,CARD,29,0,716.3586206896553,0.0,0.0,1,0.16776582825333064
2026-07-26 07:00:00,KOTAK,NETBANKING,7,0,856.8614285714285,0.0,0.0,1,0.1904452316526793
2026-07-26 07:00:00,KOTAK,UPI,57,2,710.0294736842105,0.03508771929824561,0.03508771929824561,1,0.13016869384078888
2026-07-26 07:00:00,SBI,CARD,50,3,902.8588000000001,0.04,0.06,1,0.21153744646266442
2026-07-26 07:00:00,SBI,NETBANKING,18,0,1136.18,0.0,0.0,1,0.18754463991012588
2026-07-26 07:00:00,SBI,UPI,100,2,947.3786,0.03,0.02,1,0.14558602203476273
2026-07-26 08:00:00,AXIS,CARD,31,1,1068.1332258064515,0.0,0.03225806451612903,1,0.20219943566576104
2026-07-26 08:00:00,AXIS,NETBANKING,13,1,523.5153846153846,0.07692307692307693,0.07692307692307693,1,0.07525722346250974
2026-07-26 08:00:00,AXIS,UPI,81,6,916.1883950617286,0.037037037037037035,0.07407407407407407,1,0.19414986250562394
2026-07-26 08:00:00,HDFC,CARD,36,1,1100.5794444444446,0.0,0.027777777777777776,1,0.19708655431984795
2026-07-26 08:00:00,HDFC,NETBANKING,20,0,938.4815000000001,0.0,0.0,1,0.20987235462788834
2026-07-26 08:00:00,HDFC,UPI,134,6,1127.0824626865672,0.029850746268656716,0.04477611940298507,1,0.04080418386639695
2026-07-26 08:00:00,ICICI,CARD,40,4,766.4979999999999,0.075,0.1,1,0.1572108721529884
2026-07-26 08:00:00,ICICI,NETBANKING,10,0,825.591,0.0,0.0,1,0.2096344360399549
2026-07-26 08:00:00,ICICI,UPI,98,5,835.4066326530613,0.02040816326530612,0.05102040816326531,1,0.1807722246527238
2026-07-26 08:00:00,KOTAK,CARD,18,4,809.32,0.1111111111111111,0.2222222222222222,1,0.03773740497842604
2026-07-26 08:00:00,KOTAK,NETBANKING,11,0,2010.1327272727276,0.0,0.0,1,0.0031169709398273238
2026-07-26 08:00:00,KOTAK,UPI,66,4,1025.0053030303031,0.045454545454545456,0.06060606060606061,1,0.18007520797626952
2026-07-26 08:00:00,SBI,CARD,36,2,952.6994444444445,0.0,0.05555555555555555,1,0.22334201386110358
2026-07-26 08:00:00,SBI,NETBANKING,10,1,739.413,0.0,0.1,1,0.16960076333566965
2026-07-26 08:00:00,SBI,UPI,115,12,930.5063478260869,0.05217391304347826,0.10434782608695652,1,0.11182475852347401
2026-07-26 09:00:00,AXIS,CARD,25,3,1133.2288,0.04,0.12,1,0.12941791076426634
2026-07-26 09:00:00,AXIS,NETBANKING,14,2,826.7228571428572,0.07142857142857142,0.14285714285714285,1,0.12142287073255748
2026-07-26 09:00:00,AXIS,UPI,87,5,983.5070114942529,0.022988505747126436,0.05747126436781609,1,0.18863203185155153
2026-07-26 09:00:00,HDFC,CARD,35,2,798.8491428571429,0.08571428571428572,0.05714285714285714,1,0.14819016193316686
2026-07-26 09:00:00,HDFC,NETBANKING,15,1,551.746,0.0,0.06666666666666667,1,0.1346306627610152
2026-07-26 09:00:00,HDFC,UPI,121,11,825.05173553719,0.06611570247933884,0.09090909090909091,1,0.07044624979228564
2026-07-26 09:00:00,ICICI,CARD,27,0,833.1344444444445,0.0,0.0,1,0.19907114836253498
2026-07-26 09:00:00,ICICI,NETBANKING,8,0,965.75625,0.0,0.0,1,0.19710072984177834
2026-07-26 09:00:00,ICICI,UPI,96,7,768.3177083333334,0.041666666666666664,0.07291666666666667,1,0.1458912274437426
2026-07-26 09:00:00,KOTAK,CARD,20,1,926.8340000000001,0.0,0.05,1,0.2252139504043375
2026-07-26 09:00:00,KOTAK,NETBANKING,7,1,1768.7442857142855,0.14285714285714285,0.14285714285714285,-1,-0.07404877145690536
2026-07-26 09:00:00,KOTAK,UPI,56,4,1002.03,0.0,0.07142857142857142,1,0.18199478897685134
2026-07-26 09:00:00,SBI,CARD,39,2,1036.8458974358973,0.02564102564102564,0.05128205128205128,1,0.20449090563102923
2026-07-26 09:00:00,SBI,NETBANKING,17,3,812.8258823529411,0.0,0.17647058823529413,1,0.11434547786809246
2026-07-26 09:00:00,SBI,UPI,104,8,872.8006730769231,0.038461538461538464,0.07692307692307693,1,0.17695349470753446
2026-07-26 10:00:00,AXIS,CARD,30,1,755.7403333333333,0.03333333333333333,0.03333333333333333,1,0.15953305308151922
2026-07-26 10:00:00,AXIS,NETBANKING,13,4,1322.0453846153846,0.15384615384615385,0.3076923076923077,-1,-0.0865843221553746
2026-07-26 10:00:00,AXIS,UPI,87,1,729.6283908045976,0.011494252873563218,0.011494252873563218,1,0.09606678465012741
2026-07-26 10:00:00,HDFC,CARD,51,3,1022.8219607843137,0.058823529411764705,0.058823529411764705,1,0.19037304150815682
2026-07-26 10:00:00,HDFC,NETBANKING,17,1,672.4676470588236,0.058823529411764705,0.058823529411764705,1,0.1482467835475983
2026-07-26 10:00:00,HDFC,UPI,102,5,950.4063725490196,0.029411764705882353,0.049019607843137254,1,0.1751640580520541
2026-07-26 10:00:00,ICICI,CARD,48,3,1003.7556250000001,0.041666666666666664,0.0625,1,0.20921650843080308
2026-07-26 10:00:00,ICICI,NETBANKING,20,2,591.143,0.05,0.1,1,0.10666456298562232
2026-07-26 10:00:00,ICICI,UPI,96,5,951.3138541666667,0.010416666666666666,0.052083333333333336,1,0.18385234898117608
2026-07-26 10:00:00,KOTAK,CARD,26,1,823.461923076923,0.038461538461538464,0.038461538461538464,1,0.1890327299183409
2026-07-26 10:00:00,KOTAK,NETBANKING,9,2,771.0422222222222,0.2222222222222222,0.2222222222222222,-1,-0.052170900896638006
2026-07-26 10:00:00,KOTAK,UPI,62,3,738.2877419354838,0.016129032258064516,0.04838709677419355,1,0.1528069472472835
2026-07-26 10:00:00,SBI,CARD,40,3,1373.916,0.025,0.075,1,0.09859162343899408
2026-07-26 10:00:00,SBI,NETBANKING,17,0,1177.8876470588236,0.0,0.0,1,0.17772991486790918
2026-07-26 10:00:00,SBI,UPI,104,7,1150.3071153846154,0.009615384615384616,0.0673076923076923,1,0.11461497132757892
2026-07-26 11:00:00,AXIS,CARD,27,2,971.5637037037036,0.0,0.07407407407407407,1,0.21630694393765043
2026-07-26 11:00:00,AXIS,NETBANKING,10,1,1271.536,0.1,0.1,1,0.05644469003876684
2026-07-26 11:00:00,AXIS,UPI,103,11,900.694854368932,0.04854368932038835,0.10679611650485436,1,0.13423051994097618
2026-07-26 11:00:00,HDFC,CARD,32,2,929.585,0.0,0.0625,1,0.22807490884349857
2026-07-26 11:00:00,HDFC,NETBANKING,15,1,621.3340000000001,0.06666666666666667,0.06666666666666667,1,0.1153727270902849
2026-07-26 11:00:00,HDFC,UPI,101,8,891.2554455445545,0.0297029702970297,0.07920792079207921,1,0.18190513535564806
2026-07-26 11:00:00,ICICI,CARD,37,5,1045.3572972972972,0.05405405405405406,0.13513513513513514,1,0.1460483110187648
2026-07-26 11:00:00,ICICI,NETBANKING,4,0,1363.405,0.0,0.0,1,0.09610764552643247
2026-07-26 11:00:00,ICICI,UPI,105,6,942.441619047619,0.0380952380952381,0.05714285714285714,1,0.1791709115842588
2026-07-26 11:00:00,KOTAK,CARD,15,1,663.3766666666667,0.0,0.06666666666666667,1,0.18440591113732713
2026-07-26 11:00:00,KOTAK,NETBANKING,15,1,947.2873333333333,0.0,0.06666666666666667,1,0.22748523546126376
2026-07-26 11:00:00,KOTAK,UPI,63,6,917.8907936507936,0.06349206349206349,0.09523809523809523,1,0.16241982000185756
2026-07-26 11:00:00,SBI,CARD,36,4,1066.2158333333332,0.1111111111111111,0.1111111111111111,1,0.10834560249560521
2026-07-26 11:00:00,SBI,NETBANKING,19,3,1436.72,0.10526315789473684,0.15789473684210525,-1,-0.004028165311673715
2026-07-26 11:00:00,SBI,UPI,99,7,901.2977777777777,0.020202020202020204,0.0707070707070707,1,0.1821008069836706
2026-07-26 12:00:00,AXIS,CARD,33,1,886.0687878787879,0.0,0.030303030303030304,1,0.21747486871484883
2026-07-26 12:00:00,AXIS,NETBANKING,13,1,987.3515384615384,0.0,0.07692307692307693,1,0.21305550953356056
2026-07-26 12:00:00,AXIS,UPI,70,0,857.178,0.0,0.0,1,0.14155813655336774
2026-07-26 12:00:00,HDFC,CARD,46,1,971.971304347826,0.0,0.021739130434782608,1,0.20824306770936318
2026-07-26 12:00:00,HDFC,NETBANKING,12,1,644.5841666666666,0.08333333333333333,0.08333333333333333,1,0.11281161322608613
2026-07-26 12:00:00,HDFC,UPI,114,9,910.8687719298246,0.043859649122807015,0.07894736842105263,1,0.14549711180527541
2026-07-26 12:00:00,ICICI,CARD,34,1,823.515294117647,0.0,0.029411764705882353,1,0.20964619796290718
2026-07-26 12:00:00,ICICI,NETBANKING,20,1,885.1790000000001,0.0,0.05,1,0.2233828573294916
2026-07-26 12:00:00,ICICI,UPI,98,7,976.7317346938776,0.030612244897959183,0.07142857142857142,1,0.18244002094660178
2026-07-26 12:00:00,KOTAK,CARD,15,0,717.9673333333334,0.0,0.0,1,0.19664917890683808
2026-07-26 12:00:00,KOTAK,NETBANKING,5,1,1082.94,0.0,0.2,1,0.031925865341286386
2026-07-26 12:00:00,KOTAK,UPI,53,6,1004.4218867924528,0.018867924528301886,0.11320754716981132,1,0.14386362892157656
2026-07-26 12:00:00,SBI,CARD,59,4,847.6603389830508,0.06779661016949153,0.06779661016949153,1,0.15813911146602821
2026-07-26 12:00:00,SBI,NETBANKING,15,0,885.7773333333333,0.0,0.0,1,0.2181102707432211
2026-07-26 12:00:00,SBI,UPI,116,5,874.8532758620689,0.017241379310344827,0.04310344827586207,1,0.15335212764322548
2026-07-26 13:00:00,AXIS,CARD,30,4,756.888,0.03333333333333333,0.13333333333333333,1,0.13467367756360965
2026-07-26 13:00:00,AXIS,NETBANKING,11,1,791.8563636363637,0.0,0.09090909090909091,1,0.19714093500403962
2026-07-26 13:00:00,AXIS,UPI,83,7,795.8315662650602,0.03614457831325301,0.08433734939759036,1,0.16341893968643534
2026-07-26 13:00:00,HDFC,CARD,39,4,965.9035897435897,0.05128205128205128,0.10256410256410256,1,0.18909942131462087
2026-07-26 13:00:00,HDFC,NETBANKING,10,0,944.2540000000001,0.0,0.0,1,0.21293877839148134
2026-07-26 13:00:00,HDFC,UPI,107,11,850.997570093458,0.07476635514018691,0.102803738317757,1,0.09299086610850982
2026-07-26 13:00:00,ICICI,CARD,40,1,701.807,0.025,0.025,1,0.14914404391468317
2026-07-26 13:00:00,ICICI,NETBANKING,11,1,1083.2918181818181,0.09090909090909091,0.09090909090909091,1,0.1080592313440733
2026-07-26 13:00:00,ICICI,UPI,101,9,855.4320792079208,0.0594059405940594,0.0891089108910891,1,0.1450634434715799
2026-07-26 13:00:00,KOTAK,CARD,22,1,1004.4572727272728,0.0,0.045454545454545456,1,0.2184141986471383
2026-07-26 13:00:00,KOTAK,NETBANKING,10,0,653.115,0.0,0.0,1,0.1654197772214806
2026-07-26 13:00:00,KOTAK,UPI,55,1,854.4034545454546,0.0,0.01818181818181818,1,0.1825666477156847
2026-07-26 13:00:00,SBI,CARD,43,1,1097.1699999999998,0.0,0.023255813953488372,1,0.18455851833009795
2026-07-26 13:00:00,SBI,NETBANKING,14,1,757.9042857142857,0.0,0.07142857142857142,1,0.20609484019093738
2026-07-26 13:00:00,SBI,UPI,109,9,1056.1883486238532,0.03669724770642202,0.08256880733944955,1,0.12596337341910668
2026-07-26 14:00:00,AXIS,CARD,34,1,1094.3747058823528,0.029411764705882353,0.029411764705882353,1,0.16814382147260598
2026-07-26 14:00:00,AXIS,NETBANKING,16,1,724.58375,0.0,0.0625,1,0.2010266469463271
2026-07-26 14:00:00,AXIS,UPI,80,4,858.16875,0.0125,0.05,1,0.18803864486106747
2026-07-26 14:00:00,HDFC,CARD,40,2,993.5612500000001,0.05,0.05,1,0.19657245418476932
2026-07-26 14:00:00,HDFC,NETBANKING,17,0,957.1288235294118,0.0,0.0,1,0.21434672394659465
2026-07-26 14:00:00,HDFC,UPI,90,6,797.2657777777778,0.03333333333333333,0.06666666666666667,1,0.1625132908055112
2026-07-26 14:00:00,ICICI,CARD,40,1,961.195,0.025,0.025,1,0.19224052257521518
2026-07-26 14:00:00,ICICI,NETBANKING,13,0,769.9484615384615,0.0,0.0,1,0.20460858499188228
2026-07-26 14:00:00,ICICI,UPI,126,8,994.6548412698412,0.023809523809523808,0.06349206349206349,1,0.09478114327538789
2026-07-26 14:00:00,KOTAK,CARD,18,0,1002.446111111111,0.0,0.0,1,0.20850227754863793
2026-07-26 14:00:00,KOTAK,NETBANKING,10,0,512.163,0.0,0.0,1,0.1004291035227396
2026-07-26 14:00:00,KOTAK,UPI,49,2,1117.7683673469387,0.04081632653061224,0.04081632653061224,1,0.15920042221857905
2026-07-26 14:00:00,SBI,CARD,46,2,875.0056521739131,0.021739130434782608,0.043478260869565216,1,0.20751439202965655
2026-07-26 14:00:00,SBI,NETBANKING,16,1,914.64,0.125,0.0625,1,0.12280090788514708
2026-07-26 14:00:00,SBI,UPI,100,6,903.8252,0.03,0.06,1,0.18816785764816452
2026-07-26 15:00:00,AXIS,CARD,29,4,1395.8493103448275,0.034482758620689655,0.13793103448275862,1,0.03805675057422664
2026-07-26 15:00:00,AXIS,NETBANKING,9,0,760.1055555555555,0.0,0.0,1,0.1893453615577504
2026-07-26 15:00:00,AXIS,UPI,93,10,975.9267741935485,0.053763440860215055,0.10752688172043011,1,0.13908783639982053
2026-07-26 15:00:00,HDFC,CARD,40,1,962.9770000000001,0.025,0.025,1,0.19300329394163868
2026-07-26 15:00:00,HDFC,NETBANKING,25,1,887.4036,0.0,0.04,1,0.22162024857667856
2026-07-26 15:00:00,HDFC,UPI,120,9,926.6933333333333,0.025,0.075,1,0.12584174253671537
2026-07-26 15:00:00,ICICI,CARD,38,3,694.4952631578948,0.10526315789473684,0.07894736842105263,1,0.10763196545600884
2026-07-26 15:00:00,ICICI,NETBANKING,10,2,1172.682,0.2,0.2,-1,-0.040108936839257314
2026-07-26 15:00:00,ICICI,UPI,91,9,990.454945054945,0.06593406593406594,0.0989010989010989,1,0.13131518943052906
2026-07-26 15:00:00,KOTAK,CARD,20,0,812.2695,0.0,0.0,1,0.20275951750841742
2026-07-26 15:00:00,KOTAK,NETBANKING,9,2,1053.4911111111112,0.0,0.2222222222222222,1,0.011667142906145456
2026-07-26 15:00:00,KOTAK,UPI,67,3,909.9632835820896,0.014925373134328358,0.04477611940298507,1,0.19407331198197225
2026-07-26 15:00:00,SBI,CARD,44,2,1082.2588636363637,0.0,0.045454545454545456,1,0.19267031063512158
2026-07-26 15:00:00,SBI,NETBANKING,22,0,970.2295454545455,0.0,0.0,1,0.20102783388124423
2026-07-26 15:00:00,SBI,UPI,113,4,818.4608849557522,0.017699115044247787,0.035398230088495575,1,0.1333907352661775
2026-07-26 16:00:00,AXIS,CARD,35,1,978.7800000000001,0.0,0.02857142857142857,1,0.21581509434263357
2026-07-26 16:00:00,AXIS,NETBANKING,13,4,1129.4253846153847,0.3076923076923077,0.3076923076923077,-1,-0.12232924982529181
2026-07-26 16:00:00,AXIS,UPI,94,5,936.9689361702128,0.010638297872340425,0.05319148936170213,1,0.1846716985186096
2026-07-26 16:00:00,HDFC,CARD,44,4,944.2947727272727,0.09090909090909091,0.09090909090909091,1,0.14590874821958894
2026-07-26 16:00:00,HDFC,NETBANKING,12,0,1633.1049999999998,0.0,0.0,1,0.03167984369064558
2026-07-26 16:00:00,HDFC,UPI,94,4,889.4072340425532,0.010638297872340425,0.0425531914893617,1,0.1869056010845464
2026-07-26 16:00:00,ICICI,CARD,35,3,927.6011428571429,0.05714285714285714,0.08571428571428572,1,0.20070130533069946
2026-07-26 16:00:00,ICICI,NETBANKING,12,1,973.6175,0.16666666666666666,0.08333333333333333,1,0.07298863484561824
2026-07-26 16:00:00,ICICI,UPI,100,9,867.638,0.06,0.09,1,0.14108827325331103
2026-07-26 16:00:00,KOTAK,CARD,18,1,685.4988888888888,0.05555555555555555,0.05555555555555555,1,0.15526520748067302
2026-07-26 16:00:00,KOTAK,NETBANKING,23,1,1153.7413043478261,0.043478260869565216,0.043478260869565216,1,0.14830722565784044
2026-07-26 16:00:00,KOTAK,UPI,60,5,832.8246666666668,0.016666666666666666,0.08333333333333333,1,0.17677067145869818
2026-07-26 16:00:00,SBI,CARD,39,0,868.2202564102563,0.0,0.0,1,0.19027555124955609
2026-07-26 16:00:00,SBI,NETBANKING,14,2,1255.4314285714286,0.0,0.14285714285714285,1,0.09296145410202017
2026-07-26 16:00:00,SBI,UPI,121,11,821.247520661157,0.049586776859504134,0.09090909090909091,1,0.08709480584086005
2026-07-26 17:00:00,AXIS,CARD,27,0,836.6077777777778,0.0,0.0,1,0.20015862663051903
2026-07-26 17:00:00,AXIS,NETBANKING,13,1,1225.3853846153845,0.0,0.07692307692307693,1,0.1791094439775303
2026-07-26 17:00:00,AXIS,UPI,69,3,956.1904347826087,0.028985507246376812,0.043478260869565216,1,0.19240420686689153
2026-07-26 17:00:00,HDFC,CARD,50,4,939.1394,0.06,0.08,1,0.18692578114301434
2026-07-26 17:00:00,HDFC,NETBANKING,10,0,1016.238,0.0,0.0,1,0.20553125706229325
2026-07-26 17:00:00,HDFC,UPI,110,7,879.3675454545454,0.045454545454545456,0.06363636363636363,1,0.15834036751801145
2026-07-26 17:00:00,ICICI,CARD,41,6,905.0517073170732,0.07317073170731707,0.14634146341463414,1,0.13176083620317786
2026-07-26 17:00:00,ICICI,NETBANKING,15,0,929.0799999999999,0.0,0.0,1,0.22042134921582685
2026-07-26 17:00:00,ICICI,UPI,95,3,977.5862105263158,0.010526315789473684,0.031578947368421054,1,0.17281458723049653
2026-07-26 17:00:00,KOTAK,CARD,17,2,809.4623529411765,0.11764705882352941,0.11764705882352941,1,0.11555155255291066
2026-07-26 17:00:00,KOTAK,NETBANKING,8,0,1739.335,0.0,0.0,1,0.010534896546408157
2026-07-26 17:00:00,KOTAK,UPI,47,2,812.1851063829787,0.0425531914893617,0.0425531914893617,1,0.19362551673897044
2026-07-26 17:00:00,SBI,CARD,40,1,1011.92125,0.0,0.025,1,0.20435899879783914
2026-07-26 17:00:00,SBI,NETBANKING,16,0,798.89625,0.0,0.0,1,0.20618914619708523
2026-07-26 17:00:00,SBI,UPI,137,3,926.3851824817518,0.014598540145985401,0.021897810218978103,1,0.077783800241919
2026-07-26 18:00:00,AXIS,CARD,25,2,921.9336,0.04,0.08,1,0.20479708741400582
2026-07-26 18:00:00,AXIS,NETBANKING,12,0,733.6466666666666,0.0,0.0,1,0.1939863801987899
2026-07-26 18:00:00,AXIS,UPI,76,5,1088.8377631578946,0.05263157894736842,0.06578947368421052,1,0.1543142277892865
2026-07-26 18:00:00,HDFC,CARD,39,3,1162.06641025641,0.05128205128205128,0.07692307692307693,1,0.16905393032236216
2026-07-26 18:00:00,HDFC,NETBANKING,15,0,783.882,0.0,0.0,1,0.209588978852426
2026-07-26 18:00:00,HDFC,UPI,104,3,981.5582692307692,0.028846153846153848,0.028846153846153848,1,0.15315348640801313
2026-07-26 18:00:00,ICICI,CARD,47,4,964.6855319148937,0.06382978723404255,0.0851063829787234,1,0.18445702110879703
2026-07-26 18:00:00,ICICI,NETBANKING,13,2,884.4053846153846,0.0,0.15384615384615385,1,0.1402760644524264
2026-07-26 18:00:00,ICICI,UPI,97,5,732.1793814432989,0.020618556701030927,0.05154639175257732,1,0.1292354260068045
2026-07-26 18:00:00,KOTAK,CARD,20,1,1058.7475,0.05,0.05,1,0.17044796931111345
2026-07-26 18:00:00,KOTAK,NETBANKING,7,0,1353.1742857142856,0.0,0.0,1,0.11344822417956202
2026-07-26 18:00:00,KOTAK,UPI,52,9,973.6861538461538,0.057692307692307696,0.17307692307692307,1,0.09463103459371436
2026-07-26 18:00:00,SBI,CARD,41,1,1329.319512195122,0.0,0.024390243902439025,1,0.12340651774863481
2026-07-26 18:00:00,SBI,NETBANKING,12,0,615.35,0.0,0.0,1,0.15413705685759221
2026-07-26 18:00:00,SBI,UPI,107,6,806.8708411214952,0.037383177570093455,0.056074766355140186,1,0.15306068717469956
2026-07-26 19:00:00,AXIS,CARD,33,3,1233.9721212121212,0.030303030303030304,0.09090909090909091,1,0.1374908149090573
2026-07-26 19:00:00,AXIS,NETBANKING,15,1,686.5666666666667,0.0,0.06666666666666667,1,0.19506078590561748
2026-07-26 19:00:00,AXIS,UPI,81,4,950.6851851851852,0.012345679012345678,0.04938271604938271,1,0.1908895247755074
2026-07-26 19:00:00,HDFC,CARD,41,1,906.2921951219513,0.04878048780487805,0.024390243902439025,1,0.1781529629759937
2026-07-26 19:00:00,HDFC,NETBANKING,19,1,915.5363157894736,0.0,0.05263157894736842,1,0.22845513788302502
2026-07-26 19:00:00,HDFC,UPI,99,5,1006.28,0.020202020202020204,0.050505050505050504,1,0.17254438170343278
2026-07-26 19:00:00,ICICI,CARD,39,1,855.1207692307692,0.0,0.02564102564102564,1,0.21448650244899636
2026-07-26 19:00:00,ICICI,NETBANKING,18,3,905.2277777777778,0.05555555555555555,0.16666666666666666,1,0.12061385682529085
2026-07-26 19:00:00,ICICI,UPI,107,8,944.637570093458,0.056074766355140186,0.07476635514018691,1,0.1599252932903525
2026-07-26 19:00:00,KOTAK,CARD,20,1,1029.4060000000002,0.0,0.05,1,0.21396821682982636
2026-07-26 19:00:00,KOTAK,NETBANKING,4,1,652.0575,0.0,0.25,-1,-0.008363135794249077
2026-07-26 19:00:00,KOTAK,UPI,58,1,946.8013793103448,0.034482758620689655,0.017241379310344827,1,0.16417228516433585
2026-07-26 19:00:00,SBI,CARD,44,3,750.6781818181818,0.09090909090909091,0.06818181818181818,1,0.12576339026927746
2026-07-26 19:00:00,SBI,NETBANKING,15,0,1079.6446666666666,0.0,0.0,1,0.20260770584746562
2026-07-26 19:00:00,SBI,UPI,119,4,833.006806722689,0.03361344537815126,0.03361344537815126,1,0.11190132623636673
2026-07-26 20:00:00,AXIS,CARD,22,0,954.8468181818182,0.0,0.0,1,0.2061650387688297
2026-07-26 20:00:00,AXIS,NETBANKING,13,1,577.5753846153846,0.0,0.07692307692307693,1,0.1443947854755609
2026-07-26 20:00:00,AXIS,UPI,74,4,1045.7412162162163,0.05405405405405406,0.05405405405405406,1,0.16502436151504069
2026-07-26 20:00:00,HDFC,CARD,38,0,722.1931578947368,0.0,0.0,1,0.15640655330806597
2026-07-26 20:00:00,HDFC,NETBANKING,22,2,883.6995454545454,0.045454545454545456,0.09090909090909091,1,0.1946055534186158
2026-07-26 20:00:00,HDFC,UPI,113,3,891.307168141593,0.017699115044247787,0.02654867256637168,1,0.14249943645987317
2026-07-26 20:00:00,ICICI,CARD,44,2,793.1738636363636,0.0,0.045454545454545456,1,0.20435093609100652
2026-07-26 20:00:00,ICICI,NETBANKING,15,2,842.8766666666667,0.06666666666666667,0.13333333333333333,1,0.14247136355878093
2026-07-26 20:00:00,ICICI,UPI,94,5,910.1676595744681,0.02127659574468085,0.05319148936170213,1,0.1897436240204543
2026-07-26 20:00:00,KOTAK,CARD,18,1,1064.3872222222224,0.1111111111111111,0.05555555555555555,1,0.12160973944719228
2026-07-26 20:00:00,KOTAK,NETBANKING,10,2,814.5229999999999,0.0,0.2,1,0.07838958226722836
2026-07-26 20:00:00,KOTAK,UPI,52,3,848.1146153846154,0.0,0.057692307692307696,1,0.1930647768754799
2026-07-26 20:00:00,SBI,CARD,49,4,765.9206122448979,0.02040816326530612,0.08163265306122448,1,0.17693387648395342
2026-07-26 20:00:00,SBI,NETBANKING,17,2,653.5982352941177,0.11764705882352941,0.11764705882352941,1,0.09124675263970694
2026-07-26 20:00:00,SBI,UPI,104,7,958.01125,0.04807692307692308,0.0673076923076923,1,0.16825804695344898
2026-07-26 21:00:00,AXIS,CARD,22,1,726.4545454545455,0.0,0.045454545454545456,1,0.19508436650917632
2026-07-26 21:00:00,AXIS,NETBANKING,9,1,868.0288888888889,0.0,0.1111111111111111,1,0.17593032096955946
2026-07-26 21:00:00,AXIS,UPI,98,8,1010.3227551020409,0.04081632653061224,0.08163265306122448,1,0.16690966891181896
2026-07-26 21:00:00,HDFC,CARD,45,2,699.1106666666667,0.022222222222222223,0.044444444444444446,1,0.16530455572787423
2026-07-26 21:00:00,HDFC,NETBANKING,19,0,868.7742105263158,0.0,0.0,1,0.2097070674894096
2026-07-26 21:00:00,HDFC,UPI,88,3,920.2626136363637,0.011363636363636364,0.03409090909090909,1,0.18254896498860113
2026-07-26 21:00:00,ICICI,CARD,37,1,1335.187027027027,0.05405405405405406,0.02702702702702703,1,0.09118890078872932
2026-07-26 21:00:00,ICICI,NETBANKING,12,1,1055.8891666666666,0.0,0.08333333333333333,1,0.1994535616194662
2026-07-26 21:00:00,ICICI,UPI,93,8,798.0024731182796,0.06451612903225806,0.08602150537634409,1,0.12983142940944525
2026-07-26 21:00:00,KOTAK,CARD,21,1,1047.805238095238,0.0,0.047619047619047616,1,0.21135690632019039
2026-07-26 21:00:00,KOTAK,NETBANKING,9,0,1261.5222222222224,0.0,0.0,1,0.1475292721165598
2026-07-26 21:00:00,KOTAK,UPI,50,4,932.2403999999999,0.02,0.08,1,0.19504956282500713
2026-07-26 21:00:00,SBI,CARD,38,2,750.0273684210526,0.02631578947368421,0.05263157894736842,1,0.18652471961163214
2026-07-26 21:00:00,SBI,NETBANKING,17,0,607.17,0.0,0.0,1,0.14326690686980353
2026-07-26 21:00:00,SBI,UPI,105,6,1164.3857142857144,0.009523809523809525,0.05714285714285714,1,0.10935396540371722
2026-07-26 22:00:00,AXIS,CARD,29,1,882.9510344827586,0.0,0.034482758620689655,1,0.2182061437612901
2026-07-26 22:00:00,AXIS,NETBANKING,17,2,871.8223529411764,0.058823529411764705,0.11764705882352941,1,0.16762038902138
2026-07-26 22:00:00,AXIS,UPI,65,6,1084.8116923076923,0.06153846153846154,0.09230769230769231,1,0.1365880364364216
2026-07-26 22:00:00,HDFC,CARD,47,1,863.478085106383,0.0,0.02127659574468085,1,0.20720419388533856
2026-07-26 22:00:00,HDFC,NETBANKING,15,2,533.5193333333333,0.13333333333333333,0.13333333333333333,1,0.025528488354705225
2026-07-26 22:00:00,HDFC,UPI,115,7,882.5498260869565,0.034782608695652174,0.06086956521739131,1,0.15414731637862994
2026-07-26 22:00:00,ICICI,CARD,37,2,956.8332432432433,0.0,0.05405405405405406,1,0.22370802416277313
2026-07-26 22:00:00,ICICI,NETBANKING,14,0,799.4542857142857,0.0,0.0,1,0.20845920136484386
2026-07-26 22:00:00,ICICI,UPI,94,7,1048.8298936170213,0.02127659574468085,0.07446808510638298,1,0.160639780941829
2026-07-26 22:00:00,KOTAK,CARD,20,1,995.3280000000001,0.0,0.05,1,0.21990920180197326
2026-07-26 22:00:00,KOTAK,NETBANKING,4,0,415.9425,0.0,0.0,1,0.029120364539439336
2026-07-26 22:00:00,KOTAK,UPI,72,7,834.4987500000001,0.027777777777777776,0.09722222222222222,1,0.16115846640718762
2026-07-26 22:00:00,SBI,CARD,32,3,735.256875,0.09375,0.09375,1,0.12422234918915587
2026-07-26 22:00:00,SBI,NETBANKING,7,1,475.9042857142857,0.0,0.14285714285714285,1,0.03880398274570762
2026-07-26 22:00:00,SBI,UPI,107,8,882.0827102803739,0.06542056074766354,0.07476635514018691,1,0.15262310300690862
2026-07-26 23:00:00,AXIS,CARD,27,1,1019.9125925925925,0.037037037037037035,0.037037037037037035,1,0.18092435614903474
2026-07-26 23:00:00,AXIS,NETBANKING,13,1,1322.75,0.0,0.07692307692307693,1,0.14541944260138345
2026-07-26 23:00:00,AXIS,UPI,63,2,861.5079365079365,0.031746031746031744,0.031746031746031744,1,0.17561706711141917
2026-07-26 23:00:00,HDFC,CARD,40,3,997.4367500000001,0.0,0.075,1,0.2078073096409282
2026-07-26 23:00:00,HDFC,NETBANKING,19,3,1143.3536842105264,0.05263157894736842,0.15789473684210525,1,0.09734116424038397
2026-07-26 23:00:00,HDFC,UPI,95,4,838.3601052631578,0.021052631578947368,0.042105263157894736,1,0.17998661445097675
2026-07-26 23:00:00,ICICI,CARD,32,1,806.1125,0.0,0.03125,1,0.2058257840458909
2026-07-26 23:00:00,ICICI,NETBANKING,19,0,848.5752631578947,0.0,0.0,1,0.20108384292506198
2026-07-26 23:00:00,ICICI,UPI,110,5,935.4802727272728,0.03636363636363636,0.045454545454545456,1,0.1623976988764651
2026-07-26 23:00:00,KOTAK,CARD,23,1,1074.7295652173912,0.0,0.043478260869565216,1,0.20757612627256083
2026-07-26 23:00:00,KOTAK,NETBANKING,6,0,522.2933333333333,0.0,0.0,1,0.08225204969750999
2026-07-26 23:00:00,KOTAK,UPI,58,4,822.9531034482759,0.05172413793103448,0.06896551724137931,1,0.18191257022056817
2026-07-26 23:00:00,SBI,CARD,42,4,844.6052380952381,0.047619047619047616,0.09523809523809523,1,0.19386042237283985
2026-07-26 23:00:00,SBI,NETBANKING,16,0,1171.703125,0.0,0.0,1,0.1806296669303829
2026-07-26 23:00:00,SBI,UPI,108,6,996.1114814814814,0.05555555555555555,0.05555555555555555,1,0.14157294692291178
2026-07-27 00:00:00,AXIS,CARD,26,2,979.0734615384615,0.0,0.07692307692307693,1,0.2117263731691586
2026-07-27 00:00:00,AXIS,NETBANKING,12,1,1603.4058333333332,0.08333333333333333,0.08333333333333333,-1,-0.017163983427907037
2026-07-27 00:00:00,AXIS,UPI,84,7,957.0385714285715,0.03571428571428571,0.08333333333333333,1,0.18645306332046152
2026-07-27 00:00:00,HDFC,CARD,44,2,952.3147727272727,0.0,0.045454545454545456,1,0.2157328929826532
2026-07-27 00:00:00,HDFC,NETBANKING,13,0,872.2676923076923,0.0,0.0,1,0.214299509630973
2026-07-27 00:00:00,HDFC,UPI,105,12,867.8034285714285,0.06666666666666667,0.11428571428571428,1,0.10209923140430133
2026-07-27 00:00:00,ICICI,CARD,33,1,912.3039393939393,0.0,0.030303030303030304,1,0.21994508249266082
2026-07-27 00:00:00,ICICI,NETBANKING,16,1,751.81,0.0625,0.0625,1,0.16721278595637562
2026-07-27 00:00:00,ICICI,UPI,109,7,858.293119266055,0.03669724770642202,0.06422018348623854,1,0.1743610063580785
2026-07-27 00:00:00,KOTAK,CARD,23,1,824.1069565217391,0.0,0.043478260869565216,1,0.2211162302574649
2026-07-27 00:00:00,KOTAK,NETBANKING,7,0,1083.9271428571428,0.0,0.0,1,0.17752180461026207
2026-07-27 00:00:00,KOTAK,UPI,50,2,851.4702000000001,0.02,0.04,1,0.2013347423496044
2026-07-27 00:00:00,SBI,CARD,45,2,826.9433333333333,0.0,0.044444444444444446,1,0.20850619799965087
2026-07-27 00:00:00,SBI,NETBANKING,17,0,764.7758823529412,0.0,0.0,1,0.19654001814382444
2026-07-27 00:00:00,SBI,UPI,110,4,849.4880909090909,0.03636363636363636,0.03636363636363636,1,0.14806942444019516
2026-07-27 01:00:00,AXIS,CARD,37,2,1007.3267567567567,0.02702702702702703,0.05405405405405406,1,0.21102326952453548
2026-07-27 01:00:00,AXIS,NETBANKING,13,0,1008.0892307692308,0.0,0.0,1,0.21072690849593695
2026-07-27 01:00:00,AXIS,UPI,81,5,952.2007407407407,0.0,0.06172839506172839,1,0.17891409104141193
2026-07-27 01:00:00,HDFC,CARD,42,3,1050.7542857142857,0.023809523809523808,0.07142857142857142,1,0.19726648513685174
2026-07-27 01:00:00,HDFC,NETBANKING,14,3,989.5864285714285,0.07142857142857142,0.21428571428571427,1,0.056002778146377774
2026-07-27 01:00:00,HDFC,UPI,95,3,872.9153684210527,0.031578947368421054,0.031578947368421054,1,0.17224663342271823
2026-07-27 01:00:00,ICICI,CARD,43,0,857.2944186046511,0.0,0.0,1,0.18245350061554494
2026-07-27 01:00:00,ICICI,NETBANKING,17,1,821.5223529411765,0.058823529411764705,0.058823529411764705,1,0.1833792763819338
2026-07-27 01:00:00,ICICI,UPI,98,1,933.0669387755102,0.0,0.01020408163265306,1,0.12875737068968857
2026-07-27 01:00:00,KOTAK,CARD,21,3,947.4090476190477,0.19047619047619047,0.14285714285714285,1,0.025495228811256876
2026-07-27 01:00:00,KOTAK,NETBANKING,6,1,513.9233333333333,0.0,0.16666666666666666,1,0.03117262564879686
2026-07-27 01:00:00,KOTAK,UPI,57,2,969.1012280701754,0.05263157894736842,0.03508771929824561,1,0.17800087789806207
2026-07-27 01:00:00,SBI,CARD,39,2,1075.768717948718,0.07692307692307693,0.05128205128205128,1,0.14813635822300047
2026-07-27 01:00:00,SBI,NETBANKING,12,1,723.625,0.0,0.08333333333333333,1,0.1879990667614398
2026-07-27 01:00:00,SBI,UPI,102,5,931.5395098039215,0.00980392156862745,0.049019607843137254,1,0.17782253110639068
2026-07-27 02:00:00,AXIS,CARD,28,1,1136.172142857143,0.03571428571428571,0.03571428571428571,1,0.1537784793189793
2026-07-27 02:00:00,AXIS,NETBANKING,15,0,1210.9933333333333,0.0,0.0,1,0.17712846091628326
2026-07-27 02:00:00,AXIS,UPI,83,5,983.8531325301204,0.0,0.060240963855421686,1,0.1826339530863802
2026-07-27 02:00:00,HDFC,CARD,51,3,821.7703921568627,0.0196078431372549,0.058823529411764705,1,0.19829642007597115
2026-07-27 02:00:00,HDFC,NETBANKING,18,3,855.3244444444445,0.0,0.16666666666666666,1,0.11775993579499872
2026-07-27 02:00:00,HDFC,UPI,102,4,961.4376470588235,0.0392156862745098,0.0392156862745098,1,0.1638760440693655
2026-07-27 02:00:00,ICICI,CARD,27,1,1265.9522222222222,0.0,0.037037037037037035,1,0.14563198622300477
2026-07-27 02:00:00,ICICI,NETBANKING,18,1,1171.1161111111112,0.1111111111111111,0.05555555555555555,1,0.08265168642819076
2026-07-27 02:00:00,ICICI,UPI,96,3,1014.7619791666667,0.03125,0.03125,1,0.16458169963981506
2026-07-27 02:00:00,KOTAK,CARD,21,0,943.4609523809524,0.0,0.0,1,0.2079611608045121
2026-07-27 02:00:00,KOTAK,NETBANKING,7,1,886.8357142857143,0.0,0.14285714285714285,1,0.12613586026180434
2026-07-27 02:00:00,KOTAK,UPI,54,4,790.0868518518519,0.05555555555555555,0.07407407407407407,1,0.1661034972634594
2026-07-27 02:00:00,SBI,CARD,40,3,800.09275,0.025,0.075,1,0.19644430625443898
2026-07-27 02:00:00,SBI,NETBANKING,17,3,822.93,0.0,0.17647058823529413,1,0.11488667769897193
2026-07-27 02:00:00,SBI,UPI,106,7,899.284716981132,0.018867924528301886,0.0660377358490566,1,0.17873333859490714
2026-07-27 03:00:00,AXIS,CARD,35,2,692.6514285714286,0.02857142857142857,0.05714285714285714,1,0.16357110474701542
2026-07-27 03:00:00,AXIS,NETBANKING,10,0,680.15,0.0,0.0,1,0.1754456985588561
2026-07-27 03:00:00,AXIS,UPI,68,3,856.7885294117648,0.014705882352941176,0.04411764705882353,1,0.189912518671829
2026-07-27 03:00:00,HDFC,CARD,38,2,941.5494736842105,0.02631578947368421,0.05263157894736842,1,0.21392485084766427
2026-07-27 03:00:00,HDFC,NETBANKING,12,3,1141.5391666666667,0.08333333333333333,0.25,-1,-0.003615641818454196
2026-07-27 03:00:00,HDFC,UPI,112,4,965.1991964285714,0.008928571428571428,0.03571428571428571,1,0.1407824350904709
2026-07-27 03:00:00,ICICI,CARD,33,4,931.0442424242424,0.06060606060606061,0.12121212121212122,1,0.16396573793623442
2026-07-27 03:00:00,ICICI,NETBANKING,8,0,850.3675,0.0,0.0,1,0.19281661401271155
2026-07-27 03:00:00,ICICI,UPI,93,7,980.5595698924731,0.043010752688172046,0.07526881720430108,1,0.1763196278937939
2026-07-27 03:00:00,KOTAK,CARD,27,1,1043.5107407407409,0.0,0.037037037037037035,1,0.2043973495317034
2026-07-27 03:00:00,KOTAK,NETBANKING,8,0,1140.7,0.0,0.0,1,0.16845887905030693
2026-07-27 03:00:00,KOTAK,UPI,52,3,885.2023076923076,0.019230769230769232,0.057692307692307696,1,0.20355504939378272
2026-07-27 03:00:00,SBI,CARD,36,2,855.9222222222222,0.027777777777777776,0.05555555555555555,1,0.21338497106837678
2026-07-27 03:00:00,SBI,NETBANKING,19,1,1114.4294736842105,0.0,0.05263157894736842,1,0.19736619530321986
2026-07-27 03:00:00,SBI,UPI,110,7,948.127909090909,0.07272727272727272,0.06363636363636363,1,0.11417691279736386
2026-07-27 04:00:00,AXIS,CARD,43,0,1103.393953488372,0.0,0.0,1,0.16179426885358783
2026-07-27 04:00:00,AXIS,NETBANKING,8,0,761.5425,0.0,0.0,1,0.18360917944105054
2026-07-27 04:00:00,AXIS,UPI,74,3,773.1817567567567,0.0,0.04054054054054054,1,0.15824091704069887
2026-07-27 04:00:00,HDFC,CARD,38,4,904.1442105263159,0.05263157894736842,0.10526315789473684,1,0.1931606124900478
2026-07-27 04:00:00,HDFC,NETBANKING,19,0,993.8752631578948,0.0,0.0,1,0.2106997454769381
2026-07-27 04:00:00,HDFC,UPI,98,2,895.8977551020407,0.0,0.02040816326530612,1,0.1533640480229358
2026-07-27 04:00:00,ICICI,CARD,32,6,1379.6046875,0.09375,0.1875,-1,-0.024610282120707483
2026-07-27 04:00:00,ICICI,NETBANKING,16,1,885.321875,0.125,0.0625,1,0.11903773990991767
2026-07-27 04:00:00,ICICI,UPI,98,4,881.9532653061224,0.02040816326530612,0.04081632653061224,1,0.18718274801349705
2026-07-27 04:00:00,KOTAK,CARD,28,3,880.9185714285715,0.17857142857142858,0.10714285714285714,1,0.0676298503721503
2026-07-27 04:00:00,KOTAK,NETBANKING,8,1,1738.33125,0.0,0.125,-1,-0.024242046710203025
2026-07-27 04:00:00,KOTAK,UPI,52,4,846.0117307692308,0.0,0.07692307692307693,1,0.18238894068327305
2026-07-27 04:00:00,SBI,CARD,43,1,944.060465116279,0.0,0.023255813953488372,1,0.21030275914999513
2026-07-27 04:00:00,SBI,NETBANKING,16,1,708.7325,0.0,0.0625,1,0.20119428546424267
2026-07-27 04:00:00,SBI,UPI,119,8,1072.9271428571428,0.008403361344537815,0.06722689075630252,1,0.09227134409217341
2026-07-27 05:00:00,AXIS,CARD,25,2,1227.2616,0.08,0.08,1,0.11450151165260214
2026-07-27 05:00:00,AXIS,NETBANKING,16,1,1027.815625,0.0625,0.0625,1,0.18168372680232636
2026-07-27 05:00:00,AXIS,UPI,83,7,878.9266265060241,0.03614457831325301,0.08433734939759036,1,0.18940621834560828
2026-07-27 05:00:00,HDFC,CARD,43,2,716.7451162790697,0.046511627906976744,0.046511627906976744,1,0.15277894566652722
2026-07-27 05:00:00,HDFC,NETBANKING,20,2,1363.717,0.0,0.1,1,0.09899630235431
2026-07-27 05:00:00,HDFC,UPI,115,11,922.7992173913044,0.08695652173913043,0.09565217391304348,1,0.06577955112834966
2026-07-27 05:00:00,ICICI,CARD,37,2,899.4716216216216,0.02702702702702703,0.05405405405405406,1,0.21826488531250965
2026-07-27 05:00:00,ICICI,NETBANKING,18,1,675.6572222222222,0.0,0.05555555555555555,1,0.1897650493250962
2026-07-27 05:00:00,ICICI,UPI,85,3,843.6836470588236,0.0,0.03529411764705882,1,0.16465715735786224
2026-07-27 05:00:00,KOTAK,CARD,21,0,825.8071428571429,0.0,0.0,1,0.2050338320872941
2026-07-27 05:00:00,KOTAK,NETBANKING,9,0,907.4988888888888,0.0,0.0,1,0.20648678906889495
2026-07-27 05:00:00,KOTAK,UPI,51,1,1003.2882352941176,0.0,0.0196078431372549,1,0.18951621644163552
2026-07-27 05:00:00,SBI,CARD,49,4,918.1157142857143,0.0,0.08163265306122448,1,0.20000747466611202
2026-07-27 05:00:00,SBI,NETBANKING,20,4,848.4885,0.05,0.2,1,0.07713221015082306
2026-07-27 05:00:00,SBI,UPI,104,9,949.8115384615384,0.057692307692307696,0.08653846153846154,1,0.15224482931559324
2026-07-27 06:00:00,AXIS,CARD,30,1,986.1423333333333,0.0,0.03333333333333333,1,0.21697184652036083
2026-07-27 06:00:00,AXIS,NETBANKING,19,1,835.8626315789473,0.0,0.05263157894736842,1,0.21984186240911757
2026-07-27 06:00:00,AXIS,UPI,78,5,1062.9478205128205,0.05128205128205128,0.0641025641025641,1,0.16273476108753587
2026-07-27 06:00:00,HDFC,CARD,31,0,811.917741935484,0.0,0.0,1,0.19246082141213
2026-07-27 06:00:00,HDFC,NETBANKING,23,1,929.4282608695653,0.0,0.043478260869565216,1,0.22504808319455144
2026-07-27 06:00:00,HDFC,UPI,117,5,916.7216239316239,0.03418803418803419,0.042735042735042736,1,0.14167452329845442
2026-07-27 06:00:00,ICICI,CARD,31,1,811.1977419354839,0.0,0.03225806451612903,1,0.2096105072120959
2026-07-27 06:00:00,ICICI,NETBANKING,15,2,1023.7473333333332,0.06666666666666667,0.13333333333333333,1,0.14221501155339478
2026-07-27 06:00:00,ICICI,UPI,93,6,988.2458064516129,0.053763440860215055,0.06451612903225806,1,0.1737571597315271
2026-07-27 06:00:00,KOTAK,CARD,19,0,596.228947368421,0.0,0.0,1,0.12650052509394988
2026-07-27 06:00:00,KOTAK,NETBANKING,9,0,965.4988888888888,0.0,0.0,1,0.20354380483997075
2026-07-27 06:00:00,KOTAK,UPI,40,1,850.757,0.0,0.025,1,0.20743009378298738
2026-07-27 06:00:00,SBI,CARD,40,2,1085.36775,0.0,0.05,1,0.19754657205940657
2026-07-27 06:00:00,SBI,NETBANKING,26,2,1013.2553846153846,0.038461538461538464,0.07692307692307693,1,0.19672976940853026
2026-07-27 06:00:00,SBI,UPI,101,7,919.0413861386138,0.0297029702970297,0.06930693069306931,1,0.18610999356905777
2026-07-27 07:00:00,AXIS,CARD,29,2,1193.8189655172414,0.034482758620689655,0.06896551724137931,1,0.16106561424806243
2026-07-27 07:00:00,AXIS,NETBANKING,8,1,511.04,0.0,0.125,1,0.06826368601121424
2026-07-27 07:00:00,AXIS,UPI,88,4,812.7834090909091,0.022727272727272728,0.045454545454545456,1,0.17590729298378777
2026-07-27 07:00:00,HDFC,CARD,53,4,904.1556603773585,0.07547169811320754,0.07547169811320754,1,0.15369168480612794
2026-07-27 07:00:00,HDFC,NETBANKING,17,0,1277.9876470588235,0.0,0.0,1,0.14988433989433214
2026-07-27 07:00:00,HDFC,UPI,108,5,835.164074074074,0.009259259259259259,0.046296296296296294,1,0.15327236811673195
2026-07-27 07:00:00,ICICI,CARD,36,3,825.7688888888889,0.05555555555555555,0.08333333333333333,1,0.19418387907475226
2026-07-27 07:00:00,ICICI,NETBANKING,13,1,875.0769230769231,0.0,0.07692307692307693,1,0.21650855019643234
2026-07-27 07:00:00,ICICI,UPI,86,8,714.2696511627908,0.05813953488372093,0.09302325581395349,1,0.0965420000159084
2026-07-27 07:00:00,KOTAK,CARD,18,1,582.8777777777777,0.0,0.05555555555555555,1,0.14848704773708626
2026-07-27 07:00:00,KOTAK,NETBANKING,7,1,965.5042857142856,0.14285714285714285,0.14285714285714285,1,0.059154795100580526
2026-07-27 07:00:00,KOTAK,UPI,58,4,1146.8349999999998,0.017241379310344827,0.06896551724137931,1,0.150829553630753
2026-07-27 07:00:00,SBI,CARD,46,1,800.0402173913043,0.021739130434782608,0.021739130434782608,1,0.18082940080083204
2026-07-27 07:00:00,SBI,NETBANKING,19,2,544.1047368421052,0.05263157894736842,0.10526315789473684,1,0.09346741727318264
2026-07-27 07:00:00,SBI,UPI,116,10,803.7511206896552,0.06896551724137931,0.08620689655172414,1,0.08225062138212902
2026-07-27 08:00:00,AXIS,CARD,47,5,944.3963829787233,0.06382978723404255,0.10638297872340426,1,0.17857341151896333
2026-07-27 08:00:00,AXIS,NETBANKING,18,1,811.0944444444444,0.0,0.05555555555555555,1,0.2205474108998921
2026-07-27 08:00:00,AXIS,UPI,78,6,777.0791025641025,0.02564102564102564,0.07692307692307693,1,0.1511338883701363
2026-07-27 08:00:00,HDFC,CARD,43,3,1022.3227906976743,0.023255813953488372,0.06976744186046512,1,0.20590527597171399
2026-07-27 08:00:00,HDFC,NETBANKING,11,0,913.3454545454545,0.0,0.0,1,0.2144094178375029
2026-07-27 08:00:00,HDFC,UPI,89,6,796.260786516854,0.056179775280898875,0.06741573033707865,1,0.1486334492454734
2026-07-27 08:00:00,ICICI,CARD,33,5,1143.6833333333334,0.12121212121212122,0.15151515151515152,1,0.04394294096472884
2026-07-27 08:00:00,ICICI,NETBANKING,17,1,1030.844705882353,0.058823529411764705,0.058823529411764705,1,0.18445702037226375
2026-07-27 08:00:00,ICICI,UPI,124,10,938.5837903225806,0.024193548387096774,0.08064516129032258,1,0.09441815510423979
2026-07-27 08:00:00,KOTAK,CARD,24,2,726.7454166666666,0.0,0.08333333333333333,1,0.18963350020880626
2026-07-27 08:00:00,KOTAK,NETBANKING,9,1,916.1833333333333,0.0,0.1111111111111111,1,0.17524480190919955
2026-07-27 08:00:00,KOTAK,UPI,54,1,982.8540740740741,0.0,0.018518518518518517,1,0.18755081509424099
2026-07-27 08:00:00,SBI,CARD,49,3,819.024693877551,0.02040816326530612,0.061224489795918366,1,0.20548696133266375
2026-07-27 08:00:00,SBI,NETBANKING,22,3,763.31,0.045454545454545456,0.13636363636363635,1,0.12896817778815867
2026-07-27 08:00:00,SBI,UPI,113,7,835.3119469026549,0.04424778761061947,0.061946902654867256,1,0.14000796008689714
2026-07-27 09:00:00,AXIS,CARD,36,3,753.2908333333334,0.0,0.08333333333333333,1,0.1914522479624315
2026-07-27 09:00:00,AXIS,NETBANKING,14,0,1157.4085714285716,0.0,0.0,1,0.188205003097278
2026-07-27 09:00:00,AXIS,UPI,84,7,840.9639285714286,0.047619047619047616,0.08333333333333333,1,0.1681384933899026
2026-07-27 09:00:00,HDFC,CARD,37,2,997.0432432432432,0.05405405405405406,0.05405405405405406,1,0.20298173842188894
2026-07-27 09:00:00,HDFC,NETBANKING,16,1,948.26875,0.0,0.0625,1,0.22571535594880254
2026-07-27 09:00:00,HDFC,UPI,121,4,983.9920661157024,0.01652892561983471,0.03305785123966942,1,0.1194539900636607
2026-07-27 09:00:00,ICICI,CARD,39,0,1040.420769230769,0.0,0.0,1,0.18075822496687088
2026-07-27 09:00:00,ICICI,NETBANKING,22,1,951.4927272727273,0.045454545454545456,0.045454545454545456,1,0.1839389680799312
2026-07-27 09:00:00,ICICI,UPI,96,7,992.0751041666666,0.041666666666666664,0.07291666666666667,1,0.17772610996793126
2026-07-27 09:00:00,KOTAK,CARD,17,3,749.9247058823529,0.0,0.17647058823529413,1,0.10659067902274777
2026-07-27 09:00:00,KOTAK,NETBANKING,10,0,626.942,0.0,0.0,1,0.15570633876889023
2026-07-27 09:00:00,KOTAK,UPI,54,2,937.0761111111111,0.018518518518518517,0.037037037037037035,1,0.1998429633214453
2026-07-27 09:00:00,SBI,CARD,41,1,1019.4924390243903,0.0,0.024390243902439025,1,0.20497755112276328
2026-07-27 09:00:00,SBI,NETBANKING,18,0,927.7655555555555,0.0,0.0,1,0.21356714763461054
2026-07-27 09:00:00,SBI,UPI,118,8,1019.4208474576271,0.05084745762711865,0.06779661016949153,1,0.1040379402125986
2026-07-27 10:00:00,AXIS,CARD,35,2,655.8648571428572,0.02857142857142857,0.05714285714285714,1,0.13706190277088975
2026-07-27 10:00:00,AXIS,NETBANKING,6,1,1177.6716666666666,0.16666666666666666,0.16666666666666666,-1,-0.005040833678775836
2026-07-27 10:00:00,AXIS,UPI,77,8,917.1662337662339,0.03896103896103896,0.1038961038961039,1,0.16567154303536674
2026-07-27 10:00:00,HDFC,CARD,43,3,962.859069767442,0.023255813953488372,0.06976744186046512,1,0.2129453571689745
2026-07-27 10:00:00,HDFC,NETBANKING,12,0,672.6341666666666,0.0,0.0,1,0.17735070247099377
2026-07-27 10:00:00,HDFC,UPI,124,9,904.5540322580645,0.04032258064516129,0.07258064516129033,1,0.10791307411601281
2026-07-27 10:00:00,ICICI,CARD,42,2,979.2009523809525,0.023809523809523808,0.047619047619047616,1,0.21182388588585077
2026-07-27 10:00:00,ICICI,NETBANKING,12,0,1116.8691666666666,0.0,0.0,1,0.19488497538874378
2026-07-27 10:00:00,ICICI,UPI,109,8,871.2626605504588,0.027522935779816515,0.07339449541284404,1,0.17203845711794324
2026-07-27 10:00:00,KOTAK,CARD,20,3,870.4604999999999,0.1,0.15,1,0.10833515384221426
2026-07-27 10:00:00,KOTAK,NETBANKING,10,0,793.589,0.0,0.0,1,0.20541246439070848
2026-07-27 10:00:00,KOTAK,UPI,54,3,1041.7616666666668,0.0,0.05555555555555555,1,0.18593295527334747
2026-07-27 10:00:00,SBI,CARD,40,2,982.1295,0.025,0.05,1,0.20910014734539684
2026-07-27 10:00:00,SBI,NETBANKING,16,2,1494.5943750000001,0.0625,0.125,1,0.01853316694946927
2026-07-27 10:00:00,SBI,UPI,110,5,817.0865454545454,0.02727272727272727,0.045454545454545456,1,0.1515951429692624
2026-07-27 11:00:00,AXIS,CARD,24,2,904.1158333333333,0.0,0.08333333333333333,1,0.2170880837324093
2026-07-27 11:00:00,AXIS,NETBANKING,12,1,1509.5874999999999,0.08333333333333333,0.08333333333333333,1,0.0008295655901190413
2026-07-27 11:00:00,AXIS,UPI,80,0,854.680625,0.0,0.0,1,0.13453612673928822
2026-07-27 11:00:00,HDFC,CARD,37,2,813.381081081081,0.05405405405405406,0.05405405405405406,1,0.19653371048338947
2026-07-27 11:00:00,HDFC,NETBANKING,19,2,1033.56,0.15789473684210525,0.10526315789473684,1,0.08913912843725424
2026-07-27 11:00:00,HDFC,UPI,106,4,915.2883018867924,0.009433962264150943,0.03773584905660377,1,0.1685226621338871
2026-07-27 11:00:00,ICICI,CARD,31,4,1026.0545161290324,0.06451612903225806,0.12903225806451613,1,0.1496230117947177
2026-07-27 11:00:00,ICICI,NETBANKING,14,0,727.0842857142858,0.0,0.0,1,0.1959181033534988
2026-07-27 11:00:00,ICICI,UPI,110,7,896.9379090909091,0.05454545454545454,0.06363636363636363,1,0.15551033980202145
2026-07-27 11:00:00,KOTAK,CARD,22,2,911.9477272727272,0.0,0.09090909090909091,1,0.20651871228440172
2026-07-27 11:00:00,KOTAK,NETBANKING,9,1,1400.9244444444444,0.0,0.1111111111111111,1,0.07331420321657478
2026-07-27 11:00:00,KOTAK,UPI,49,4,1071.228775510204,0.08163265306122448,0.08163265306122448,1,0.14358298233876332
2026-07-27 11:00:00,SBI,CARD,49,5,790.4530612244897,0.061224489795918366,0.10204081632653061,1,0.16790070833556148
2026-07-27 11:00:00,SBI,NETBANKING,20,0,701.8149999999999,0.0,0.0,1,0.180181103649175
2026-07-27 11:00:00,SBI,UPI,121,5,893.7343801652893,0.008264462809917356,0.04132231404958678,1,0.13273278459457416
2026-07-27 12:00:00,AXIS,CARD,40,3,821.3667499999999,0.075,0.075,1,0.16726447667072591
2026-07-27 12:00:00,AXIS,NETBANKING,8,0,957.92625,0.0,0.0,1,0.1995583631989168
2026-07-27 12:00:00,AXIS,UPI,87,5,1144.1549425287355,0.022988505747126436,0.05747126436781609,1,0.14685591565809714
2026-07-27 12:00:00,HDFC,CARD,41,1,776.8809756097562,0.0,0.024390243902439025,1,0.19777796941103515
2026-07-27 12:00:00,HDFC,NETBANKING,17,1,764.9235294117648,0.0,0.058823529411764705,1,0.21121971455407018
2026-07-27 12:00:00,HDFC,UPI,122,6,900.817131147541,0.040983606557377046,0.04918032786885246,1,0.12087807433048481
2026-07-27 12:00:00,ICICI,CARD,30,1,953.0939999999999,0.0,0.03333333333333333,1,0.21485675094350565
2026-07-27 12:00:00,ICICI,NETBANKING,17,2,746.2129411764706,0.11764705882352941,0.11764705882352941,1,0.11278605507921496
2026-07-27 12:00:00,ICICI,UPI,96,5,1127.3654166666668,0.03125,0.052083333333333336,1,0.13381517601000215
2026-07-27 12:00:00,KOTAK,CARD,19,1,999.2836842105263,0.0,0.05263157894736842,1,0.22082766333453913
2026-07-27 12:00:00,KOTAK,NETBANKING,8,2,744.09625,0.125,0.25,-1,-0.004228778148047896
2026-07-27 12:00:00,KOTAK,UPI,36,1,830.0761111111111,0.05555555555555555,0.027777777777777776,1,0.17166098622229398
2026-07-27 12:00:00,SBI,CARD,52,2,874.3405769230769,0.019230769230769232,0.038461538461538464,1,0.20019151147830072
2026-07-27 12:00:00,SBI,NETBANKING,21,0,1493.9233333333334,0.0,0.0,1,0.06025763242766291
2026-07-27 12:00:00,SBI,UPI,112,7,946.8478571428572,0.03571428571428571,0.0625,1,0.16006963977030653
2026-07-27 13:00:00,AXIS,CARD,31,1,847.2854838709677,0.0,0.03225806451612903,1,0.21267116546251147
2026-07-27 13:00:00,AXIS,NETBANKING,13,1,548.8676923076923,0.0,0.07692307692307693,1,0.13275781783312757
2026-07-27 13:00:00,AXIS,UPI,84,8,1036.277619047619,0.05952380952380952,0.09523809523809523,1,0.14723352210856222
2026-07-27 13:00:00,HDFC,CARD,49,1,1030.8042857142857,0.0,0.02040816326530612,1,0.18516668682822945
2026-07-27 13:00:00,HDFC,NETBANKING,8,0,1026.2350000000001,0.0,0.0,1,0.19195894917051437
2026-07-27 13:00:00,HDFC,UPI,109,7,1119.0115596330274,0.027522935779816515,0.06422018348623854,1,0.11567899597428094
2026-07-27 13:00:00,ICICI,CARD,41,2,926.879512195122,0.04878048780487805,0.04878048780487805,1,0.20045722779120678
2026-07-27 13:00:00,ICICI,NETBANKING,17,0,1432.3470588235296,0.0,0.0,1,0.10173961113154895
2026-07-27 13:00:00,ICICI,UPI,88,3,874.4618181818182,0.03409090909090909,0.03409090909090909,1,0.16965488935652323
2026-07-27 13:00:00,KOTAK,CARD,24,2,986.0704166666666,0.08333333333333333,0.08333333333333333,1,0.1525441129594497
2026-07-27 13:00:00,KOTAK,NETBANKING,5,0,383.274,0.0,0.0,1,0.029903135739532405
2026-07-27 13:00:00,KOTAK,UPI,63,1,965.4250793650793,0.015873015873015872,0.015873015873015872,1,0.16839170540856696
2026-07-27 13:00:00,SBI,CARD,51,3,876.4537254901961,0.0196078431372549,0.058823529411764705,1,0.2032200664084891
2026-07-27 13:00:00,SBI,NETBANKING,13,1,1108.233076923077,0.07692307692307693,0.07692307692307693,1,0.1311447941479556
2026-07-27 13:00:00,SBI,UPI,99,3,943.630202020202,0.010101010101010102,0.030303030303030304,1,0.175545225303899
2026-07-27 14:00:00,AXIS,CARD,24,2,842.2591666666667,0.041666666666666664,0.08333333333333333,1,0.20104885813964501
2026-07-27 14:00:00,AXIS,NETBANKING,16,0,975.48,0.0,0.0,1,0.2122357072914985
2026-07-27 14:00:00,AXIS,UPI,72,3,994.3683333333333,0.027777777777777776,0.041666666666666664,1,0.18613712397089932
2026-07-27 14:00:00,HDFC,CARD,43,2,1059.7806976744187,0.023255813953488372,0.046511627906976744,1,0.1921901867937751
2026-07-27 14:00:00,HDFC,NETBANKING,18,0,986.9644444444444,0.0,0.0,1,0.21009092762440756
2026-07-27 14:00:00,HDFC,UPI,107,8,770.6622429906542,0.028037383177570093,0.07476635514018691,1,0.12828462577139338
2026-07-27 14:00:00,ICICI,CARD,39,2,1026.8048717948718,0.07692307692307693,0.05128205128205128,1,0.15975809100968763
2026-07-27 14:00:00,ICICI,NETBANKING,19,3,997.0157894736842,0.10526315789473684,0.15789473684210525,1,0.09861345664217536
2026-07-27 14:00:00,ICICI,UPI,105,4,1033.7836190476191,0.02857142857142857,0.0380952380952381,1,0.14475289813015207
2026-07-27 14:00:00,KOTAK,CARD,15,2,1020.848,0.06666666666666667,0.13333333333333333,1,0.14221501155339478
2026-07-27 14:00:00,KOTAK,NETBANKING,9,1,761.9844444444444,0.0,0.1111111111111111,1,0.15987996836893714
2026-07-27 14:00:00,KOTAK,UPI,43,2,786.0286046511628,0.09302325581395349,0.046511627906976744,1,0.12063650525677505
2026-07-27 14:00:00,SBI,CARD,37,1,829.9294594594594,0.05405405405405406,0.02702702702702703,1,0.1721694841884523
2026-07-27 14:00:00,SBI,NETBANKING,17,2,759.7317647058824,0.058823529411764705,0.11764705882352941,1,0.15669779967236924
2026-07-27 14:00:00,SBI,UPI,88,7,889.9903409090908,0.03409090909090909,0.07954545454545454,1,0.18550266487355493
2026-07-27 15:00:00,AXIS,CARD,37,3,800.3302702702703,0.05405405405405406,0.08108108108108109,1,0.19347281415925266
2026-07-27 15:00:00,AXIS,NETBANKING,7,0,1187.7271428571428,0.0,0.0,1,0.15743846968578423
2026-07-27 15:00:00,AXIS,UPI,84,5,1222.9027380952382,0.011904761904761904,0.05952380952380952,1,0.12701838678395383
2026-07-27 15:00:00,HDFC,CARD,49,2,955.3363265306123,0.0,0.04081632653061224,1,0.20986602278022992
2026-07-27 15:00:00,HDFC,NETBANKING,17,0,963.9435294117648,0.0,0.0,1,0.21093780562356118
2026-07-27 15:00:00,HDFC,UPI,112,10,871.1634821428571,0.03571428571428571,0.08928571428571429,1,0.13381611550171335
2026-07-27 15:00:00,ICICI,CARD,39,3,891.4628205128206,0.0,0.07692307692307693,1,0.21753350902107815
2026-07-27 15:00:00,ICICI,NETBANKING,24,1,995.0454166666667,0.0,0.041666666666666664,1,0.22021788982211132
2026-07-27 15:00:00,ICICI,UPI,84,9,756.4716666666666,0.03571428571428571,0.10714285714285714,1,0.11154977471850802
2026-07-27 15:00:00,KOTAK,CARD,13,0,1036.09,0.0,0.0,1,0.20679298275749675
2026-07-27 15:00:00,KOTAK,NETBANKING,9,2,459.4177777777778,0.1111111111111111,0.2222222222222222,-1,-0.03575229700101268
2026-07-27 15:00:00,KOTAK,UPI,55,4,878.1143636363637,0.05454545454545454,0.07272727272727272,1,0.19074633032399252
2026-07-27 15:00:00,SBI,CARD,43,3,793.7286046511629,0.046511627906976744,0.06976744186046512,1,0.19344889117271746
2026-07-27 15:00:00,SBI,NETBANKING,20,1,543.804,0.0,0.05,1,0.12509978874605088
2026-07-27 15:00:00,SBI,UPI,118,7,824.3959322033899,0.01694915254237288,0.059322033898305086,1,0.14028704129088038
2026-07-27 16:00:00,AXIS,CARD,33,1,766.7542424242424,0.0,0.030303030303030304,1,0.19502888255427658
2026-07-27 16:00:00,AXIS,NETBANKING,17,1,1056.3294117647058,0.0,0.058823529411764705,1,0.21415146434810334
2026-07-27 16:00:00,AXIS,UPI,73,3,1168.5809589041096,0.0,0.0410958904109589,1,0.13473034084167462
2026-07-27 16:00:00,HDFC,CARD,45,4,873.5106666666668,0.08888888888888889,0.08888888888888889,1,0.14560050217209558
2026-07-27 16:00:00,HDFC,NETBANKING,17,2,602.6694117647058,0.058823529411764705,0.11764705882352941,1,0.10747539320043487
2026-07-27 16:00:00,HDFC,UPI,115,3,791.1164347826087,0.0,0.02608695652173913,1,0.09780490871989778
2026-07-27 16:00:00,ICICI,CARD,35,1,963.0442857142858,0.0,0.02857142857142857,1,0.21707978683012208
2026-07-27 16:00:00,ICICI,NETBANKING,15,1,753.8766666666667,0.06666666666666667,0.06666666666666667,1,0.16056345141791412
2026-07-27 16:00:00,ICICI,UPI,106,8,773.7161320754717,0.02830188679245283,0.07547169811320754,1,0.131277554156213
2026-07-27 16:00:00,KOTAK,CARD,17,0,737.7623529411766,0.0,0.0,1,0.1917186514235002
2026-07-27 16:00:00,KOTAK,NETBANKING,6,0,1112.2733333333333,0.0,0.0,1,0.16073070632338732
2026-07-27 16:00:00,KOTAK,UPI,58,4,1001.1629310344827,0.06896551724137931,0.06896551724137931,1,0.1649231053917315
2026-07-27 16:00:00,SBI,CARD,43,6,1215.253953488372,0.09302325581395349,0.13953488372093023,1,0.05318127633053382
2026-07-27 16:00:00,SBI,NETBANKING,16,1,840.293125,0.0,0.0625,1,0.22024337070863215
2026-07-27 16:00:00,SBI,UPI,112,6,945.6471428571429,0.026785714285714284,0.05357142857142857,1,0.15716467302003528
2026-07-27 17:00:00,AXIS,CARD,19,2,905.5836842105264,0.10526315789473684,0.10526315789473684,1,0.13909979899719094
2026-07-27 17:00:00,AXIS,NETBANKING,26,2,971.3907692307693,0.07692307692307693,0.07692307692307693,1,0.1639693843283882
2026-07-27 17:00:00,AXIS,UPI,80,1,915.7375,0.0,0.0125,1,0.15429891348743668
2026-07-27 17:00:00,HDFC,CARD,41,1,812.410731707317,0.0,0.024390243902439025,1,0.2071780102928919
2026-07-27 17:00:00,HDFC,NETBANKING,20,1,1039.617,0.0,0.05,1,0.2114355101223354
2026-07-27 17:00:00,HDFC,UPI,106,7,896.6983962264151,0.03773584905660377,0.0660377358490566,1,0.17993449631679825
2026-07-27 17:00:00,ICICI,CARD,43,2,747.7018604651163,0.0,0.046511627906976744,1,0.19195811055996476
2026-07-27 17:00:00,ICICI,NETBANKING,14,0,543.7392857142858,0.0,0.0,1,0.12174678073889916
2026-07-27 17:00:00,ICICI,UPI,103,7,853.3384466019418,0.019417475728155338,0.06796116504854369,1,0.17579858311924923
2026-07-27 17:00:00,KOTAK,CARD,25,1,963.4724000000001,0.08,0.04,1,0.14500753136216632
2026-07-27 17:00:00,KOTAK,NETBANKING,6,1,741.5250000000001,0.3333333333333333,0.16666666666666666,-1,-0.0650542788811187
2026-07-27 17:00:00,KOTAK,UPI,51,1,1065.511568627451,0.0196078431372549,0.0196078431372549,1,0.15754835951020302
2026-07-27 17:00:00,SBI,CARD,33,1,898.649090909091,0.0,0.030303030303030304,1,0.22025045121436554
2026-07-27 17:00:00,SBI,NETBANKING,15,2,645.8926666666666,0.0,0.13333333333333333,1,0.11911710856428809
2026-07-27 17:00:00,SBI,UPI,123,7,929.059349593496,0.016260162601626018,0.056910569105691054,1,0.13178257147928296
2026-07-27 18:00:00,AXIS,CARD,29,0,799.2437931034483,0.0,0.0,1,0.190074627994692
2026-07-27 18:00:00,AXIS,NETBANKING,17,3,758.8835294117647,0.058823529411764705,0.17647058823529413,1,0.10220825474884354
2026-07-27 18:00:00,AXIS,UPI,88,3,991.1218181818182,0.011363636363636364,0.03409090909090909,1,0.17666314623310297
2026-07-27 18:00:00,HDFC,CARD,34,2,868.3838235294118,0.029411764705882353,0.058823529411764705,1,0.2136974827808632
2026-07-27 18:00:00,HDFC,NETBANKING,12,3,1396.1583333333335,0.25,0.25,-1,-0.1208273876758914
2026-07-27 18:00:00,HDFC,UPI,109,7,958.9318348623854,0.027522935779816515,0.06422018348623854,1,0.1675235536445669
2026-07-27 18:00:00,ICICI,CARD,31,4,1013.6135483870968,0.0967741935483871,0.12903225806451613,1,0.11320562755515984
2026-07-27 18:00:00,ICICI,NETBANKING,11,0,756.3209090909091,0.0,0.0,1,0.1985264892996294
2026-07-27 18:00:00,ICICI,UPI,106,5,825.2266981132076,0.02830188679245283,0.04716981132075472,1,0.16583679145794628
2026-07-27 18:00:00,KOTAK,CARD,20,2,678.0985000000001,0.05,0.1,1,0.1449771242864742
2026-07-27 18:00:00,KOTAK,NETBANKING,12,2,1004.9633333333333,0.0,0.16666666666666666,1,0.10992378775837963
2026-07-27 18:00:00,KOTAK,UPI,52,5,974.9698076923077,0.07692307692307693,0.09615384615384616,1,0.15144848718366505
2026-07-27 18:00:00,SBI,CARD,44,2,923.6263636363636,0.0,0.045454545454545456,1,0.21896798550772728
2026-07-27 18:00:00,SBI,NETBANKING,18,0,1380.1511111111113,0.0,0.0,1,0.118582551199505
2026-07-27 18:00:00,SBI,UPI,117,12,907.4399999999999,0.042735042735042736,0.10256410256410256,1,0.10768059305759947
2026-07-27 19:00:00,AXIS,CARD,35,2,783.1448571428572,0.0,0.05714285714285714,1,0.2064192498919178
2026-07-27 19:00:00,AXIS,NETBANKING,15,1,1057.9886666666666,0.06666666666666667,0.06666666666666667,1,0.1652625238078605
2026-07-27 19:00:00,AXIS,UPI,88,3,1059.1575,0.022727272727272728,0.03409090909090909,1,0.15511083689328653
2026-07-27 19:00:00,HDFC,CARD,40,1,921.84725,0.0,0.025,1,0.214866959423766
2026-07-27 19:00:00,HDFC,NETBANKING,19,2,592.778947368421,0.05263157894736842,0.10526315789473684,1,0.11029586521494461
2026-07-27 19:00:00,HDFC,UPI,98,4,772.3991836734693,0.0,0.04081632653061224,1,0.13284277038715442
2026-07-27 19:00:00,ICICI,CARD,39,2,1013.5830769230769,0.0,0.05128205128205128,1,0.2143576444930378
2026-07-27 19:00:00,ICICI,NETBANKING,16,1,940.114375,0.0625,0.0625,1,0.18444186146460262
2026-07-27 19:00:00,ICICI,UPI,113,6,938.899203539823,0.02654867256637168,0.05309734513274336,1,0.15174809447550658
2026-07-27 19:00:00,KOTAK,CARD,12,3,892.4408333333332,0.0,0.25,1,0.03848152116937642
2026-07-27 19:00:00,KOTAK,NETBANKING,3,1,837.5500000000001,0.3333333333333333,0.3333333333333333,-1,-0.11649984729633811
2026-07-27 19:00:00,KOTAK,UPI,59,3,1003.2966101694915,0.0,0.05084745762711865,1,0.1879602623161386
2026-07-27 19:00:00,SBI,CARD,47,2,762.6393617021278,0.02127659574468085,0.0425531914893617,1,0.1864933555155534
2026-07-27 19:00:00,SBI,NETBANKING,18,1,1193.25,0.05555555555555555,0.05555555555555555,1,0.15098029743062458
2026-07-27 19:00:00,SBI,UPI,97,7,877.999175257732,0.061855670103092786,0.07216494845360824,1,0.16492394630039842
2026-07-27 20:00:00,AXIS,CARD,33,4,999.6336363636365,0.06060606060606061,0.12121212121212122,1,0.1565725310736797
2026-07-27 20:00:00,AXIS,NETBANKING,7,0,1632.6914285714286,0.0,0.0,1,0.020777301453047348
2026-07-27 20:00:00,AXIS,UPI,76,5,976.831052631579,0.0,0.06578947368421052,1,0.18243232766171863
2026-07-27 20:00:00,HDFC,CARD,36,1,806.111388888889,0.027777777777777776,0.027777777777777776,1,0.18449258728298867
2026-07-27 20:00:00,HDFC,NETBANKING,24,3,931.4591666666666,0.08333333333333333,0.125,1,0.1408439528078489
2026-07-27 20:00:00,HDFC,UPI,103,7,1084.6056310679612,0.05825242718446602,0.06796116504854369,1,0.11745760996403642
2026-07-27 20:00:00,ICICI,CARD,40,1,885.33675,0.0,0.025,1,0.21241185919991962
2026-07-27 20:00:00,ICICI,NETBANKING,8,0,861.505,0.0,0.0,1,0.19808121092982212
2026-07-27 20:00:00,ICICI,UPI,96,8,923.6635416666667,0.03125,0.08333333333333333,1,0.18181359327048274
2026-07-27 20:00:00,KOTAK,CARD,20,1,664.567,0.05,0.05,1,0.13376972976730556
2026-07-27 20:00:00,KOTAK,NETBANKING,7,1,781.1242857142857,0.0,0.14285714285714285,1,0.11745618721747264
2026-07-27 20:00:00,KOTAK,UPI,60,4,752.4505,0.03333333333333333,0.06666666666666667,1,0.14840081982089576
2026-07-27 20:00:00,SBI,CARD,50,6,655.1168,0.02,0.12,1,0.09493734314308921
2026-07-27 20:00:00,SBI,NETBANKING,18,0,1090.53,0.0,0.0,1,0.1973845787221461
2026-07-27 20:00:00,SBI,UPI,95,5,877.2173684210526,0.042105263157894736,0.05263157894736842,1,0.1808829931756638
2026-07-27 21:00:00,AXIS,CARD,29,2,897.446551724138,0.0,0.06896551724137931,1,0.22923125642823955
2026-07-27 21:00:00,AXIS,NETBANKING,9,1,535.3511111111111,0.0,0.1111111111111111,1,0.0979928516595171
2026-07-27 21:00:00,AXIS,UPI,82,5,867.4292682926829,0.036585365853658534,0.06097560975609756,1,0.19427321859247687
2026-07-27 21:00:00,HDFC,CARD,37,1,916.7813513513514,0.0,0.02702702702702703,1,0.220138390727308
2026-07-27 21:00:00,HDFC,NETBANKING,14,0,893.3164285714286,0.0,0.0,1,0.2165212240019852
2026-07-27 21:00:00,HDFC,UPI,106,12,1014.7233018867925,0.09433962264150944,0.11320754716981132,1,0.06215476745571169
2026-07-27 21:00:00,ICICI,CARD,39,1,976.9384615384615,0.02564102564102564,0.02564102564102564,1,0.19572625919143338
2026-07-27 21:00:00,ICICI,NETBANKING,13,0,901.0246153846153,0.0,0.0,1,0.21553040795673728
2026-07-27 21:00:00,ICICI,UPI,94,7,881.1821276595745,0.031914893617021274,0.07446808510638298,1,0.18569813635012283
2026-07-27 21:00:00,KOTAK,CARD,20,1,926.0965,0.0,0.05,1,0.2247341150323292
2026-07-27 21:00:00,KOTAK,NETBANKING,10,0,847.3879999999999,0.0,0.0,1,0.2038148574437798
2026-07-27 21:00:00,KOTAK,UPI,57,3,876.3152631578947,0.017543859649122806,0.05263157894736842,1,0.19929650573731628
2026-07-27 21:00:00,SBI,CARD,37,2,920.9489189189189,0.0,0.05405405405405406,1,0.2263374740946552
2026-07-27 21:00:00,SBI,NETBANKING,18,1,657.0427777777778,0.05555555555555555,0.05555555555555555,1,0.14292673967486713
2026-07-27 21:00:00,SBI,UPI,74,2,862.6543243243243,0.013513513513513514,0.02702702702702703,1,0.16962883833974296
2026-07-27 22:00:00,AXIS,CARD,36,0,1083.4766666666667,0.0,0.0,1,0.17284340583526836
2026-07-27 22:00:00,AXIS,NETBANKING,18,4,683.8488888888888,0.05555555555555555,0.2222222222222222,1,0.03432605635548691
2026-07-27 22:00:00,AXIS,UPI,81,6,950.3514814814815,0.04938271604938271,0.07407407407407407,1,0.182323089096521
2026-07-27 22:00:00,HDFC,CARD,40,0,1052.27275,0.0,0.0,1,0.17630268718072561
2026-07-27 22:00:00,HDFC,NETBANKING,17,0,1112.9235294117648,0.0,0.0,1,0.19204537007910505
2026-07-27 22:00:00,HDFC,UPI,104,7,921.2792307692307,0.038461538461538464,0.0673076923076923,1,0.17859052031198192
2026-07-27 22:00:00,ICICI,CARD,35,2,1119.2262857142857,0.0,0.05714285714285714,1,0.19516193844643526
2026-07-27 22:00:00,ICICI,NETBANKING,11,0,755.8818181818183,0.0,0.0,1,0.1985264892996294
2026-07-27 22:00:00,ICICI,UPI,105,2,846.8778095238096,0.0,0.01904761904761905,1,0.13406538167452697
2026-07-27 22:00:00,KOTAK,CARD,19,1,1114.8163157894737,0.0,0.05263157894736842,1,0.19736619530321986
2026-07-27 22:00:00,KOTAK,NETBANKING,7,1,421.06857142857143,0.0,0.14285714285714285,1,0.023771979410030397
2026-07-27 22:00:00,KOTAK,UPI,61,3,1124.3488524590164,0.03278688524590164,0.04918032786885246,1,0.14983019617036963
2026-07-27 22:00:00,SBI,CARD,35,3,1133.446,0.02857142857142857,0.08571428571428572,1,0.17526766810873579
2026-07-27 22:00:00,SBI,NETBANKING,16,1,1156.904375,0.0,0.0625,1,0.1922348589195535
2026-07-27 22:00:00,SBI,UPI,116,10,1101.0597413793103,0.04310344827586207,0.08620689655172414,1,0.08993531307817071
2026-07-27 23:00:00,AXIS,CARD,29,4,1061.085172413793,0.034482758620689655,0.13793103448275862,1,0.1306506484423769
2026-07-27 23:00:00,AXIS,NETBANKING,7,1,761.907142857143,0.0,0.14285714285714285,1,0.10907960838055442
2026-07-27 23:00:00,AXIS,UPI,83,3,849.5986746987952,0.03614457831325301,0.03614457831325301,1,0.1728550481376509
2026-07-27 23:00:00,HDFC,CARD,40,2,890.2237499999999,0.05,0.05,1,0.19819075782830536
2026-07-27 23:00:00,HDFC,NETBANKING,10,0,1221.578,0.0,0.0,1,0.16982739379710554
2026-07-27 23:00:00,HDFC,UPI,111,8,1004.9994594594594,0.05405405405405406,0.07207207207207207,1,0.12847457049517153
2026-07-27 23:00:00,ICICI,CARD,49,4,937.3026530612245,0.02040816326530612,0.08163265306122448,1,0.1982443121770071
2026-07-27 23:00:00,ICICI,NETBANKING,19,0,1022.2636842105262,0.0,0.0,1,0.20549408269849712
2026-07-27 23:00:00,ICICI,UPI,84,6,913.5291666666666,0.047619047619047616,0.07142857142857142,1,0.18343429727211152
2026-07-27 23:00:00,KOTAK,CARD,16,0,1191.26,0.0,0.0,1,0.17926874759296235
2026-07-27 23:00:00,KOTAK,NETBANKING,9,0,1017.5,0.0,0.0,1,0.20041514478820938
2026-07-27 23:00:00,KOTAK,UPI,60,5,921.8196666666666,0.08333333333333333,0.08333333333333333,1,0.1386896300888678
2026-07-27 23:00:00,SBI,CARD,41,3,899.3809756097562,0.07317073170731707,0.07317073170731707,1,0.1823243783013162
2026-07-27 23:00:00,SBI,NETBANKING,15,0,728.6606666666667,0.0,0.0,1,0.19818574868362476
2026-07-27 23:00:00,SBI,UPI,125,5,879.7336,0.024,0.04,1,0.10670239581203034
2026-07-28 00:00:00,AXIS,CARD,24,3,945.8091666666666,0.041666666666666664,0.125,1,0.16690796292447507
2026-07-28 00:00:00,AXIS,NETBANKING,13,0,717.1546153846155,0.0,0.0,1,0.19369541710438737
2026-07-28 00:00:00,AXIS,UPI,73,3,828.5679452054794,0.0,0.0410958904109589,1,0.179590128898313
2026-07-28 00:00:00,HDFC,CARD,38,3,1305.2926315789473,0.0,0.07894736842105263,1,0.14214473934666738
2026-07-28 00:00:00,HDFC,NETBANKING,12,0,1586.0033333333333,0.0,0.0,1,0.051773126621998955
2026-07-28 00:00:00,HDFC,UPI,105,2,745.6045714285714,0.0,0.01904761904761905,1,0.08736751707797163
2026-07-28 00:00:00,ICICI,CARD,41,1,942.3065853658536,0.0,0.024390243902439025,1,0.21419957851920624
2026-07-28 00:00:00,ICICI,NETBANKING,13,1,1219.9792307692308,0.0,0.07692307692307693,1,0.1791094439775303
2026-07-28 00:00:00,ICICI,UPI,113,9,1034.7309734513274,0.035398230088495575,0.07964601769911504,1,0.131120957384669
2026-07-28 00:00:00,KOTAK,CARD,24,1,797.97625,0.0,0.041666666666666664,1,0.21501901750639701
2026-07-28 00:00:00,KOTAK,NETBANKING,12,1,779.5733333333334,0.0,0.08333333333333333,1,0.20550668246765286
2026-07-28 00:00:00,KOTAK,UPI,49,3,1163.1338775510205,0.0,0.061224489795918366,1,0.16372237802016065
2026-07-28 00:00:00,SBI,CARD,37,1,764.802972972973,0.02702702702702703,0.02702702702702703,1,0.17320176521483338
2026-07-28 00:00:00,SBI,NETBANKING,16,0,1239.2693749999999,0.0,0.0,1,0.163523529599708
2026-07-28 00:00:00,SBI,UPI,108,6,842.090462962963,0.027777777777777776,0.05555555555555555,1,0.1669682512541525
2026-07-28 01:00:00,AXIS,CARD,30,2,788.7493333333333,0.03333333333333333,0.06666666666666667,1,0.19768073417926052
2026-07-28 01:00:00,AXIS,NETBANKING,10,0,1035.046,0.0,0.0,1,0.20288923163795602
2026-07-28 01:00:00,AXIS,UPI,87,10,851.2419540229886,0.10344827586206896,0.11494252873563218,1,0.080311702938628
2026-07-28 01:00:00,HDFC,CARD,36,1,750.1730555555555,0.027777777777777776,0.027777777777777776,1,0.16922659799102513
2026-07-28 01:00:00,HDFC,NETBANKING,20,2,732.8014999999999,0.05,0.1,1,0.16255122967071917
2026-07-28 01:00:00,HDFC,UPI,126,9,777.4083333333333,0.023809523809523808,0.07142857142857142,1,0.0570183918931223
2026-07-28 01:00:00,ICICI,CARD,39,2,788.0028205128206,0.02564102564102564,0.05128205128205128,1,0.20029130615217927
2026-07-28 01:00:00,ICICI,NETBANKING,17,2,795.0117647058823,0.0,0.11764705882352941,1,0.17373676959779866
2026-07-28 01:00:00,ICICI,UPI,107,7,967.6622429906542,0.009345794392523364,0.06542056074766354,1,0.16412175839588578
2026-07-28 01:00:00,KOTAK,CARD,20,1,875.109,0.0,0.05,1,0.2231255605146018
2026-07-28 01:00:00,KOTAK,NETBANKING,11,0,940.7018181818183,0.0,0.0,1,0.2144716695427008
2026-07-28 01:00:00,KOTAK,UPI,51,1,1096.4964705882353,0.0392156862745098,0.0196078431372549,1,0.1439585746125785
2026-07-28 01:00:00,SBI,CARD,43,1,1146.587906976744,0.046511627906976744,0.023255813953488372,1,0.13475221631641732
2026-07-28 01:00:00,SBI,NETBANKING,15,1,922.526,0.0,0.06666666666666667,1,0.2276026549390157
2026-07-28 01:00:00,SBI,UPI,107,9,956.9619626168223,0.056074766355140186,0.08411214953271028,1,0.15336371591617398
2026-07-28 02:00:00,AXIS,CARD,24,0,835.2408333333333,0.0,0.0,1,0.2020897416682536
2026-07-28 02:00:00,AXIS,NETBANKING,7,0,1759.57,0.0,0.0,1,0.0076986093978295145
2026-07-28 02:00:00,AXIS,UPI,112,6,889.704017857143,0.05357142857142857,0.05357142857142857,1,0.14167135948839932
2026-07-28 02:00:00,HDFC,CARD,42,5,1050.6519047619047,0.023809523809523808,0.11904761904761904,1,0.15622316969375843
2026-07-28 02:00:00,HDFC,NETBANKING,14,3,820.0014285714286,0.07142857142857142,0.21428571428571427,1,0.06381420494690826
2026-07-28 02:00:00,HDFC,UPI,118,10,1027.3289830508475,0.01694915254237288,0.0847457627118644,1,0.10781254325424339
2026-07-28 02:00:00,ICICI,CARD,40,5,993.7747499999999,0.05,0.125,1,0.16445066242912826
2026-07-28 02:00:00,ICICI,NETBANKING,24,1,824.7399999999999,0.041666666666666664,0.041666666666666664,1,0.19301000081653358
2026-07-28 02:00:00,ICICI,UPI,92,5,787.9051086956522,0.05434782608695652,0.05434782608695652,1,0.1450442316971654
2026-07-28 02:00:00,KOTAK,CARD,27,0,924.0959259259259,0.0,0.0,1,0.20472543091627277
2026-07-28 02:00:00,KOTAK,NETBANKING,5,1,842.144,0.0,0.2,1,0.053873843228927076
2026-07-28 02:00:00,KOTAK,UPI,48,3,932.7329166666667,0.0625,0.0625,1,0.1964936808085499
2026-07-28 02:00:00,SBI,CARD,48,4,988.8070833333333,0.0,0.08333333333333333,1,0.1944130053771394
2026-07-28 02:00:00,SBI,NETBANKING,20,0,1223.019,0.0,0.0,1,0.16584197311582427
2026-07-28 02:00:00,SBI,UPI,117,5,894.1671794871795,0.017094017094017096,0.042735042735042736,1,0.15463666403358323
2026-07-28 03:00:00,AXIS,CARD,24,0,824.5841666666666,0.0,0.0,1,0.2026012964911491
2026-07-28 03:00:00,AXIS,NETBANKING,13,0,996.0507692307692,0.0,0.0,1,0.2152568542117465
2026-07-28 03:00:00,AXIS,UPI,79,2,867.5905063291139,0.0,0.02531645569620253,1,0.17257829021361165
2026-07-28 03:00:00,HDFC,CARD,34,2,982.0376470588235,0.029411764705882353,0.058823529411764705,1,0.21565383813971756
2026-07-28 03:00:00,HDFC,NETBANKING,17,0,942.1970588235295,0.0,0.0,1,0.21475399921155924
2026-07-28 03:00:00,HDFC,UPI,113,7,878.4835398230089,0.04424778761061947,0.061946902654867256,1,0.14934535467959315
2026-07-28 03:00:00,ICICI,CARD,28,0,983.1157142857143,0.0,0.0,1,0.1971944924391763
2026-07-28 03:00:00,ICICI,NETBANKING,10,1,1302.144,0.0,0.1,1,0.11972543791570311
2026-07-28 03:00:00,ICICI,UPI,102,4,910.088431372549,0.029411764705882353,0.0392156862745098,1,0.17718675356703223
2026-07-28 03:00:00,KOTAK,CARD,23,0,630.3808695652174,0.0,0.0,1,0.14005536415762843
2026-07-28 03:00:00,KOTAK,NETBANKING,11,2,690.1009090909091,0.09090909090909091,0.18181818181818182,1,0.053017884980540386
2026-07-28 03:00:00,KOTAK,UPI,56,5,1021.31625,0.03571428571428571,0.08928571428571429,1,0.17376969599485392
2026-07-28 03:00:00,SBI,CARD,36,3,789.9505555555556,0.05555555555555555,0.08333333333333333,1,0.190504560817519
2026-07-28 03:00:00,SBI,NETBANKING,15,2,1884.642,0.0,0.13333333333333333,-1,-0.024069884477623038
2026-07-28 03:00:00,SBI,UPI,110,5,896.3668181818182,0.02727272727272727,0.045454545454545456,1,0.16829293557672576
2026-07-28 04:00:00,AXIS,CARD,28,0,812.2728571428571,0.0,0.0,1,0.19623849111693548
2026-07-28 04:00:00,AXIS,NETBANKING,19,0,1235.2536842105262,0.0,0.0,1,0.16043101234006946
2026-07-28 04:00:00,AXIS,UPI,80,5,948.442375,0.0125,0.0625,1,0.1904713209385085
2026-07-28 04:00:00,HDFC,CARD,50,1,808.7366000000001,0.0,0.02,1,0.18547435932798595
2026-07-28 04:00:00,HDFC,NETBANKING,16,0,990.0725,0.0,0.0,1,0.21385656812131654
2026-07-28 04:00:00,HDFC,UPI,100,5,887.3952,0.01,0.05,1,0.18332444859533237
2026-07-28 04:00:00,ICICI,CARD,31,3,842.5683870967741,0.0,0.0967741935483871,1,0.19978909048660737
2026-07-28 04:00:00,ICICI,NETBANKING,18,1,887.8744444444444,0.0,0.05555555555555555,1,0.22971251305620466
2026-07-28 04:00:00,ICICI,UPI,97,3,894.7937113402062,0.020618556701030927,0.030927835051546393,1,0.1794722121062018
2026-07-28 04:00:00,KOTAK,CARD,27,1,1013.2425925925926,0.07407407407407407,0.037037037037037035,1,0.1376513335077169
2026-07-28 04:00:00,KOTAK,NETBANKING,10,1,783.885,0.0,0.1,1,0.18100716270025996
2026-07-28 04:00:00,KOTAK,UPI,61,6,742.9044262295082,0.04918032786885246,0.09836065573770492,1,0.1301065550181411
2026-07-28 04:00:00,SBI,CARD,54,1,818.8464814814814,0.018518518518518517,0.018518518518518517,1,0.16943078711341908
2026-07-28 04:00:00,SBI,NETBANKING,8,1,1015.33875,0.0,0.125,1,0.14260716431119158
2026-07-28 04:00:00,SBI,UPI,116,4,920.9636206896552,0.0,0.034482758620689655,1,0.13150267137715466
2026-07-28 05:00:00,AXIS,CARD,36,6,1205.3572222222222,0.027777777777777776,0.16666666666666666,1,0.07319154777931802
2026-07-28 05:00:00,AXIS,NETBANKING,15,1,650.2906666666667,0.0,0.06666666666666667,1,0.1786616468554994
2026-07-28 05:00:00,AXIS,UPI,99,6,1078.6658585858586,0.06060606060606061,0.06060606060606061,1,0.12443981322772363
2026-07-28 05:00:00,HDFC,CARD,51,4,1082.2366666666667,0.0196078431372549,0.0784313725490196,1,0.17027211829871303
2026-07-28 05:00:00,HDFC,NETBANKING,21,0,857.2147619047619,0.0,0.0,1,0.2054837579067944
2026-07-28 05:00:00,HDFC,UPI,112,10,913.9315178571429,0.05357142857142857,0.08928571428571429,1,0.13680823180462431
2026-07-28 05:00:00,ICICI,CARD,40,2,972.8342500000001,0.025,0.05,1,0.2088795958848677
2026-07-28 05:00:00,ICICI,NETBANKING,15,1,879.294,0.0,0.06666666666666667,1,0.2265750142834917
2026-07-28 05:00:00,ICICI,UPI,98,7,946.4158163265306,0.01020408163265306,0.07142857142857142,1,0.1792487220051449
2026-07-28 05:00:00,KOTAK,CARD,20,0,938.1850000000001,0.0,0.0,1,0.20972305759849386
2026-07-28 05:00:00,KOTAK,NETBANKING,8,1,563.66625,0.25,0.125,-1,-0.06301956216680582
2026-07-28 05:00:00,KOTAK,UPI,54,5,1030.8948148148147,0.037037037037037035,0.09259259259259259,1,0.1725796105569451
2026-07-28 05:00:00,SBI,CARD,35,1,916.5805714285714,0.02857142857142857,0.02857142857142857,1,0.19574753044598714
2026-07-28 05:00:00,SBI,NETBANKING,14,0,1748.237857142857,0.0,0.0,1,0.02333389873725067
2026-07-28 05:00:00,SBI,UPI,109,4,992.7019266055046,0.009174311926605505,0.03669724770642202,1,0.14117075582130545
2026-07-28 06:00:00,AXIS,CARD,29,3,934.85,0.10344827586206896,0.10344827586206896,1,0.13825963736596059
2026-07-28 06:00:00,AXIS,NETBANKING,12,0,1216.495,0.0,0.0,1,0.17521148532791025
2026-07-28 06:00:00,AXIS,UPI,86,8,777.7866279069767,0.011627906976744186,0.09302325581395349,1,0.12549637883426917
2026-07-28 06:00:00,HDFC,CARD,50,1,884.6884,0.02,0.02,1,0.18480622161162674
2026-07-28 06:00:00,HDFC,NETBANKING,25,2,665.9760000000001,0.12,0.08,1,0.08432570743310053
2026-07-28 06:00:00,HDFC,UPI,114,7,886.5338596491229,0.017543859649122806,0.06140350877192982,1,0.16221832179892465
2026-07-28 06:00:00,ICICI,CARD,27,0,916.0222222222221,0.0,0.0,1,0.2057354780182873
2026-07-28 06:00:00,ICICI,NETBANKING,15,1,967.7913333333332,0.06666666666666667,0.06666666666666667,1,0.1743605690449357
2026-07-28 06:00:00,ICICI,UPI,96,3,932.3277083333334,0.010416666666666666,0.03125,1,0.1774949822813086
2026-07-28 06:00:00,KOTAK,CARD,28,4,803.0142857142857,0.10714285714285714,0.14285714285714285,1,0.09786627499028744
2026-07-28 06:00:00,KOTAK,NETBANKING,10,1,988.476,0.0,0.1,1,0.18166517879734062
2026-07-28 06:00:00,KOTAK,UPI,46,5,1141.8845652173914,0.021739130434782608,0.10869565217391304,1,0.13568055763098347
2026-07-28 06:00:00,SBI,CARD,57,1,937.7515789473684,0.03508771929824561,0.017543859649122806,1,0.1631655388315824
2026-07-28 06:00:00,SBI,NETBANKING,15,1,1109.962,0.06666666666666667,0.06666666666666667,1,0.15408876951447886
2026-07-28 06:00:00,SBI,UPI,115,6,987.1411304347826,0.017391304347826087,0.05217391304347826,1,0.15175936033814313
2026-07-28 07:00:00,AXIS,CARD,24,1,962.9975,0.0,0.041666666666666664,1,0.22304463856885864
2026-07-28 07:00:00,AXIS,NETBANKING,6,0,1087.02,0.0,0.0,1,0.16737000520791412
2026-07-28 07:00:00,AXIS,UPI,84,3,912.7155952380953,0.023809523809523808,0.03571428571428571,1,0.18500330497564638
2026-07-28 07:00:00,HDFC,CARD,43,2,1026.9662790697676,0.0,0.046511627906976744,1,0.20758873543523076
2026-07-28 07:00:00,HDFC,NETBANKING,13,0,933.5176923076923,0.0,0.0,1,0.21545609369223268
2026-07-28 07:00:00,HDFC,UPI,106,9,883.7360377358491,0.03773584905660377,0.08490566037735849,1,0.16962720500268286
2026-07-28 07:00:00,ICICI,CARD,45,4,836.87,0.022222222222222223,0.08888888888888889,1,0.18394151875975634
2026-07-28 07:00:00,ICICI,NETBANKING,15,0,712.194,0.0,0.0,1,0.1983545667308822
2026-07-28 07:00:00,ICICI,UPI,115,8,863.4120869565218,0.043478260869565216,0.06956521739130435,1,0.1482576347302308
2026-07-28 07:00:00,KOTAK,CARD,14,0,1045.5657142857142,0.0,0.0,1,0.20857876809200715
2026-07-28 07:00:00,KOTAK,NETBANKING,8,0,1042.02375,0.0,0.0,1,0.18920915874682492
2026-07-28 07:00:00,KOTAK,UPI,53,2,1060.9815094339624,0.03773584905660377,0.03773584905660377,1,0.17009260768017226
2026-07-28 07:00:00,SBI,CARD,48,6,1119.500625,0.020833333333333332,0.125,1,0.12774018588427022
2026-07-28 07:00:00,SBI,NETBANKING,18,0,991.5183333333332,0.0,0.0,1,0.21144104383165963
2026-07-28 07:00:00,SBI,UPI,97,9,895.4218556701031,0.041237113402061855,0.09278350515463918,1,0.17043566986314967
2026-07-28 08:00:00,AXIS,CARD,36,0,881.8991666666666,0.0,0.0,1,0.19232148020765832
2026-07-28 08:00:00,AXIS,NETBANKING,11,0,1297.6809090909092,0.0,0.0,1,0.1461633360116497
2026-07-28 08:00:00,AXIS,UPI,72,3,855.9402777777779,0.027777777777777776,0.041666666666666664,1,0.18805545168656712
2026-07-28 08:00:00,HDFC,CARD,47,3,1008.1855319148937,0.0425531914893617,0.06382978723404255,1,0.2078856626331324
2026-07-28 08:00:00,HDFC,NETBANKING,14,1,1384.55,0.0,0.07142857142857142,1,0.11677957400909983
2026-07-28 08:00:00,HDFC,UPI,108,9,941.2157407407408,0.046296296296296294,0.08333333333333333,1,0.1556867320899903
2026-07-28 08:00:00,ICICI,CARD,31,3,1071.9612903225807,0.0,0.0967741935483871,1,0.1826928506218311
2026-07-28 08:00:00,ICICI,NETBANKING,21,0,848.5733333333334,0.0,0.0,1,0.19916754851052687
2026-07-28 08:00:00,ICICI,UPI,88,5,975.2714772727272,0.022727272727272728,0.056818181818181816,1,0.1907151308977756
2026-07-28 08:00:00,KOTAK,CARD,24,0,761.57375,0.0,0.0,1,0.18931618993646693
2026-07-28 08:00:00,KOTAK,NETBANKING,6,1,730.3883333333333,0.3333333333333333,0.16666666666666666,-1,-0.06596563083206208
2026-07-28 08:00:00,KOTAK,UPI,70,4,989.5607142857143,0.02857142857142857,0.05714285714285714,1,0.19247413131745872
2026-07-28 08:00:00,SBI,CARD,39,2,1067.2076923076922,0.02564102564102564,0.05128205128205128,1,0.19445082549102977
2026-07-28 08:00:00,SBI,NETBANKING,15,2,1171.502,0.06666666666666667,0.13333333333333333,1,0.10611009132917404
2026-07-28 08:00:00,SBI,UPI,106,3,895.1030188679246,0.018867924528301886,0.02830188679245283,1,0.16335540989599423
2026-07-28 09:00:00,AXIS,CARD,34,2,719.949705882353,0.058823529411764705,0.058823529411764705,1,0.16017419085394757
2026-07-28 09:00:00,AXIS,NETBANKING,16,2,681.16875,0.125,0.125,1,0.08003633229523055
2026-07-28 09:00:00,AXIS,UPI,84,5,850.3661904761905,0.011904761904761904,0.05952380952380952,1,0.18210225163113364
2026-07-28 09:00:00,HDFC,CARD,37,2,912.5194594594595,0.02702702702702703,0.05405405405405406,1,0.21882449493663853
2026-07-28 09:00:00,HDFC,NETBANKING,17,3,1105.5911764705882,0.0,0.17647058823529413,1,0.08979052256449183
2026-07-28 09:00:00,HDFC,UPI,104,6,924.2411538461539,0.038461538461538464,0.057692307692307696,1,0.17722492683359964
2026-07-28 09:00:00,ICICI,CARD,43,4,872.4148837209303,0.046511627906976744,0.09302325581395349,1,0.1970146889751252
2026-07-28 09:00:00,ICICI,NETBANKING,17,1,802.7805882352941,0.058823529411764705,0.058823529411764705,1,0.17942657305017856
2026-07-28 09:00:00,ICICI,UPI,87,2,994.5471264367817,0.034482758620689655,0.022988505747126436,1,0.15798681173290907
2026-07-28 09:00:00,KOTAK,CARD,21,1,972.5423809523809,0.047619047619047616,0.047619047619047616,1,0.18158180329850976
2026-07-28 09:00:00,KOTAK,NETBANKING,7,0,606.3928571428571,0.0,0.0,1,0.12838644874306265
2026-07-28 09:00:00,KOTAK,UPI,48,3,947.3064583333334,0.041666666666666664,0.0625,1,0.21161790250193085
2026-07-28 09:00:00,SBI,CARD,40,2,1189.2694999999999,0.025,0.05,1,0.16215237099204693
2026-07-28 09:00:00,SBI,NETBANKING,16,2,987.53,0.125,0.125,1,0.10801165894968656
2026-07-28 09:00:00,SBI,UPI,105,4,874.7614285714285,0.01904761904761905,0.0380952380952381,1,0.17520091847896285
2026-07-28 10:00:00,AXIS,CARD,24,2,863.3670833333332,0.0,0.08333333333333333,1,0.21556359477176606
2026-07-28 10:00:00,AXIS,NETBANKING,8,1,1266.1012500000002,0.0,0.125,1,0.09465318712073723
2026-07-28 10:00:00,AXIS,UPI,81,9,960.145061728395,0.07407407407407407,0.1111111111111111,1,0.12225953609828433
2026-07-28 10:00:00,HDFC,CARD,28,3,928.4178571428572,0.0,0.10714285714285714,1,0.19288953253470648
2026-07-28 10:00:00,HDFC,NETBANKING,22,1,976.2286363636363,0.045454545454545456,0.045454545454545456,1,0.18517588490442372
2026-07-28 10:00:00,HDFC,UPI,106,6,980.78,0.02830188679245283,0.05660377358490566,1,0.1726120448296894
2026-07-28 10:00:00,ICICI,CARD,37,1,988.9789189189189,0.0,0.02702702702702703,1,0.21775080482053571
2026-07-28 10:00:00,ICICI,NETBANKING,14,0,743.8000000000001,0.0,0.0,1,0.1978136006870077
2026-07-28 10:00:00,ICICI,UPI,104,12,899.6382692307693,0.038461538461538464,0.11538461538461539,1,0.12657661654456753
2026-07-28 10:00:00,KOTAK,CARD,28,1,826.7235714285714,0.0,0.03571428571428571,1,0.21314144279620828
2026-07-28 10:00:00,KOTAK,NETBANKING,5,0,507.40599999999995,0.0,0.0,1,0.06893533003554464
2026-07-28 10:00:00,KOTAK,UPI,52,2,1078.8555769230768,0.0,0.038461538461538464,1,0.1773027715235252
2026-07-28 10:00:00,SBI,CARD,35,2,782.764,0.02857142857142857,0.05714285714285714,1,0.19667173758093587
2026-07-28 10:00:00,SBI,NETBANKING,19,2,704.82,0.10526315789473684,0.10526315789473684,1,0.11692450188163694
2026-07-28 10:00:00,SBI,UPI,143,13,930.9537762237763,0.06293706293706294,0.09090909090909091,1,0.04858217545338217
2026-07-28 11:00:00,AXIS,CARD,26,1,800.9465384615385,0.038461538461538464,0.038461538461538464,1,0.1862576323291386
2026-07-28 11:00:00,AXIS,NETBANKING,15,0,709.728,0.0,0.0,1,0.1983545667308822
2026-07-28 11:00:00,AXIS,UPI,75,3,1051.9762666666668,0.02666666666666667,0.04,1,0.16960204641082682
2026-07-28 11:00:00,HDFC,CARD,44,5,1189.196590909091,0.09090909090909091,0.11363636363636363,1,0.08307424734246005
2026-07-28 11:00:00,HDFC,NETBANKING,14,1,514.3271428571428,0.07142857142857142,0.07142857142857142,1,0.0816437919308376
2026-07-28 11:00:00,HDFC,UPI,103,11,858.5734951456311,0.04854368932038835,0.10679611650485436,1,0.1253325842665693
2026-07-28 11:00:00,ICICI,CARD,41,2,1087.1846341463415,0.04878048780487805,0.04878048780487805,1,0.17546274928409228
2026-07-28 11:00:00,ICICI,NETBANKING,24,2,795.0212499999999,0.0,0.08333333333333333,1,0.2069962377502899
2026-07-28 11:00:00,ICICI,UPI,93,5,969.7833333333334,0.010752688172043012,0.053763440860215055,1,0.18352422838901522
2026-07-28 11:00:00,KOTAK,CARD,22,1,951.0118181818181,0.0,0.045454545454545456,1,0.22274228517086592
2026-07-28 11:00:00,KOTAK,NETBANKING,10,0,1284.233,0.0,0.0,1,0.1471160780057046
2026-07-28 11:00:00,KOTAK,UPI,56,2,960.3828571428572,0.05357142857142857,0.03571428571428571,1,0.17824371389830396
2026-07-28 11:00:00,SBI,CARD,43,1,1012.5623255813954,0.0,0.023255813953488372,1,0.19820049359569508
2026-07-28 11:00:00,SBI,NETBANKING,22,1,931.2718181818182,0.045454545454545456,0.045454545454545456,1,0.18659711708289195
2026-07-28 11:00:00,SBI,UPI,101,9,1041.8175247524753,0.04950495049504951,0.0891089108910891,1,0.1367950100049375
2026-07-28 12:00:00,AXIS,CARD,31,0,848.2493548387097,0.0,0.0,1,0.19262732661021398
2026-07-28 12:00:00,AXIS,NETBANKING,11,0,772.1381818181818,0.0,0.0,1,0.20366869741235
2026-07-28 12:00:00,AXIS,UPI,92,7,899.5195652173913,0.043478260869565216,0.07608695652173914,1,0.18221304742329725
2026-07-28 12:00:00,HDFC,CARD,37,2,1021.418918918919,0.02702702702702703,0.05405405405405406,1,0.20957846044314526
2026-07-28 12:00:00,HDFC,NETBANKING,20,0,834.725,0.0,0.0,1,0.20367618905464185
2026-07-28 12:00:00,HDFC,UPI,103,3,916.9698058252427,0.009708737864077669,0.02912621359223301,1,0.16547000555493874
2026-07-28 12:00:00,ICICI,CARD,36,1,889.1708333333333,0.0,0.027777777777777776,1,0.22031792075260975
2026-07-28 12:00:00,ICICI,NETBANKING,26,3,1409.6165384615383,0.07692307692307693,0.11538461538461539,1,0.03553189582422045
2026-07-28 12:00:00,ICICI,UPI,106,8,854.1716037735849,0.02830188679245283,0.07547169811320754,1,0.17210863729602816
2026-07-28 12:00:00,KOTAK,CARD,19,1,962.5868421052633,0.0,0.05263157894736842,1,0.2249928919659378
2026-07-28 12:00:00,KOTAK,NETBANKING,4,0,813.0125,0.0,0.0,1,0.17528377540258006
2026-07-28 12:00:00,KOTAK,UPI,45,1,954.7284444444444,0.0,0.022222222222222223,1,0.20880858671123254
2026-07-28 12:00:00,SBI,CARD,32,3,984.470625,0.0,0.09375,1,0.20169669380861888
2026-07-28 12:00:00,SBI,NETBANKING,18,2,728.8977777777777,0.05555555555555555,0.1111111111111111,1,0.15890668303569955
2026-07-28 12:00:00,SBI,UPI,113,3,830.4485840707965,0.02654867256637168,0.02654867256637168,1,0.12433636464698056
2026-07-28 13:00:00,AXIS,CARD,27,1,873.3825925925927,0.037037037037037035,0.037037037037037035,1,0.19201301844066576
2026-07-28 13:00:00,AXIS,NETBANKING,8,1,690.03,0.125,0.125,1,0.05634391281769613
2026-07-28 13:00:00,AXIS,UPI,87,2,796.0727586206897,0.022988505747126436,0.022988505747126436,1,0.1459095514445768
2026-07-28 13:00:00,HDFC,CARD,51,5,701.9188235294117,0.0784313725490196,0.09803921568627451,1,0.12330607608310035
2026-07-28 13:00:00,HDFC,NETBANKING,7,1,793.1928571428572,0.0,0.14285714285714285,1,0.1213680056004437
2026-07-28 13:00:00,HDFC,UPI,133,13,899.5184210526315,0.05263157894736842,0.09774436090225563,1,0.05952526470116215
2026-07-28 13:00:00,ICICI,CARD,37,0,949.9267567567567,0.0,0.0,1,0.19490115586517803
2026-07-28 13:00:00,ICICI,NETBANKING,14,1,957.0807142857142,0.07142857142857142,0.07142857142857142,1,0.16524907512872228
2026-07-28 13:00:00,ICICI,UPI,100,5,1023.7719999999999,0.03,0.05,1,0.1638970897857538
2026-07-28 13:00:00,KOTAK,CARD,16,3,1036.970625,0.125,0.1875,1,0.044881158596386306
2026-07-28 13:00:00,KOTAK,NETBANKING,3,0,809.9133333333334,0.0,0.0,1,0.16994913439584775
2026-07-28 13:00:00,KOTAK,UPI,56,5,848.12,0.03571428571428571,0.08928571428571429,1,0.17436658935089094
2026-07-28 13:00:00,SBI,CARD,47,3,846.7519148936171,0.02127659574468085,0.06382978723404255,1,0.2069923974643354
2026-07-28 13:00:00,SBI,NETBANKING,18,0,677.4827777777778,0.0,0.0,1,0.17270742853458726
2026-07-28 13:00:00,SBI,UPI,112,8,956.6211607142858,0.05357142857142857,0.07142857142857142,1,0.144250659079516
2026-07-28 14:00:00,AXIS,CARD,36,2,979.0691666666667,0.05555555555555555,0.05555555555555555,1,0.20441089005556023
2026-07-28 14:00:00,AXIS,NETBANKING,7,0,494.3,0.0,0.0,1,0.07509545704355292
2026-07-28 14:00:00,AXIS,UPI,81,4,1126.6824691358024,0.0,0.04938271604938271,1,0.1409380765676267
2026-07-28 14:00:00,HDFC,CARD,32,2,837.0225,0.0,0.0625,1,0.22210270097049606
2026-07-28 14:00:00,HDFC,NETBANKING,15,0,839.1033333333332,0.0,0.0,1,0.21271731365237295
2026-07-28 14:00:00,HDFC,UPI,114,8,821.2205263157895,0.05263157894736842,0.07017543859649122,1,0.1285774290676922
2026-07-28 14:00:00,ICICI,CARD,35,3,946.6997142857142,0.08571428571428572,0.08571428571428572,1,0.1538985937727264
2026-07-28 14:00:00,ICICI,NETBANKING,14,0,734.8371428571428,0.0,0.0,1,0.1952797230395547
2026-07-28 14:00:00,ICICI,UPI,90,5,999.4193333333334,0.044444444444444446,0.05555555555555555,1,0.18418277229488034
2026-07-28 14:00:00,KOTAK,CARD,24,3,878.2654166666666,0.0,0.125,1,0.17641232035884963
2026-07-28 14:00:00,KOTAK,NETBANKING,16,0,1022.221875,0.0,0.0,1,0.2096253602419727
2026-07-28 14:00:00,KOTAK,UPI,45,6,670.3344444444444,0.0,0.13333333333333333,1,0.09245527464595327
2026-07-28 14:00:00,SBI,CARD,43,2,855.6653488372093,0.023255813953488372,0.046511627906976744,1,0.20758115853775766
2026-07-28 14:00:00,SBI,NETBANKING,21,1,673.0595238095239,0.0,0.047619047619047616,1,0.18055218035220477
2026-07-28 14:00:00,SBI,UPI,105,11,1149.184476190476,0.05714285714285714,0.10476190476190476,1,0.07265194264727559
2026-07-28 15:00:00,AXIS,CARD,35,5,827.6985714285714,0.05714285714285714,0.14285714285714285,1,0.13278468312408548
2026-07-28 15:00:00,AXIS,NETBANKING,9,0,628.2033333333334,0.0,0.0,1,0.14916608851108
2026-07-28 15:00:00,AXIS,UPI,69,6,832.6610144927537,0.043478260869565216,0.08695652173913043,1,0.17220898770858462
2026-07-28 15:00:00,HDFC,CARD,44,5,857.1463636363637,0.09090909090909091,0.11363636363636363,1,0.13868532032874692
2026-07-28 15:00:00,HDFC,NETBANKING,23,3,897.6404347826086,0.043478260869565216,0.13043478260869565,1,0.16262372196964775
2026-07-28 15:00:00,HDFC,UPI,113,6,882.4391150442477,0.02654867256637168,0.05309734513274336,1,0.1571531451415315
2026-07-28 15:00:00,ICICI,CARD,44,2,1019.2436363636364,0.0,0.045454545454545456,1,0.20867606505351605
2026-07-28 15:00:00,ICICI,NETBANKING,23,2,1028.476956521739,0.0,0.08695652173913043,1,0.1986025076424539
2026-07-28 15:00:00,ICICI,UPI,111,11,765.2155855855855,0.05405405405405406,0.0990990990990991,1,0.07842316220415468
2026-07-28 15:00:00,KOTAK,CARD,21,2,798.19,0.0,0.09523809523809523,1,0.1905450438647387
2026-07-28 15:00:00,KOTAK,NETBANKING,12,2,918.9991666666666,0.0,0.16666666666666666,1,0.1235438291746046
2026-07-28 15:00:00,KOTAK,UPI,64,5,908.1165625,0.0,0.078125,1,0.18398669685062574
2026-07-28 15:00:00,SBI,CARD,41,1,997.0214634146341,0.0,0.024390243902439025,1,0.21144680654615816
2026-07-28 15:00:00,SBI,NETBANKING,16,0,740.12125,0.0,0.0,1,0.1935730880901559
2026-07-28 15:00:00,SBI,UPI,113,4,808.7314159292035,0.02654867256637168,0.035398230088495575,1,0.1251832046401936
2026-07-28 16:00:00,AXIS,CARD,34,4,847.6888235294118,0.058823529411764705,0.11764705882352941,1,0.16917415849679268
2026-07-28 16:00:00,AXIS,NETBANKING,11,1,912.4118181818183,0.18181818181818182,0.09090909090909091,1,0.05599716098090135
2026-07-28 16:00:00,AXIS,UPI,109,5,844.4839449541284,0.01834862385321101,0.045871559633027525,1,0.16245748070090582
2026-07-28 16:00:00,HDFC,CARD,42,5,1031.5454761904762,0.07142857142857142,0.11904761904761904,1,0.14991422245989106
2026-07-28 16:00:00,HDFC,NETBANKING,12,0,776.9825000000001,0.0,0.0,1,0.2068934669033326
2026-07-28 16:00:00,HDFC,UPI,109,5,943.567247706422,0.045871559633027525,0.045871559633027525,1,0.14344736808231784
2026-07-28 16:00:00,ICICI,CARD,32,2,1078.5653125,0.0,0.0625,1,0.20578717427853443
2026-07-28 16:00:00,ICICI,NETBANKING,15,1,606.2753333333334,0.06666666666666667,0.06666666666666667,1,0.1153727270902849
2026-07-28 16:00:00,ICICI,UPI,100,7,944.8783999999999,0.03,0.07,1,0.1828829044802578
2026-07-28 16:00:00,KOTAK,CARD,22,1,1101.0481818181818,0.0,0.045454545454545456,1,0.19928621005123143
2026-07-28 16:00:00,KOTAK,NETBANKING,9,0,836.7333333333333,0.0,0.0,1,0.2017695618027508
2026-07-28 16:00:00,KOTAK,UPI,62,3,840.9898387096774,0.016129032258064516,0.04838709677419355,1,0.18750680907828016
2026-07-28 16:00:00,SBI,CARD,50,2,912.7444,0.02,0.04,1,0.20863005825978764
2026-07-28 16:00:00,SBI,NETBANKING,15,1,1030.2653333333333,0.0,0.06666666666666667,1,0.22072734364559565
2026-07-28 16:00:00,SBI,UPI,109,5,882.1909174311926,0.009174311926605505,0.045871559633027525,1,0.163029541289186
2026-07-28 17:00:00,AXIS,CARD,34,2,988.9323529411764,0.029411764705882353,0.058823529411764705,1,0.21565383813971756
2026-07-28 17:00:00,AXIS,NETBANKING,10,1,793.88,0.0,0.1,1,0.1826636215525167
2026-07-28 17:00:00,AXIS,UPI,73,3,931.9441095890411,0.0273972602739726,0.0410958904109589,1,0.193663902709093
2026-07-28 17:00:00,HDFC,CARD,35,0,833.5388571428572,0.0,0.0,1,0.1832836156805719
2026-07-28 17:00:00,HDFC,NETBANKING,15,0,1217.1686666666667,0.0,0.0,1,0.1771889136652689
2026-07-28 17:00:00,HDFC,UPI,104,5,737.7587500000001,0.009615384615384616,0.04807692307692308,1,0.10806981626431
2026-07-28 17:00:00,ICICI,CARD,40,2,960.19025,0.05,0.05,1,0.19724108245499072
2026-07-28 17:00:00,ICICI,NETBANKING,16,0,660.571875,0.0,0.0,1,0.17229355286183173
2026-07-28 17:00:00,ICICI,UPI,98,4,1110.1551020408162,0.030612244897959183,0.04081632653061224,1,0.13635825365277648
2026-07-28 17:00:00,KOTAK,CARD,18,2,1025.668888888889,0.1111111111111111,0.1111111111111111,1,0.12712573947423578
2026-07-28 17:00:00,KOTAK,NETBANKING,7,0,1069.3228571428572,0.0,0.0,1,0.1848479222045279
2026-07-28 17:00:00,KOTAK,UPI,47,0,899.0557446808511,0.0,0.0,1,0.18303663808574877
2026-07-28 17:00:00,SBI,CARD,50,4,878.6184,0.0,0.08,1,0.19480199718130958
2026-07-28 17:00:00,SBI,NETBANKING,13,0,815.7661538461538,0.0,0.0,1,0.2118515489274781
2026-07-28 17:00:00,SBI,UPI,103,6,997.0954368932039,0.019417475728155338,0.05825242718446602,1,0.1685802497194453
2026-07-28 18:00:00,AXIS,CARD,27,2,789.1874074074074,0.07407407407407407,0.07407407407407407,1,0.16677346300321322
2026-07-28 18:00:00,AXIS,NETBANKING,18,2,730.1355555555556,0.05555555555555555,0.1111111111111111,1,0.15890668303569955
2026-07-28 18:00:00,AXIS,UPI,75,7,849.1922666666667,0.05333333333333334,0.09333333333333334,1,0.16468800686053509
2026-07-28 18:00:00,HDFC,CARD,44,1,719.6609090909092,0.045454545454545456,0.022727272727272728,1,0.13852948874141663
2026-07-28 18:00:00,HDFC,NETBANKING,11,0,970.1245454545453,0.0,0.0,1,0.2095018648248228
2026-07-28 18:00:00,HDFC,UPI,134,11,882.7379850746269,0.029850746268656716,0.08208955223880597,1,0.07561122508269957
2026-07-28 18:00:00,ICICI,CARD,31,1,1030.3803225806453,0.0,0.03225806451612903,1,0.20969784286454451
2026-07-28 18:00:00,ICICI,NETBANKING,20,0,1028.7715,0.0,0.0,1,0.20046601578663115
2026-07-28 18:00:00,ICICI,UPI,96,6,846.9579166666667,0.052083333333333336,0.0625,1,0.17166752721231954
2026-07-28 18:00:00,KOTAK,CARD,19,0,788.1742105263158,0.0,0.0,1,0.20142114442035497
2026-07-28 18:00:00,KOTAK,NETBANKING,6,0,615.1416666666667,0.0,0.0,1,0.12344261281743873
2026-07-28 18:00:00,KOTAK,UPI,57,3,993.0554385964913,0.017543859649122806,0.05263157894736842,1,0.19594773141941846
2026-07-28 18:00:00,SBI,CARD,47,1,1013.0108510638298,0.0,0.02127659574468085,1,0.1956763285355077
2026-07-28 18:00:00,SBI,NETBANKING,15,1,1048.7459999999999,0.0,0.06666666666666667,1,0.21837766391488717
2026-07-28 18:00:00,SBI,UPI,99,9,932.0441414141413,0.010101010101010102,0.09090909090909091,1,0.14975544753807635
2026-07-28 19:00:00,AXIS,CARD,33,2,1023.5121212121212,0.0,0.06060606060606061,1,0.21810573817575785
2026-07-28 19:00:00,AXIS,NETBANKING,13,1,1002.1861538461538,0.0,0.07692307692307693,1,0.2099214300648305
2026-07-28 19:00:00,AXIS,UPI,73,5,759.1819178082192,0.0136986301369863,0.0684931506849315,1,0.1405989650495627
2026-07-28 19:00:00,HDFC,CARD,43,3,1131.680465116279,0.0,0.06976744186046512,1,0.18222217626380743
2026-07-28 19:00:00,HDFC,NETBANKING,21,0,645.7138095238095,0.0,0.0,1,0.15230176676920743
2026-07-28 19:00:00,HDFC,UPI,105,3,872.8453333333333,0.009523809523809525,0.02857142857142857,1,0.15925623836413472
2026-07-28 19:00:00,ICICI,CARD,33,0,751.5809090909091,0.0,0.0,1,0.1742334176977946
2026-07-28 19:00:00,ICICI,NETBANKING,21,1,886.1133333333333,0.0,0.047619047619047616,1,0.22206148008451604
2026-07-28 19:00:00,ICICI,UPI,104,6,866.3411538461538,0.028846153846153848,0.057692307692307696,1,0.18475347963341926
2026-07-28 19:00:00,KOTAK,CARD,18,1,999.8149999999999,0.05555555555555555,0.05555555555555555,1,0.1953188572343535
2026-07-28 19:00:00,KOTAK,NETBANKING,5,0,852.3620000000001,0.0,0.0,1,0.17084481619718805
2026-07-28 19:00:00,KOTAK,UPI,55,1,874.3061818181817,0.0,0.01818181818181818,1,0.1864577391510751
2026-07-28 19:00:00,SBI,CARD,40,4,908.4709999999999,0.025,0.1,1,0.19022844157816943
2026-07-28 19:00:00,SBI,NETBANKING,14,1,666.4807142857143,0.0,0.07142857142857142,1,0.1815455266891015
2026-07-28 19:00:00,SBI,UPI,102,3,950.3711764705882,0.0,0.029411764705882353,1,0.15697788910495342
2026-07-28 20:00:00,AXIS,CARD,30,1,672.644,0.0,0.03333333333333333,1,0.15660641882296145
2026-07-28 20:00:00,AXIS,NETBANKING,17,2,853.5764705882353,0.0,0.11764705882352941,1,0.17884748164115855
2026-07-28 20:00:00,AXIS,UPI,68,3,901.3595588235295,0.0,0.04411764705882353,1,0.19202999975852614
2026-07-28 20:00:00,HDFC,CARD,43,1,828.8781395348838,0.0,0.023255813953488372,1,0.20365128273586602
2026-07-28 20:00:00,HDFC,NETBANKING,12,2,1293.7416666666668,0.0,0.16666666666666666,1,0.05351516617467911
2026-07-28 20:00:00,HDFC,UPI,113,4,835.1038053097345,0.017699115044247787,0.035398230088495575,1,0.13912545901764256
2026-07-28 20:00:00,ICICI,CARD,49,3,870.1632653061224,0.02040816326530612,0.061224489795918366,1,0.2091301350858355
2026-07-28 20:00:00,ICICI,NETBANKING,21,2,797.2114285714285,0.09523809523809523,0.09523809523809523,1,0.13829647117593963
2026-07-28 20:00:00,ICICI,UPI,87,6,970.8622988505748,0.034482758620689655,0.06896551724137931,1,0.18763734841455132
2026-07-28 20:00:00,KOTAK,CARD,19,1,781.6157894736842,0.10526315789473684,0.05263157894736842,1,0.12066480114395062
2026-07-28 20:00:00,KOTAK,NETBANKING,7,1,1207.5685714285714,0.0,0.14285714285714285,1,0.08293720561015983
2026-07-28 20:00:00,KOTAK,UPI,51,1,816.5564705882352,0.0196078431372549,0.0196078431372549,1,0.17457875526964783
2026-07-28 20:00:00,SBI,CARD,46,4,1027.3008695652172,0.13043478260869565,0.08695652173913043,1,0.10532198210707144
2026-07-28 20:00:00,SBI,NETBANKING,18,2,921.4072222222223,0.0,0.1111111111111111,1,0.18835950045818523
2026-07-28 20:00:00,SBI,UPI,110,10,903.1655454545454,0.045454545454545456,0.09090909090909091,1,0.1451873957473115
2026-07-28 21:00:00,AXIS,CARD,28,1,1004.9439285714286,0.07142857142857142,0.03571428571428571,1,0.14254550220829681
2026-07-28 21:00:00,AXIS,NETBANKING,16,2,802.9393749999999,0.0,0.125,1,0.17327353639248444
2026-07-28 21:00:00,AXIS,UPI,78,6,964.4716666666666,0.02564102564102564,0.07692307692307693,1,0.18593987577477894
2026-07-28 21:00:00,HDFC,CARD,47,7,964.2291489361703,0.0851063829787234,0.14893617021276595,1,0.10837200737578012
2026-07-28 21:00:00,HDFC,NETBANKING,14,1,911.65,0.0,0.07142857142857142,1,0.2255765023431177
2026-07-28 21:00:00,HDFC,UPI,114,11,925.8684210526316,0.017543859649122806,0.09649122807017543,1,0.11938075071280341
2026-07-28 21:00:00,ICICI,CARD,28,1,639.5185714285715,0.03571428571428571,0.03571428571428571,1,0.1124858933425783
2026-07-28 21:00:00,ICICI,NETBANKING,15,1,851.02,0.13333333333333333,0.06666666666666667,1,0.10365837741200801
2026-07-28 21:00:00,ICICI,UPI,99,8,887.3613131313132,0.020202020202020204,0.08080808080808081,1,0.17260109228431442
2026-07-28 21:00:00,KOTAK,CARD,17,2,678.2688235294117,0.058823529411764705,0.11764705882352941,1,0.13943576441757694
2026-07-28 21:00:00,KOTAK,NETBANKING,4,1,1401.1325,0.0,0.25,-1,-0.06566693541527924
2026-07-28 21:00:00,KOTAK,UPI,57,1,838.0943859649122,0.017543859649122806,0.017543859649122806,1,0.1699908161331814
2026-07-28 21:00:00,SBI,CARD,35,2,791.2311428571429,0.02857142857142857,0.05714285714285714,1,0.20089599377814688
2026-07-28 21:00:00,SBI,NETBANKING,19,1,978.2005263157895,0.0,0.05263157894736842,1,0.22424045066324355
2026-07-28 21:00:00,SBI,UPI,113,6,846.1423008849557,0.02654867256637168,0.05309734513274336,1,0.1520363498431404
2026-07-28 22:00:00,AXIS,CARD,26,0,966.8023076923077,0.0,0.0,1,0.19760186017996967
2026-07-28 22:00:00,AXIS,NETBANKING,16,1,793.416875,0.125,0.0625,1,0.11121035209643082
2026-07-28 22:00:00,AXIS,UPI,93,6,854.0083870967742,0.06451612903225806,0.06451612903225806,1,0.15951910177944734
2026-07-28 22:00:00,HDFC,CARD,41,5,968.3653658536587,0.0975609756097561,0.12195121951219512,1,0.12457583271063594
2026-07-28 22:00:00,HDFC,NETBANKING,19,1,756.9015789473684,0.0,0.05263157894736842,1,0.20945448599542166
2026-07-28 22:00:00,HDFC,UPI,117,5,828.2511965811966,0.02564102564102564,0.042735042735042736,1,0.1294006666831225
2026-07-28 22:00:00,ICICI,CARD,39,4,864.8794871794872,0.02564102564102564,0.10256410256410256,1,0.186118533074201
2026-07-28 22:00:00,ICICI,NETBANKING,12,0,781.3025000000001,0.0,0.0,1,0.20796163146665164
2026-07-28 22:00:00,ICICI,UPI,102,6,732.5559803921569,0.0,0.058823529411764705,1,0.09739300822745944
2026-07-28 22:00:00,KOTAK,CARD,20,0,927.1764999999999,0.0,0.0,1,0.20975620149807073
2026-07-28 22:00:00,KOTAK,NETBANKING,13,4,1086.0338461538463,0.07692307692307693,0.3076923076923077,-1,-0.017924416633118834
2026-07-28 22:00:00,KOTAK,UPI,59,3,1222.06,0.03389830508474576,0.05084745762711865,1,0.1265996106357956
2026-07-28 22:00:00,SBI,CARD,57,4,1125.9259649122807,0.08771929824561403,0.07017543859649122,1,0.09083227751946943
2026-07-28 22:00:00,SBI,NETBANKING,19,0,898.4905263157895,0.0,0.0,1,0.21114890315341844
2026-07-28 22:00:00,SBI,UPI,95,6,1034.2506315789474,0.010526315789473684,0.06315789473684211,1,0.16793416881159828
2026-07-28 23:00:00,AXIS,CARD,27,0,1074.0925925925926,0.0,0.0,1,0.18499728522973996
2026-07-28 23:00:00,AXIS,NETBANKING,12,0,741.4241666666667,0.0,0.0,1,0.19539235491560064
2026-07-28 23:00:00,AXIS,UPI,83,6,987.5018072289156,0.060240963855421686,0.07228915662650602,1,0.16710419791975384
2026-07-28 23:00:00,HDFC,CARD,48,5,1124.6947916666666,0.0625,0.10416666666666667,1,0.14507730609025155
2026-07-28 23:00:00,HDFC,NETBANKING,17,1,845.1076470588235,0.0,0.058823529411764705,1,0.2184353447159682
2026-07-28 23:00:00,HDFC,UPI,110,6,874.5935454545454,0.03636363636363636,0.05454545454545454,1,0.1744719024040297
2026-07-28 23:00:00,ICICI,CARD,33,5,789.5057575757576,0.09090909090909091,0.15151515151515152,1,0.09459523905941902
2026-07-28 23:00:00,ICICI,NETBANKING,11,1,1199.3590909090908,0.0,0.09090909090909091,1,0.1626005323596474
2026-07-28 23:00:00,ICICI,UPI,97,4,856.0592783505155,0.020618556701030927,0.041237113402061855,1,0.18549846792265773
2026-07-28 23:00:00,KOTAK,CARD,20,1,1135.87,0.05,0.05,1,0.14983780237775263
2026-07-28 23:00:00,KOTAK,NETBANKING,11,1,619.8936363636363,0.09090909090909091,0.09090909090909091,1,0.09597254486948437
2026-07-28 23:00:00,KOTAK,UPI,65,4,1183.7475384615384,0.03076923076923077,0.06153846153846154,1,0.13793848306763373
2026-07-28 23:00:00,SBI,CARD,35,2,1093.8582857142858,0.02857142857142857,0.05714285714285714,1,0.18996267852122173
2026-07-28 23:00:00,SBI,NETBANKING,19,0,779.188947368421,0.0,0.0,1,0.198676755175763
2026-07-28 23:00:00,SBI,UPI,100,9,902.6641000000001,0.04,0.09,1,0.16344686229855887
2026-07-29 00:00:00,AXIS,CARD,18,0,649.6266666666667,0.0,0.0,1,0.15980690155036376
2026-07-29 00:00:00,AXIS,NETBANKING,12,2,879.4658333333333,0.08333333333333333,0.16666666666666666,1,0.10123801477133476
2026-07-29 00:00:00,AXIS,UPI,71,3,757.0981690140845,0.0,0.04225352112676056,1,0.1537698737350212
2026-07-29 00:00:00,HDFC,CARD,39,3,1061.8958974358975,0.05128205128205128,0.07692307692307693,1,0.18879396874155518
2026-07-29 00:00:00,HDFC,NETBANKING,16,0,917.64625,0.0,0.0,1,0.21660896852271577
2026-07-29 00:00:00,HDFC,UPI,98,3,954.9972448979591,0.04081632653061224,0.030612244897959183,1,0.16513666050235698
2026-07-29 00:00:00,ICICI,CARD,44,5,840.3702272727273,0.0,0.11363636363636363,1,0.16470833806725227
2026-07-29 00:00:00,ICICI,NETBANKING,12,0,1199.1508333333334,0.0,0.0,1,0.18056394786495295
2026-07-29 00:00:00,ICICI,UPI,109,8,1016.3087155963302,0.01834862385321101,0.07339449541284404,1,0.14825246426396455
2026-07-29 00:00:00,KOTAK,CARD,20,0,633.4035,0.0,0.0,1,0.14465601455220212
2026-07-29 00:00:00,KOTAK,NETBANKING,12,1,786.1816666666667,0.0,0.08333333333333333,1,0.2071420284307498
2026-07-29 00:00:00,KOTAK,UPI,62,1,925.773064516129,0.0,0.016129032258064516,1,0.17581044753213076
2026-07-29 00:00:00,SBI,CARD,58,4,862.7941379310345,0.017241379310344827,0.06896551724137931,1,0.19209763629583532
2026-07-29 00:00:00,SBI,NETBANKING,14,1,1331.6971428571428,0.0,0.07142857142857142,1,0.14249698358350749
2026-07-29 00:00:00,SBI,UPI,113,6,912.3408849557522,0.008849557522123894,0.05309734513274336,1,0.15226231879590257
2026-07-29 01:00:00,AXIS,CARD,21,0,1174.8019047619048,0.0,0.0,1,0.1717265447569859
2026-07-29 01:00:00,AXIS,NETBANKING,18,4,772.1983333333333,0.16666666666666666,0.2222222222222222,1,0.009163208855096694
2026-07-29 01:00:00,AXIS,UPI,91,6,856.4252747252747,0.03296703296703297,0.06593406593406594,1,0.1860068183198132
2026-07-29 01:00:00,HDFC,CARD,45,6,830.0973333333333,0.06666666666666667,0.13333333333333333,1,0.13798488962286443
2026-07-29 01:00:00,HDFC,NETBANKING,21,0,1252.6642857142858,0.0,0.0,1,0.14535720896095294
2026-07-29 01:00:00,HDFC,UPI,127,10,950.7325984251969,0.031496062992125984,0.07874015748031496,1,0.09294089528433735
2026-07-29 01:00:00,ICICI,CARD,42,2,786.2445238095237,0.0,0.047619047619047616,1,0.20648837842824413
2026-07-29 01:00:00,ICICI,NETBANKING,23,2,855.9143478260869,0.08695652173913043,0.08695652173913043,1,0.15219506150429357
2026-07-29 01:00:00,ICICI,UPI,104,5,1028.4699038461538,0.009615384615384616,0.04807692307692308,1,0.15304364096900053
2026-07-29 01:00:00,KOTAK,CARD,18,1,952.4761111111111,0.1111111111111111,0.05555555555555555,1,0.128802686374836
2026-07-29 01:00:00,KOTAK,NETBANKING,8,2,807.83375,0.0,0.25,1,0.018496092105218853
2026-07-29 01:00:00,KOTAK,UPI,47,3,861.0540425531915,0.0425531914893617,0.06382978723404255,1,0.21214286383111336
2026-07-29 01:00:00,SBI,CARD,30,2,665.1743333333333,0.03333333333333333,0.06666666666666667,1,0.1411872359863809
2026-07-29 01:00:00,SBI,NETBANKING,16,0,1294.24125,0.0,0.0,1,0.1424689662525926
2026-07-29 01:00:00,SBI,UPI,121,4,1043.150909090909,0.008264462809917356,0.03305785123966942,1,0.09192688753740519
2026-07-29 02:00:00,AXIS,CARD,35,0,942.4071428571428,0.0,0.0,1,0.19449346374259885
2026-07-29 02:00:00,AXIS,NETBANKING,13,1,1144.1353846153847,0.0,0.07692307692307693,1,0.18618875230309512
2026-07-29 02:00:00,AXIS,UPI,76,2,1049.9368421052632,0.0,0.02631578947368421,1,0.15546134235107695
2026-07-29 02:00:00,HDFC,CARD,48,4,1005.5481249999999,0.08333333333333333,0.08333333333333333,1,0.14918021976156143
2026-07-29 02:00:00,HDFC,NETBANKING,18,1,1181.5255555555555,0.0,0.05555555555555555,1,0.18641147092768107
2026-07-29 02:00:00,HDFC,UPI,102,5,889.8267647058824,0.0196078431372549,0.049019607843137254,1,0.18310542429580662
2026-07-29 02:00:00,ICICI,CARD,35,2,821.754,0.05714285714285714,0.05714285714285714,1,0.1925422282153917
2026-07-29 02:00:00,ICICI,NETBANKING,20,4,813.8425,0.05,0.2,1,0.07896082476023836
2026-07-29 02:00:00,ICICI,UPI,94,4,1111.4047872340425,0.0,0.0425531914893617,1,0.1323062547075164
2026-07-29 02:00:00,KOTAK,CARD,17,1,950.585294117647,0.0,0.058823529411764705,1,0.22601194318333484
2026-07-29 02:00:00,KOTAK,NETBANKING,6,0,601.82,0.0,0.0,1,0.11196312121102064
2026-07-29 02:00:00,KOTAK,UPI,46,3,857.859347826087,0.0,0.06521739130434782,1,0.21055994427096253
2026-07-29 02:00:00,SBI,CARD,39,2,917.7705128205129,0.07692307692307693,0.05128205128205128,1,0.17128568466672073
2026-07-29 02:00:00,SBI,NETBANKING,17,2,682.644705882353,0.0,0.11764705882352941,1,0.153126121340247
2026-07-29 02:00:00,SBI,UPI,93,8,909.4300000000001,0.043010752688172046,0.08602150537634409,1,0.1748225919763699
2026-07-29 03:00:00,AXIS,CARD,39,3,869.624358974359,0.05128205128205128,0.07692307692307693,1,0.20368310550628138
2026-07-29 03:00:00,AXIS,NETBANKING,15,1,889.9473333333333,0.06666666666666667,0.06666666666666667,1,0.17915784456324063
2026-07-29 03:00:00,AXIS,UPI,68,3,1097.7917647058823,0.014705882352941176,0.04411764705882353,1,0.15690836752817378
2026-07-29 03:00:00,HDFC,CARD,54,4,936.5494444444444,0.05555555555555555,0.07407407407407407,1,0.19053142854399135
2026-07-29 03:00:00,HDFC,NETBANKING,11,1,929.9218181818183,0.0,0.09090909090909091,1,0.20344895552693987
2026-07-29 03:00:00,HDFC,UPI,112,4,1035.527857142857,0.03571428571428571,0.03571428571428571,1,0.11832969434781831
2026-07-29 03:00:00,ICICI,CARD,33,3,921.3087878787878,0.030303030303030304,0.09090909090909091,1,0.20481938741581918
2026-07-29 03:00:00,ICICI,NETBANKING,26,2,661.7019230769231,0.038461538461538464,0.07692307692307693,1,0.1500349277162587
2026-07-29 03:00:00,ICICI,UPI,97,5,1027.7729896907217,0.041237113402061855,0.05154639175257732,1,0.16728886808490484
2026-07-29 03:00:00,KOTAK,CARD,15,0,694.6186666666667,0.0,0.0,1,0.18898372652648215
2026-07-29 03:00:00,KOTAK,NETBANKING,11,0,1074.9954545454545,0.0,0.0,1,0.2021711211265637
2026-07-29 03:00:00,KOTAK,UPI,63,6,1082.7344444444445,0.015873015873015872,0.09523809523809523,1,0.13433941962112028
2026-07-29 03:00:00,SBI,CARD,39,3,849.6810256410256,0.0,0.07692307692307693,1,0.21056140528486939
2026-07-29 03:00:00,SBI,NETBANKING,21,3,964.1666666666666,0.09523809523809523,0.14285714285714285,1,0.11038668782461392
2026-07-29 03:00:00,SBI,UPI,102,7,860.6190196078431,0.0196078431372549,0.06862745098039216,1,0.17507945615768133
2026-07-29 04:00:00,AXIS,CARD,30,3,936.3009999999999,0.13333333333333333,0.1,1,0.1181197086587008
2026-07-29 04:00:00,AXIS,NETBANKING,15,0,1218.8646666666668,0.0,0.0,1,0.1771889136652689
2026-07-29 04:00:00,AXIS,UPI,69,4,911.1868115942029,0.028985507246376812,0.057971014492753624,1,0.1969406227413602
2026-07-29 04:00:00,HDFC,CARD,39,5,965.3484615384616,0.05128205128205128,0.1282051282051282,1,0.16853340658177235
2026-07-29 04:00:00,HDFC,NETBANKING,21,1,1122.3795238095238,0.047619047619047616,0.047619047619047616,1,0.15155907133157182
2026-07-29 04:00:00,HDFC,UPI,105,6,870.4547619047619,0.02857142857142857,0.05714285714285714,1,0.18265112996713662
2026-07-29 04:00:00,ICICI,CARD,34,2,792.7879411764707,0.058823529411764705,0.058823529411764705,1,0.18677241627399171
2026-07-29 04:00:00,ICICI,NETBANKING,17,0,832.0076470588235,0.0,0.0,1,0.20725793546530435
2026-07-29 04:00:00,ICICI,UPI,102,4,982.9048039215686,0.00980392156862745,0.0392156862745098,1,0.16852845191609545
2026-07-29 04:00:00,KOTAK,CARD,21,0,757.2209523809523,0.0,0.0,1,0.19172009606465645
2026-07-29 04:00:00,KOTAK,NETBANKING,13,1,1024.2446153846154,0.07692307692307693,0.07692307692307693,1,0.1439536550040143
2026-07-29 04:00:00,KOTAK,UPI,64,6,1099.84453125,0.046875,0.09375,1,0.14458634631531364
2026-07-29 04:00:00,SBI,CARD,43,0,792.6890697674418,0.0,0.0,1,0.1677600938267803
2026-07-29 04:00:00,SBI,NETBANKING,8,0,1307.875,0.0,0.0,1,0.13225791707317258
2026-07-29 04:00:00,SBI,UPI,106,6,1010.8353773584906,0.018867924528301886,0.05660377358490566,1,0.1625181178491199
2026-07-29 05:00:00,AXIS,CARD,44,3,1078.4129545454546,0.022727272727272728,0.06818181818181818,1,0.1827866682729739
2026-07-29 05:00:00,AXIS,NETBANKING,11,0,2080.8290909090906,0.0,0.0,1,0.0027075884579880194
2026-07-29 05:00:00,AXIS,UPI,75,5,970.2993333333333,0.06666666666666667,0.06666666666666667,1,0.15700088586647315
2026-07-29 05:00:00,HDFC,CARD,40,2,913.36,0.075,0.05,1,0.1695536294316427
2026-07-29 05:00:00,HDFC,NETBANKING,19,0,926.0368421052632,0.0,0.0,1,0.21256237820990487
2026-07-29 05:00:00,HDFC,UPI,114,8,983.3877192982455,0.06140350877192982,0.07017543859649122,1,0.12090363038594731
2026-07-29 05:00:00,ICICI,CARD,35,4,852.9525714285714,0.0,0.11428571428571428,1,0.1702541652884781
2026-07-29 05:00:00,ICICI,NETBANKING,17,3,855.4223529411765,0.17647058823529413,0.17647058823529413,1,0.03575410608863916
2026-07-29 05:00:00,ICICI,UPI,118,7,900.4377118644068,0.025423728813559324,0.059322033898305086,1,0.15037892332380165
2026-07-29 05:00:00,KOTAK,CARD,24,2,687.2624999999999,0.08333333333333333,0.08333333333333333,1,0.12775412377297019
2026-07-29 05:00:00,KOTAK,NETBANKING,10,0,1086.9450000000002,0.0,0.0,1,0.19547134056446597
2026-07-29 05:00:00,KOTAK,UPI,56,3,820.9823214285715,0.017857142857142856,0.05357142857142857,1,0.1920390183433261
2026-07-29 05:00:00,SBI,CARD,37,1,904.0621621621623,0.0,0.02702702702702703,1,0.22051322866226852
2026-07-29 05:00:00,SBI,NETBANKING,18,2,884.7066666666666,0.16666666666666666,0.1111111111111111,1,0.08694815902587394
2026-07-29 05:00:00,SBI,UPI,116,10,991.9378448275861,0.04310344827586207,0.08620689655172414,1,0.12408352440610138
2026-07-29 06:00:00,AXIS,CARD,33,3,775.299393939394,0.06060606060606061,0.09090909090909091,1,0.17373150817307004
2026-07-29 06:00:00,AXIS,NETBANKING,6,0,1235.1316666666664,0.0,0.0,1,0.13971199739196422
2026-07-29 06:00:00,AXIS,UPI,73,2,775.13,0.0,0.0273972602739726,1,0.15435775574141647
2026-07-29 06:00:00,HDFC,CARD,47,1,727.2414893617021,0.0,0.02127659574468085,1,0.16708564944164078
2026-07-29 06:00:00,HDFC,NETBANKING,18,1,1021.7233333333334,0.0,0.05555555555555555,1,0.22376581789113809
2026-07-29 06:00:00,HDFC,UPI,131,9,911.7125190839695,0.03816793893129771,0.06870229007633588,1,0.09426255077266954
2026-07-29 06:00:00,ICICI,CARD,39,2,868.6784615384615,0.0,0.05128205128205128,1,0.22188770854068435
2026-07-29 06:00:00,ICICI,NETBANKING,12,2,1016.555,0.0,0.16666666666666666,1,0.10869949649501648
2026-07-29 06:00:00,ICICI,UPI,99,10,888.9949494949495,0.04040404040404041,0.10101010101010101,1,0.15138411442668942
2026-07-29 06:00:00,KOTAK,CARD,20,0,1106.742,0.0,0.0,1,0.18715455287685473
2026-07-29 06:00:00,KOTAK,NETBANKING,6,1,876.5799999999999,0.16666666666666666,0.16666666666666666,1,0.022158709684900746
2026-07-29 06:00:00,KOTAK,UPI,51,2,1016.6901960784313,0.0392156862745098,0.0392156862745098,1,0.19392634050452395
2026-07-29 06:00:00,SBI,CARD,47,4,980.9704255319149,0.0425531914893617,0.0851063829787234,1,0.20205233349592128
2026-07-29 06:00:00,SBI,NETBANKING,20,4,805.8405,0.1,0.2,1,0.057247535262105576
2026-07-29 06:00:00,SBI,UPI,99,8,863.1655555555556,0.020202020202020204,0.08080808080808081,1,0.17109000315868833
2026-07-29 07:00:00,AXIS,CARD,38,3,1138.4476315789475,0.0,0.07894736842105263,1,0.18120229538151283
2026-07-29 07:00:00,AXIS,NETBANKING,12,0,721.1008333333333,0.0,0.0,1,0.19206550462277472
2026-07-29 07:00:00,AXIS,UPI,91,3,1015.9597802197802,0.0,0.03296703296703297,1,0.15301115831925116
2026-07-29 07:00:00,HDFC,CARD,34,3,801.6070588235294,0.0,0.08823529411764706,1,0.1960486575182681
2026-07-29 07:00:00,HDFC,NETBANKING,13,1,1172.9353846153847,0.0,0.07692307692307693,1,0.18160200275653027
2026-07-29 07:00:00,HDFC,UPI,103,7,1018.061650485437,0.02912621359223301,0.06796116504854369,1,0.16216282857422676
2026-07-29 07:00:00,ICICI,CARD,34,1,951.9341176470588,0.0,0.029411764705882353,1,0.21640964173359734
2026-07-29 07:00:00,ICICI,NETBANKING,23,1,705.4973913043478,0.0,0.043478260869565216,1,0.19364948627477935
2026-07-29 07:00:00,ICICI,UPI,109,3,790.5291743119267,0.009174311926605505,0.027522935779816515,1,0.11233278549917369
2026-07-29 07:00:00,KOTAK,CARD,26,4,977.751923076923,0.19230769230769232,0.15384615384615385,1,0.014172763915982989
2026-07-29 07:00:00,KOTAK,NETBANKING,13,0,922.7092307692309,0.0,0.0,1,0.21575422682231943
2026-07-29 07:00:00,KOTAK,UPI,49,4,892.5514285714285,0.0,0.08163265306122448,1,0.20079436503796633
2026-07-29 07:00:00,SBI,CARD,39,1,838.9658974358974,0.0,0.02564102564102564,1,0.21209001949973955
2026-07-29 07:00:00,SBI,NETBANKING,18,1,708.728888888889,0.0,0.05555555555555555,1,0.20254525879828872
2026-07-29 07:00:00,SBI,UPI,102,4,929.338137254902,0.00980392156862745,0.0392156862745098,1,0.17596577838849825
2026-07-29 08:00:00,AXIS,CARD,28,2,954.88,0.07142857142857142,0.07142857142857142,1,0.17390126040514087
2026-07-29 08:00:00,AXIS,NETBANKING,14,1,771.3064285714287,0.0,0.07142857142857142,1,0.21122322770810242
2026-07-29 08:00:00,AXIS,UPI,89,10,754.4660674157303,0.0449438202247191,0.11235955056179775,1,0.09748078050993825
2026-07-29 08:00:00,HDFC,CARD,37,2,810.9721621621622,0.02702702702702703,0.05405405405405406,1,0.20825805840510808
2026-07-29 08:00:00,HDFC,NETBANKING,15,1,810.2620000000001,0.06666666666666667,0.06666666666666667,1,0.16746386988629225
2026-07-29 08:00:00,HDFC,UPI,116,7,902.1273275862069,0.008620689655172414,0.0603448275862069,1,0.14561876800209084
2026-07-29 08:00:00,ICICI,CARD,44,3,837.8840909090909,0.0,0.06818181818181818,1,0.2031852085247694
2026-07-29 08:00:00,ICICI,NETBANKING,17,2,809.0505882352942,0.0,0.11764705882352941,1,0.17488616654565914
2026-07-29 08:00:00,ICICI,UPI,88,9,959.37375,0.056818181818181816,0.10227272727272728,1,0.15129504741532057
2026-07-29 08:00:00,KOTAK,CARD,22,0,1254.044090909091,0.0,0.0,1,0.14076263298941905
2026-07-29 08:00:00,KOTAK,NETBANKING,5,1,1372.026,0.0,0.2,-1,-0.017254704412349886
2026-07-29 08:00:00,KOTAK,UPI,52,2,886.5840384615385,0.038461538461538464,0.038461538461538464,1,0.2011397338071343
2026-07-29 08:00:00,SBI,CARD,44,2,1076.6495454545454,0.0,0.045454545454545456,1,0.19449349530821614
2026-07-29 08:00:00,SBI,NETBANKING,14,0,966.3950000000001,0.0,0.0,1,0.2141243507551132
2026-07-29 08:00:00,SBI,UPI,120,4,907.3762499999999,0.05,0.03333333333333333,1,0.09338486447939909
2026-07-29 09:00:00,AXIS,CARD,36,2,819.5222222222222,0.0,0.05555555555555555,1,0.21989921525484268
2026-07-29 09:00:00,AXIS,NETBANKING,12,0,696.6583333333333,0.0,0.0,1,0.18626843315523123
2026-07-29 09:00:00,AXIS,UPI,82,3,745.8269512195121,0.012195121951219513,0.036585365853658534,1,0.12943768107915765
2026-07-29 09:00:00,HDFC,CARD,37,0,906.6610810810811,0.0,0.0,1,0.19739395913358743
2026-07-29 09:00:00,HDFC,NETBANKING,12,1,1096.7091666666668,0.08333333333333333,0.08333333333333333,1,0.12348143514090415
2026-07-29 09:00:00,HDFC,UPI,98,11,1021.3433673469387,0.05102040816326531,0.11224489795918367,1,0.11858216097584812
2026-07-29 09:00:00,ICICI,CARD,31,1,932.5590322580646,0.0,0.03225806451612903,1,0.21797676718131564
2026-07-29 09:00:00,ICICI,NETBANKING,12,0,1077.5941666666668,0.0,0.0,1,0.2004426012981652
2026-07-29 09:00:00,ICICI,UPI,95,9,869.3816842105263,0.042105263157894736,0.09473684210526316,1,0.16360643897752114
2026-07-29 09:00:00,KOTAK,CARD,31,3,688.3283870967742,0.03225806451612903,0.0967741935483871,1,0.14919348958226036
2026-07-29 09:00:00,KOTAK,NETBANKING,3,0,558.4166666666666,0.0,0.0,1,0.08845429549979833
2026-07-29 09:00:00,KOTAK,UPI,40,3,823.3285,0.075,0.075,1,0.16726447667072591
2026-07-29 09:00:00,SBI,CARD,43,3,962.9855813953487,0.023255813953488372,0.06976744186046512,1,0.2129453571689745
2026-07-29 09:00:00,SBI,NETBANKING,16,0,1624.886875,0.0,0.0,1,0.031946275378414435
2026-07-29 09:00:00,SBI,UPI,104,8,788.68625,0.04807692307692308,0.07692307692307693,1,0.13534822122424017
2026-07-29 10:00:00,AXIS,CARD,31,7,641.6422580645161,0.16129032258064516,0.22580645161290322,-1,-0.0395900168859713
2026-07-29 10:00:00,AXIS,NETBANKING,8,0,687.24,0.0,0.0,1,0.16624425557659317
2026-07-29 10:00:00,AXIS,UPI,89,3,834.001797752809,0.0,0.033707865168539325,1,0.16212788060230265
2026-07-29 10:00:00,HDFC,CARD,34,3,821.2105882352942,0.0,0.08823529411764706,1,0.19951873546590332
2026-07-29 10:00:00,HDFC,NETBANKING,12,1,1162.8916666666667,0.0,0.08333333333333333,1,0.17802592108521442
2026-07-29 10:00:00,HDFC,UPI,104,5,826.600576923077,0.009615384615384616,0.04807692307692308,1,0.16122023545613418
2026-07-29 10:00:00,ICICI,CARD,35,1,779.1634285714287,0.0,0.02857142857142857,1,0.19749705486237118
2026-07-29 10:00:00,ICICI,NETBANKING,12,2,777.2925,0.25,0.16666666666666666,-1,-0.027613740016651955
2026-07-29 10:00:00,ICICI,UPI,95,7,847.5703157894737,0.031578947368421054,0.07368421052631578,1,0.1852013345133442
2026-07-29 10:00:00,KOTAK,CARD,15,2,743.5840000000001,0.0,0.13333333333333333,1,0.1481993667471027
2026-07-29 10:00:00,KOTAK,NETBANKING,6,0,718.48,0.0,0.0,1,0.15824055734170006
2026-07-29 10:00:00,KOTAK,UPI,47,5,802.0234042553191,0.02127659574468085,0.10638297872340426,1,0.16407224039796242
2026-07-29 10:00:00,SBI,CARD,40,4,685.4514999999999,0.05,0.1,1,0.14499788208780218
2026-07-29 10:00:00,SBI,NETBANKING,10,1,1029.761,0.0,0.1,1,0.17996279648363084
2026-07-29 10:00:00,SBI,UPI,109,9,1066.100366972477,0.01834862385321101,0.08256880733944955,1,0.11796308200317385
2026-07-29 11:00:00,AXIS,CARD,26,6,719.5065384615385,0.07692307692307693,0.23076923076923078,1,0.032125019963768375
2026-07-29 11:00:00,AXIS,NETBANKING,7,2,735.7857142857143,0.14285714285714285,0.2857142857142857,-1,-0.027303659360375265
2026-07-29 11:00:00,AXIS,UPI,79,8,927.2855696202531,0.012658227848101266,0.10126582278481013,1,0.15193345766491712
2026-07-29 11:00:00,HDFC,CARD,40,2,1338.37675,0.05,0.05,1,0.10137920266847977
2026-07-29 11:00:00,HDFC,NETBANKING,14,1,1632.0935714285715,0.07142857142857142,0.07142857142857142,1,0.004614991660742862
2026-07-29 11:00:00,HDFC,UPI,88,5,887.5997727272727,0.022727272727272728,0.056818181818181816,1,0.19372669650255475
2026-07-29 11:00:00,ICICI,CARD,35,1,956.4265714285715,0.05714285714285714,0.02857142857142857,1,0.1701022521425608
2026-07-29 11:00:00,ICICI,NETBANKING,13,0,867.3430769230769,0.0,0.0,1,0.21204195604001314
2026-07-29 11:00:00,ICICI,UPI,101,6,806.6018811881188,0.039603960396039604,0.0594059405940594,1,0.16490755182609756
2026-07-29 11:00:00,KOTAK,CARD,16,1,729.21125,0.0,0.0625,1,0.20282108403579852
2026-07-29 11:00:00,KOTAK,NETBANKING,8,0,1146.4612499999998,0.0,0.0,1,0.16624414205809113
2026-07-29 11:00:00,KOTAK,UPI,45,2,935.562,0.0,0.044444444444444446,1,0.21697365276041808
2026-07-29 11:00:00,SBI,CARD,44,3,904.0865909090909,0.045454545454545456,0.06818181818181818,1,0.20753673847692083
2026-07-29 11:00:00,SBI,NETBANKING,15,0,774.6253333333334,0.0,0.0,1,0.2087953359726788
2026-07-29 11:00:00,SBI,UPI,103,7,958.0527184466018,0.019417475728155338,0.06796116504854369,1,0.17248331526066268
2026-07-29 12:00:00,AXIS,CARD,20,0,1188.5755,0.0,0.0,1,0.17308519848656617
2026-07-29 12:00:00,AXIS,NETBANKING,10,0,1141.9180000000001,0.0,0.0,1,0.18309069107294068
2026-07-29 12:00:00,AXIS,UPI,83,6,998.11,0.04819277108433735,0.07228915662650602,1,0.18147015322708898
2026-07-29 12:00:00,HDFC,CARD,32,1,1213.5253125,0.0,0.03125,1,0.1714086464545066
2026-07-29 12:00:00,HDFC,NETBANKING,16,3,497.923125,0.0,0.1875,1,0.024251984764409706
2026-07-29 12:00:00,HDFC,UPI,108,4,894.3602777777778,0.018518518518518517,0.037037037037037035,1,0.16617116655507685
2026-07-29 12:00:00,ICICI,CARD,31,3,847.528064516129,0.0967741935483871,0.0967741935483871,1,0.14655426735840615
2026-07-29 12:00:00,ICICI,NETBANKING,13,1,738.2,0.0,0.07692307692307693,1,0.19677007201962332
2026-07-29 12:00:00,ICICI,UPI,99,9,834.4505050505051,0.050505050505050504,0.09090909090909091,1,0.14753931461499836
2026-07-29 12:00:00,KOTAK,CARD,17,1,1219.8935294117646,0.058823529411764705,0.058823529411764705,1,0.14392666358276918
2026-07-29 12:00:00,KOTAK,NETBANKING,6,0,1042.18,0.0,0.0,1,0.17425628831834955
2026-07-29 12:00:00,KOTAK,UPI,60,4,963.9811666666667,0.016666666666666666,0.06666666666666667,1,0.19460129551219235
2026-07-29 12:00:00,SBI,CARD,41,0,1058.311463414634,0.0,0.0,1,0.17495025908814804
2026-07-29 12:00:00,SBI,NETBANKING,20,0,912.0135,0.0,0.0,1,0.20943045199903854
2026-07-29 12:00:00,SBI,UPI,98,3,885.7739795918368,0.02040816326530612,0.030612244897959183,1,0.17817235933778203
2026-07-29 13:00:00,AXIS,CARD,32,1,877.868125,0.03125,0.03125,1,0.1936955040966371
2026-07-29 13:00:00,AXIS,NETBANKING,12,0,941.1258333333334,0.0,0.0,1,0.21661621598366299
2026-07-29 13:00:00,AXIS,UPI,94,4,827.7994680851064,0.010638297872340425,0.0425531914893617,1,0.17385495546874452
2026-07-29 13:00:00,HDFC,CARD,41,1,747.0417073170731,0.0,0.024390243902439025,1,0.18267398146398056
2026-07-29 13:00:00,HDFC,NETBANKING,18,1,911.9444444444445,0.0,0.05555555555555555,1,0.23082748935181446
2026-07-29 13:00:00,HDFC,UPI,101,9,880.2771287128713,0.0297029702970297,0.0891089108910891,1,0.1616616170986882
2026-07-29 13:00:00,ICICI,CARD,36,1,941.2658333333334,0.027777777777777776,0.027777777777777776,1,0.19712367845168188
2026-07-29 13:00:00,ICICI,NETBANKING,12,2,991.8691666666667,0.08333333333333333,0.16666666666666666,1,0.09675357817599117
2026-07-29 13:00:00,ICICI,UPI,116,5,966.8073275862068,0.02586206896551724,0.04310344827586207,1,0.13747702666419048
2026-07-29 13:00:00,KOTAK,CARD,16,2,827.604375,0.0625,0.125,1,0.1550955958607943
2026-07-29 13:00:00,KOTAK,NETBANKING,8,0,707.18,0.0,0.0,1,0.17495306636845642
2026-07-29 13:00:00,KOTAK,UPI,46,3,843.614347826087,0.043478260869565216,0.06521739130434782,1,0.2054055557000472
2026-07-29 13:00:00,SBI,CARD,38,2,918.8157894736842,0.05263157894736842,0.05263157894736842,1,0.20738402502328435
2026-07-29 13:00:00,SBI,NETBANKING,22,1,1093.8063636363638,0.0,0.045454545454545456,1,0.2027318079604059
2026-07-29 13:00:00,SBI,UPI,120,9,769.8008333333333,0.008333333333333333,0.075,1,0.07719316727091219
2026-07-29 14:00:00,AXIS,CARD,43,4,967.0637209302325,0.06976744186046512,0.09302325581395349,1,0.1750994249802384
2026-07-29 14:00:00,AXIS,NETBANKING,14,1,976.2557142857142,0.0,0.07142857142857142,1,0.22108957434888765
2026-07-29 14:00:00,AXIS,UPI,68,7,995.8042647058824,0.04411764705882353,0.10294117647058823,1,0.15976451196501357
2026-07-29 14:00:00,HDFC,CARD,45,4,891.6677777777778,0.044444444444444446,0.08888888888888889,1,0.20274987210284084
2026-07-29 14:00:00,HDFC,NETBANKING,24,2,869.0445833333333,0.0,0.08333333333333333,1,0.21556359477176606
2026-07-29 14:00:00,HDFC,UPI,107,5,896.713831775701,0.028037383177570093,0.04672897196261682,1,0.17610388273237565
2026-07-29 14:00:00,ICICI,CARD,44,2,819.06,0.022727272727272728,0.045454545454545456,1,0.20354166610703706
2026-07-29 14:00:00,ICICI,NETBANKING,14,1,1200.2900000000002,0.07142857142857142,0.07142857142857142,1,0.12495850427289124
2026-07-29 14:00:00,ICICI,UPI,96,4,925.4994791666667,0.020833333333333332,0.041666666666666664,1,0.18915166125166682
2026-07-29 14:00:00,KOTAK,CARD,18,0,812.585,0.0,0.0,1,0.20487140869155052
2026-07-29 14:00:00,KOTAK,NETBANKING,10,2,796.085,0.2,0.2,-1,-0.010485168699513658
2026-07-29 14:00:00,KOTAK,UPI,41,4,661.9926829268293,0.024390243902439025,0.0975609756097561,1,0.13749331857196023
2026-07-29 14:00:00,SBI,CARD,40,3,948.2492500000001,0.025,0.075,1,0.2072168470004188
2026-07-29 14:00:00,SBI,NETBANKING,14,1,1489.107142857143,0.0,0.07142857142857142,1,0.06932753170484529
2026-07-29 14:00:00,SBI,UPI,103,11,898.7881553398057,0.02912621359223301,0.10679611650485436,1,0.13577261180189193
2026-07-29 15:00:00,AXIS,CARD,33,5,827.9615151515152,0.030303030303030304,0.15151515151515152,1,0.13133811227510162
2026-07-29 15:00:00,AXIS,NETBANKING,16,1,919.84,0.0,0.0625,1,0.2265325025175583
2026-07-29 15:00:00,AXIS,UPI,75,4,812.1930666666667,0.013333333333333334,0.05333333333333334,1,0.17646153781930168
2026-07-29 15:00:00,HDFC,CARD,28,1,865.1225000000001,0.0,0.03571428571428571,1,0.2178822579436776
2026-07-29 15:00:00,HDFC,NETBANKING,19,3,949.6615789473684,0.0,0.15789473684210525,1,0.13215668156311106
2026-07-29 15:00:00,HDFC,UPI,114,3,923.3847368421052,0.017543859649122806,0.02631578947368421,1,0.13995016573854374
2026-07-29 15:00:00,ICICI,CARD,38,1,819.8013157894737,0.0,0.02631578947368421,1,0.2104076733525853
2026-07-29 15:00:00,ICICI,NETBANKING,13,1,973.4323076923076,0.0,0.07692307692307693,1,0.21386261429565806
2026-07-29 15:00:00,ICICI,UPI,89,8,935.7733707865169,0.033707865168539325,0.0898876404494382,1,0.1671627850759717
2026-07-29 15:00:00,KOTAK,CARD,18,0,942.7327777777778,0.0,0.0,1,0.21368218920327614
2026-07-29 15:00:00,KOTAK,NETBANKING,6,1,1765.4566666666667,0.16666666666666666,0.16666666666666666,-1,-0.09012582059932905
2026-07-29 15:00:00,KOTAK,UPI,45,3,900.8586666666666,0.08888888888888889,0.06666666666666667,1,0.14890723150152768
2026-07-29 15:00:00,SBI,CARD,43,0,1186.9620930232559,0.0,0.0,1,0.1517741649424333
2026-07-29 15:00:00,SBI,NETBANKING,18,2,1068.6822222222222,0.0,0.1111111111111111,1,0.17202958668765694
2026-07-29 15:00:00,SBI,UPI,92,5,876.6154347826086,0.021739130434782608,0.05434782608695652,1,0.189252258665353
2026-07-29 16:00:00,AXIS,CARD,18,3,794.8544444444445,0.1111111111111111,0.16666666666666666,1,0.08515730015773326
2026-07-29 16:00:00,AXIS,NETBANKING,12,0,957.9658333333333,0.0,0.0,1,0.21676416727062836
2026-07-29 16:00:00,AXIS,UPI,68,3,1042.956617647059,0.058823529411764705,0.04411764705882353,1,0.1565090767246105
2026-07-29 16:00:00,HDFC,CARD,32,5,1047.4159375,0.0625,0.15625,1,0.11772264965774576
2026-07-29 16:00:00,HDFC,NETBANKING,11,0,900.3709090909091,0.0,0.0,1,0.21487715693399623
2026-07-29 16:00:00,HDFC,UPI,108,8,927.4525925925926,0.046296296296296294,0.07407407407407407,1,0.16077902864418048
2026-07-29 16:00:00,ICICI,CARD,37,0,975.8043243243244,0.0,0.0,1,0.19326787879586704
2026-07-29 16:00:00,ICICI,NETBANKING,11,1,874.7954545454545,0.09090909090909091,0.09090909090909091,1,0.13394588562314463
2026-07-29 16:00:00,ICICI,UPI,112,8,882.8741964285715,0.03571428571428571,0.07142857142857142,1,0.16519459297830874
2026-07-29 16:00:00,KOTAK,CARD,20,0,713.4975000000001,0.0,0.0,1,0.18442308317714307
2026-07-29 16:00:00,KOTAK,NETBANKING,6,1,582.8166666666667,0.16666666666666666,0.16666666666666666,-1,-0.01682127648597531
2026-07-29 16:00:00,KOTAK,UPI,76,3,903.3815789473684,0.013157894736842105,0.039473684210526314,1,0.19097245786215866
2026-07-29 16:00:00,SBI,CARD,50,4,933.8986,0.04,0.08,1,0.20285366866575438
2026-07-29 16:00:00,SBI,NETBANKING,20,3,646.725,0.1,0.15,1,0.061369892847791374
2026-07-29 16:00:00,SBI,UPI,118,6,824.4412711864408,0.0,0.05084745762711865,1,0.12183244700156382
2026-07-29 17:00:00,AXIS,CARD,34,3,770.2632352941176,0.029411764705882353,0.08823529411764706,1,0.18260122729631195
2026-07-29 17:00:00,AXIS,NETBANKING,10,0,1098.8229999999999,0.0,0.0,1,0.19536971959852012
2026-07-29 17:00:00,AXIS,UPI,82,3,900.724512195122,0.024390243902439025,0.036585365853658534,1,0.18248412979181738
2026-07-29 17:00:00,HDFC,CARD,45,4,624.5953333333333,0.06666666666666667,0.08888888888888889,1,0.10273677058340747
2026-07-29 17:00:00,HDFC,NETBANKING,18,0,735.455,0.0,0.0,1,0.186913484921037
2026-07-29 17:00:00,HDFC,UPI,113,8,911.3387610619469,0.017699115044247787,0.07079646017699115,1,0.16092915480494968
2026-07-29 17:00:00,ICICI,CARD,36,1,908.6580555555556,0.0,0.027777777777777776,1,0.2215823680784726
2026-07-29 17:00:00,ICICI,NETBANKING,16,1,1321.201875,0.0625,0.0625,1,0.1138282600076867
2026-07-29 17:00:00,ICICI,UPI,95,4,959.4034736842106,0.010526315789473684,0.042105263157894736,1,0.1841095955854245
2026-07-29 17:00:00,KOTAK,CARD,18,0,983.6927777777778,0.0,0.0,1,0.20981024905821732
2026-07-29 17:00:00,KOTAK,NETBANKING,5,0,854.4459999999999,0.0,0.0,1,0.17084481619718805
2026-07-29 17:00:00,KOTAK,UPI,49,3,850.9404081632654,0.0,0.061224489795918366,1,0.20309031868922955
2026-07-29 17:00:00,SBI,CARD,42,1,860.5445238095239,0.023809523809523808,0.023809523809523808,1,0.1910660721490246
2026-07-29 17:00:00,SBI,NETBANKING,19,3,1124.4342105263158,0.15789473684210525,0.15789473684210525,1,0.028423473145517297
2026-07-29 17:00:00,SBI,UPI,106,7,926.2813207547171,0.009433962264150943,0.0660377358490566,1,0.1705060711396511
2026-07-29 18:00:00,AXIS,CARD,28,2,930.4325,0.0,0.07142857142857142,1,0.22267843062956627
2026-07-29 18:00:00,AXIS,NETBANKING,11,0,906.6736363636363,0.0,0.0,1,0.21445414068098534
2026-07-29 18:00:00,AXIS,UPI,83,8,849.9521686746988,0.012048192771084338,0.0963855421686747,1,0.15914704667387874
2026-07-29 18:00:00,HDFC,CARD,37,5,915.4097297297296,0.02702702702702703,0.13513513513513514,1,0.15808167810601848
2026-07-29 18:00:00,HDFC,NETBANKING,19,1,1242.5552631578946,0.0,0.05263157894736842,1,0.17171868261415896
2026-07-29 18:00:00,HDFC,UPI,102,1,963.4555882352942,0.0,0.00980392156862745,1,0.1201587556792248
2026-07-29 18:00:00,ICICI,CARD,48,6,912.2089583333333,0.041666666666666664,0.125,1,0.17236885775110244
2026-07-29 18:00:00,ICICI,NETBANKING,13,0,687.1053846153845,0.0,0.0,1,0.18510615006763853
2026-07-29 18:00:00,ICICI,UPI,96,2,1027.5023958333334,0.0,0.020833333333333332,1,0.13967210197119012
2026-07-29 18:00:00,KOTAK,CARD,20,1,1311.0729999999999,0.05,0.05,1,0.10984495096876556
2026-07-29 18:00:00,KOTAK,NETBANKING,9,1,833.8911111111111,0.0,0.1111111111111111,1,0.17059287749991797
2026-07-29 18:00:00,KOTAK,UPI,52,2,888.2213461538462,0.0,0.038461538461538464,1,0.20922197090826206
2026-07-29 18:00:00,SBI,CARD,51,4,708.0090196078431,0.0196078431372549,0.0784313725490196,1,0.15840294392252618
2026-07-29 18:00:00,SBI,NETBANKING,14,0,923.9635714285715,0.0,0.0,1,0.21740636748902836
2026-07-29 18:00:00,SBI,UPI,100,2,840.4626,0.0,0.02,1,0.1417971256437996
2026-07-29 19:00:00,AXIS,CARD,36,0,879.3938888888889,0.0,0.0,1,0.1921077481551255
2026-07-29 19:00:00,AXIS,NETBANKING,15,0,908.85,0.0,0.0,1,0.2204490031029645
2026-07-29 19:00:00,AXIS,UPI,70,3,1005.2735714285714,0.0,0.04285714285714286,1,0.1750372526849412
2026-07-29 19:00:00,HDFC,CARD,45,3,901.2766666666666,0.06666666666666667,0.06666666666666667,1,0.19039013512497582
2026-07-29 19:00:00,HDFC,NETBANKING,16,1,920.03,0.0,0.0625,1,0.2265325025175583
2026-07-29 19:00:00,HDFC,UPI,104,9,833.884423076923,0.0,0.08653846153846154,1,0.12883909304615648
2026-07-29 19:00:00,ICICI,CARD,46,0,949.2191304347826,0.0,0.0,1,0.18185183059727472
2026-07-29 19:00:00,ICICI,NETBANKING,19,0,933.6157894736842,0.0,0.0,1,0.21252946786483562
2026-07-29 19:00:00,ICICI,UPI,114,5,816.4634210526316,0.03508771929824561,0.043859649122807015,1,0.13397596403074208
2026-07-29 19:00:00,KOTAK,CARD,22,1,1100.6686363636363,0.0,0.045454545454545456,1,0.19928621005123143
2026-07-29 19:00:00,KOTAK,NETBANKING,12,1,999.245,0.16666666666666666,0.08333333333333333,1,0.07159263356416468
2026-07-29 19:00:00,KOTAK,UPI,61,3,847.0722950819671,0.01639344262295082,0.04918032786885246,1,0.18692788719302067
2026-07-29 19:00:00,SBI,CARD,51,3,950.8492156862744,0.0,0.058823529411764705,1,0.20001253086501652
2026-07-29 19:00:00,SBI,NETBANKING,20,0,1033.58,0.0,0.0,1,0.19989053332088963
2026-07-29 19:00:00,SBI,UPI,128,9,891.90375,0.03125,0.0703125,1,0.09975105197906631
2026-07-29 20:00:00,AXIS,CARD,41,1,1122.4251219512196,0.024390243902439025,0.024390243902439025,1,0.1617115575762325
2026-07-29 20:00:00,AXIS,NETBANKING,11,0,1425.4863636363636,0.0,0.0,1,0.10223950617063093
2026-07-29 20:00:00,AXIS,UPI,84,7,1173.4266666666667,0.023809523809523808,0.08333333333333333,1,0.13323749379782185
2026-07-29 20:00:00,HDFC,CARD,44,1,710.8859090909091,0.0,0.022727272727272728,1,0.16600096303354267
2026-07-29 20:00:00,HDFC,NETBANKING,23,0,981.7995652173913,0.0,0.0,1,0.20149540229739388
2026-07-29 20:00:00,HDFC,UPI,109,3,921.8356880733944,0.03669724770642202,0.027522935779816515,1,0.14350247856520348
2026-07-29 20:00:00,ICICI,CARD,36,2,857.9130555555555,0.05555555555555555,0.05555555555555555,1,0.20173750844248134
2026-07-29 20:00:00,ICICI,NETBANKING,18,2,1011.8994444444444,0.05555555555555555,0.1111111111111111,1,0.17102626921950026
2026-07-29 20:00:00,ICICI,UPI,99,5,852.1037373737374,0.010101010101010102,0.050505050505050504,1,0.1779356048725826
2026-07-29 20:00:00,KOTAK,CARD,21,1,707.8219047619048,0.0,0.047619047619047616,1,0.19437205300452348
2026-07-29 20:00:00,KOTAK,NETBANKING,11,1,904.5427272727272,0.0,0.09090909090909091,1,0.2041317536380719
2026-07-29 20:00:00,KOTAK,UPI,56,0,1152.6755357142858,0.0,0.0,1,0.12723790740208885
2026-07-29 20:00:00,SBI,CARD,36,0,935.9861111111111,0.0,0.0,1,0.19474905266240344
2026-07-29 20:00:00,SBI,NETBANKING,16,0,800.761875,0.0,0.0,1,0.20518023826019832
2026-07-29 20:00:00,SBI,UPI,102,9,924.7203921568627,0.049019607843137254,0.08823529411764706,1,0.15972213037445687
2026-07-29 21:00:00,AXIS,CARD,33,2,879.4221212121212,0.06060606060606061,0.06060606060606061,1,0.19536474215263916
2026-07-29 21:00:00,AXIS,NETBANKING,13,1,880.8607692307693,0.0,0.07692307692307693,1,0.2170336304431857
2026-07-29 21:00:00,AXIS,UPI,89,8,975.9714606741574,0.06741573033707865,0.0898876404494382,1,0.13602679611181895
2026-07-29 21:00:00,HDFC,CARD,51,4,790.7772549019608,0.058823529411764705,0.0784313725490196,1,0.17293990190870112
2026-07-29 21:00:00,HDFC,NETBANKING,16,2,926.6881249999999,0.0625,0.125,1,0.1624821217398565
2026-07-29 21:00:00,HDFC,UPI,108,8,960.042037037037,0.046296296296296294,0.07407407407407407,1,0.15899325244623685
2026-07-29 21:00:00,ICICI,CARD,43,4,944.4179069767442,0.046511627906976744,0.09302325581395349,1,0.19714327824855749
2026-07-29 21:00:00,ICICI,NETBANKING,10,0,610.73,0.0,0.0,1,0.1485925058522538
2026-07-29 21:00:00,ICICI,UPI,93,4,897.6795698924731,0.021505376344086023,0.043010752688172046,1,0.1882323490279489
2026-07-29 21:00:00,KOTAK,CARD,24,1,724.1579166666667,0.0,0.041666666666666664,1,0.1949351967397958
2026-07-29 21:00:00,KOTAK,NETBANKING,7,0,605.2071428571428,0.0,0.0,1,0.12838644874306265
2026-07-29 21:00:00,KOTAK,UPI,57,1,872.2877192982456,0.0,0.017543859649122806,1,0.18293518446199297
2026-07-29 21:00:00,SBI,CARD,44,3,879.7936363636363,0.0,0.06818181818181818,1,0.2109800157946629
2026-07-29 21:00:00,SBI,NETBANKING,17,1,1451.2664705882355,0.058823529411764705,0.058823529411764705,1,0.06652409759013345
2026-07-29 21:00:00,SBI,UPI,111,4,855.7803603603603,0.02702702702702703,0.036036036036036036,1,0.14786524337049634
2026-07-29 22:00:00,AXIS,CARD,21,2,1043.2990476190475,0.14285714285714285,0.09523809523809523,1,0.10086379812767632
2026-07-29 22:00:00,AXIS,NETBANKING,16,0,950.29875,0.0,0.0,1,0.21478336305190399
2026-07-29 22:00:00,AXIS,UPI,61,2,862.9565573770492,0.01639344262295082,0.03278688524590164,1,0.18279720051782827
2026-07-29 22:00:00,HDFC,CARD,33,2,921.4878787878788,0.06060606060606061,0.06060606060606061,1,0.19465102781929827
2026-07-29 22:00:00,HDFC,NETBANKING,19,1,812.5236842105263,0.05263157894736842,0.05263157894736842,1,0.18459385591027355
2026-07-29 22:00:00,HDFC,UPI,99,8,900.1043434343435,0.0707070707070707,0.08080808080808081,1,0.1410410779030291
2026-07-29 22:00:00,ICICI,CARD,40,1,937.0405000000001,0.025,0.025,1,0.18945280277760007
2026-07-29 22:00:00,ICICI,NETBANKING,11,0,655.0663636363637,0.0,0.0,1,0.16549373909224074
2026-07-29 22:00:00,ICICI,UPI,106,6,797.4419811320755,0.018867924528301886,0.05660377358490566,1,0.1556230155696356
2026-07-29 22:00:00,KOTAK,CARD,17,2,926.4411764705883,0.058823529411764705,0.11764705882352941,1,0.17004621167963402
2026-07-29 22:00:00,KOTAK,NETBANKING,9,0,850.7622222222221,0.0,0.0,1,0.19983851433090094
2026-07-29 22:00:00,KOTAK,UPI,50,1,955.2566,0.0,0.02,1,0.1960701540223298
2026-07-29 22:00:00,SBI,CARD,40,2,768.5952500000001,0.05,0.05,1,0.17985349301628406
2026-07-29 22:00:00,SBI,NETBANKING,14,0,1249.8614285714286,0.0,0.0,1,0.16082348430749316
2026-07-29 22:00:00,SBI,UPI,112,4,923.6303571428572,0.026785714285714284,0.03571428571428571,1,0.14515779531825862
2026-07-29 23:00:00,AXIS,CARD,26,0,1112.26,0.0,0.0,1,0.1749231530915139
2026-07-29 23:00:00,AXIS,NETBANKING,8,0,842.08125,0.0,0.0,1,0.19441816552045266
2026-07-29 23:00:00,AXIS,UPI,73,7,966.4231506849314,0.0410958904109589,0.0958904109589041,1,0.17087162578741116
2026-07-29 23:00:00,HDFC,CARD,41,2,1076.8643902439026,0.0,0.04878048780487805,1,0.19668991532380858
2026-07-29 23:00:00,HDFC,NETBANKING,24,1,855.7033333333334,0.041666666666666664,0.041666666666666664,1,0.1917110431035784
2026-07-29 23:00:00,HDFC,UPI,108,6,934.0038888888889,0.018518518518518517,0.05555555555555555,1,0.17437349634853533
2026-07-29 23:00:00,ICICI,CARD,40,0,741.79325,0.0,0.0,1,0.15833424499862114
2026-07-29 23:00:00,ICICI,NETBANKING,14,1,885.1657142857142,0.0,0.07142857142857142,1,0.22217032685214533
2026-07-29 23:00:00,ICICI,UPI,106,11,843.5159433962265,0.07547169811320754,0.10377358490566038,1,0.09666199769494588
2026-07-29 23:00:00,KOTAK,CARD,22,2,1009.7518181818182,0.045454545454545456,0.09090909090909091,1,0.18556424386922543
2026-07-29 23:00:00,KOTAK,NETBANKING,10,1,515.409,0.1,0.1,1,0.053519441666523004
2026-07-29 23:00:00,KOTAK,UPI,56,3,1031.5017857142857,0.05357142857142857,0.05357142857142857,1,0.18485783391893784
2026-07-29 23:00:00,SBI,CARD,39,0,797.6635897435897,0.0,0.0,1,0.17691420721259615
2026-07-29 23:00:00,SBI,NETBANKING,14,3,864.2864285714286,0.07142857142857142,0.21428571428571427,1,0.06178207366792543
2026-07-29 23:00:00,SBI,UPI,95,3,1032.1036842105264,0.021052631578947368,0.031578947368421054,1,0.15592441018155107
2026-07-30 00:00:00,AXIS,CARD,33,0,804.189393939394,0.0,0.0,1,0.18408575783509895
2026-07-30 00:00:00,AXIS,NETBANKING,15,1,1101.382,0.06666666666666667,0.06666666666666667,1,0.15408876951447886
2026-07-30 00:00:00,AXIS,UPI,84,5,869.540119047619,0.047619047619047616,0.05952380952380952,1,0.17997923403625904
2026-07-30 00:00:00,HDFC,CARD,37,4,796.7086486486487,0.0,0.10810810810810811,1,0.1752210488536166
2026-07-30 00:00:00,HDFC,NETBANKING,12,0,1234.27,0.0,0.0,1,0.16918506525824978
2026-07-30 00:00:00,HDFC,UPI,88,5,800.7035227272728,0.022727272727272728,0.056818181818181816,1,0.17486236573270286
2026-07-30 00:00:00,ICICI,CARD,38,3,815.905,0.05263157894736842,0.07894736842105263,1,0.19767401474833296
2026-07-30 00:00:00,ICICI,NETBANKING,21,4,824.5614285714286,0.14285714285714285,0.19047619047619047,1,0.04607387836183052
2026-07-30 00:00:00,ICICI,UPI,103,6,924.6456310679612,0.038834951456310676,0.05825242718446602,1,0.17883781704343932
2026-07-30 00:00:00,KOTAK,CARD,22,1,909.095,0.0,0.045454545454545456,1,0.22491564729313612
2026-07-30 00:00:00,KOTAK,NETBANKING,8,1,902.7262499999999,0.25,0.125,-1,-0.015243279890714057
2026-07-30 00:00:00,KOTAK,UPI,41,3,984.9892682926828,0.04878048780487805,0.07317073170731707,1,0.20733675971033205
2026-07-30 00:00:00,SBI,CARD,42,3,927.0647619047619,0.0,0.07142857142857142,1,0.21238788192499114
2026-07-30 00:00:00,SBI,NETBANKING,14,0,1129.9385714285713,0.0,0.0,1,0.19382972435355378
2026-07-30 00:00:00,SBI,UPI,106,7,867.2611320754717,0.0660377358490566,0.0660377358490566,1,0.15219774208126352
2026-07-30 01:00:00,AXIS,CARD,38,3,1182.3523684210527,0.0,0.07894736842105263,1,0.17427127141368393
2026-07-30 01:00:00,AXIS,NETBANKING,13,0,897.7215384615386,0.0,0.0,1,0.21510571952882535
2026-07-30 01:00:00,AXIS,UPI,67,6,989.6971641791046,0.07462686567164178,0.08955223880597014,1,0.1286628779892282
2026-07-30 01:00:00,HDFC,CARD,40,2,797.48325,0.05,0.05,1,0.1874007472198725
2026-07-30 01:00:00,HDFC,NETBANKING,12,0,946.5025,0.0,0.0,1,0.21624534781839927
2026-07-30 01:00:00,HDFC,UPI,104,6,1110.8433653846155,0.019230769230769232,0.057692307692307696,1,0.13407874597813763
2026-07-30 01:00:00,ICICI,CARD,37,2,835.5837837837837,0.05405405405405406,0.05405405405405406,1,0.19935747749411958
2026-07-30 01:00:00,ICICI,NETBANKING,14,0,517.3892857142857,0.0,0.0,1,0.10621091941952232
2026-07-30 01:00:00,ICICI,UPI,86,4,902.7466279069769,0.011627906976744186,0.046511627906976744,1,0.19039095836333142
2026-07-30 01:00:00,KOTAK,CARD,16,1,932.4675,0.125,0.0625,1,0.12340836573379188
2026-07-30 01:00:00,KOTAK,NETBANKING,8,0,1508.6,0.0,0.0,1,0.056879217550421135
2026-07-30 01:00:00,KOTAK,UPI,44,2,770.4131818181818,0.022727272727272728,0.045454545454545456,1,0.19149076128395226
2026-07-30 01:00:00,SBI,CARD,45,3,867.7082222222223,0.0,0.06666666666666667,1,0.210439720757436
2026-07-30 01:00:00,SBI,NETBANKING,15,0,808.1766666666666,0.0,0.0,1,0.21145261067908466
2026-07-30 01:00:00,SBI,UPI,114,7,1010.8459649122807,0.008771929824561403,0.06140350877192982,1,0.12841810065289583
2026-07-30 02:00:00,AXIS,CARD,27,2,907.3800000000001,0.037037037037037035,0.07407407407407407,1,0.20875531653666568
2026-07-30 02:00:00,AXIS,NETBANKING,11,1,1711.9881818181818,0.0,0.09090909090909091,1,0.01592642962915569
2026-07-30 02:00:00,AXIS,UPI,93,4,868.3394623655914,0.0,0.043010752688172046,1,0.17648883666275467
2026-07-30 02:00:00,HDFC,CARD,38,2,720.8107894736842,0.0,0.05263157894736842,1,0.18828776548604853
2026-07-30 02:00:00,HDFC,NETBANKING,15,1,1150.5706666666667,0.13333333333333333,0.06666666666666667,1,0.07879872206478011
2026-07-30 02:00:00,HDFC,UPI,92,11,1136.475,0.06521739130434782,0.11956521739130435,1,0.0643918796541505
2026-07-30 02:00:00,ICICI,CARD,35,1,1036.9114285714286,0.0,0.02857142857142857,1,0.20579333254663895
2026-07-30 02:00:00,ICICI,NETBANKING,15,2,664.5093333333334,0.13333333333333333,0.13333333333333333,1,0.06345904580711104
2026-07-30 02:00:00,ICICI,UPI,119,3,948.546218487395,0.025210084033613446,0.025210084033613446,1,0.11092037673110683
2026-07-30 02:00:00,KOTAK,CARD,20,0,775.4495,0.0,0.0,1,0.19812612637874571
2026-07-30 02:00:00,KOTAK,NETBANKING,10,1,1262.777,0.0,0.1,1,0.13344712875121462
2026-07-30 02:00:00,KOTAK,UPI,48,4,963.0975,0.041666666666666664,0.08333333333333333,1,0.2008759241915513
2026-07-30 02:00:00,SBI,CARD,32,1,854.411875,0.0,0.03125,1,0.21401606291263453
2026-07-30 02:00:00,SBI,NETBANKING,17,2,831.7976470588235,0.0,0.11764705882352941,1,0.17661641191440364
2026-07-30 02:00:00,SBI,UPI,87,3,862.903908045977,0.0,0.034482758620689655,1,0.17474927774979687
2026-07-30 03:00:00,AXIS,CARD,31,3,845.8812903225806,0.06451612903225806,0.0967741935483871,1,0.18272179509373476
2026-07-30 03:00:00,AXIS,NETBANKING,21,1,834.8819047619048,0.0,0.047619047619047616,1,0.21805374022589968
2026-07-30 03:00:00,AXIS,UPI,91,4,960.9446153846154,0.04395604395604396,0.04395604395604396,1,0.17667234450309188
2026-07-30 03:00:00,HDFC,CARD,35,2,1008.616857142857,0.05714285714285714,0.05714285714285714,1,0.1985596830369052
2026-07-30 03:00:00,HDFC,NETBANKING,14,0,953.2635714285715,0.0,0.0,1,0.2167234432530647
2026-07-30 03:00:00,HDFC,UPI,118,8,933.6716101694915,0.025423728813559324,0.06779661016949153,1,0.1413319066254407
2026-07-30 03:00:00,ICICI,CARD,42,1,795.452380952381,0.0,0.023809523809523808,1,0.20000623244874283
2026-07-30 03:00:00,ICICI,NETBANKING,21,0,928.9071428571428,0.0,0.0,1,0.20784445006287028
2026-07-30 03:00:00,ICICI,UPI,105,2,1002.8878095238096,0.009523809523809525,0.01904761904761905,1,0.13779440799757547
2026-07-30 03:00:00,KOTAK,CARD,16,1,1211.010625,0.0,0.0625,1,0.18202568900005595
2026-07-30 03:00:00,KOTAK,NETBANKING,6,0,908.5716666666667,0.0,0.0,1,0.1877279292477652
2026-07-30 03:00:00,KOTAK,UPI,64,4,845.278125,0.03125,0.0625,1,0.18721850632190806
2026-07-30 03:00:00,SBI,CARD,41,2,877.2370731707317,0.0,0.04878048780487805,1,0.2202129111039522
2026-07-30 03:00:00,SBI,NETBANKING,17,2,965.3770588235294,0.058823529411764705,0.11764705882352941,1,0.16429500760640625
2026-07-30 03:00:00,SBI,UPI,100,8,875.5794000000001,0.09,0.08,1,0.10120940184912519
2026-07-30 04:00:00,AXIS,CARD,34,3,902.0344117647059,0.0,0.08823529411764706,1,0.21080792807336035
2026-07-30 04:00:00,AXIS,NETBANKING,19,1,852.187894736842,0.05263157894736842,0.05263157894736842,1,0.18644311479718784
2026-07-30 04:00:00,AXIS,UPI,75,5,872.4954666666667,0.02666666666666667,0.06666666666666667,1,0.18647714550041655
2026-07-30 04:00:00,HDFC,CARD,40,1,828.11875,0.0,0.025,1,0.20833902072405092
2026-07-30 04:00:00,HDFC,NETBANKING,13,2,797.8453846153845,0.0,0.15384615384615385,1,0.13444211915019105
2026-07-30 04:00:00,HDFC,UPI,99,6,938.8325252525252,0.010101010101010102,0.06060606060606061,1,0.1836545234349245
2026-07-30 04:00:00,ICICI,CARD,37,1,939.6627027027029,0.0,0.02702702702702703,1,0.21716167102813005
2026-07-30 04:00:00,ICICI,NETBANKING,17,1,793.7076470588235,0.0,0.058823529411764705,1,0.2164159071529142
2026-07-30 04:00:00,ICICI,UPI,101,5,964.4991089108911,0.039603960396039604,0.04950495049504951,1,0.17684233964185436
2026-07-30 04:00:00,KOTAK,CARD,22,2,852.6522727272727,0.045454545454545456,0.09090909090909091,1,0.18897387853685582
2026-07-30 04:00:00,KOTAK,NETBANKING,8,0,629.58875,0.0,0.0,1,0.14314114170672027
2026-07-30 04:00:00,KOTAK,UPI,63,4,714.8850793650794,0.015873015873015872,0.06349206349206349,1,0.14243749460521632
2026-07-30 04:00:00,SBI,CARD,45,4,1098.2173333333333,0.044444444444444446,0.08888888888888889,1,0.17475834357385683
2026-07-30 04:00:00,SBI,NETBANKING,19,0,919.3694736842106,0.0,0.0,1,0.21256237820990487
2026-07-30 04:00:00,SBI,UPI,90,6,1126.5603333333333,0.07777777777777778,0.06666666666666667,1,0.09213189399412636
2026-07-30 05:00:00,AXIS,CARD,25,2,1079.7972,0.04,0.08,1,0.18043412848606055
2026-07-30 05:00:00,AXIS,NETBANKING,15,3,890.63,0.0,0.2,1,0.08743390752857227
2026-07-30 05:00:00,AXIS,UPI,88,6,1064.4357954545455,0.011363636363636364,0.06818181818181818,1,0.16108209816397473
2026-07-30 05:00:00,HDFC,CARD,33,4,998.4851515151515,0.09090909090909091,0.12121212121212122,1,0.11925838620439988
2026-07-30 05:00:00,HDFC,NETBANKING,14,1,920.9835714285715,0.0,0.07142857142857142,1,0.2235048516759342
2026-07-30 05:00:00,HDFC,UPI,104,4,1229.1057692307693,0.028846153846153848,0.038461538461538464,1,0.08698752020734424
2026-07-30 05:00:00,ICICI,CARD,42,2,1168.7564285714284,0.0,0.047619047619047616,1,0.1750345874621852
2026-07-30 05:00:00,ICICI,NETBANKING,12,1,802.2716666666666,0.0,0.08333333333333333,1,0.2067377211490391
2026-07-30 05:00:00,ICICI,UPI,108,4,944.5357407407407,0.018518518518518517,0.037037037037037035,1,0.15901273045150854
2026-07-30 05:00:00,KOTAK,CARD,24,2,1087.9258333333335,0.08333333333333333,0.08333333333333333,1,0.13736290021305264
2026-07-30 05:00:00,KOTAK,NETBANKING,11,1,1835.1736363636364,0.0,0.09090909090909091,1,0.003723484253724152
2026-07-30 05:00:00,KOTAK,UPI,39,0,816.4941025641026,0.0,0.0,1,0.18472894261771355
2026-07-30 05:00:00,SBI,CARD,48,2,852.1889583333333,0.0,0.041666666666666664,1,0.20893958647961963
2026-07-30 05:00:00,SBI,NETBANKING,17,0,1220.7923529411764,0.0,0.0,1,0.17236510255829673
2026-07-30 05:00:00,SBI,UPI,115,12,840.8146956521739,0.034782608695652174,0.10434782608695652,1,0.0958491470527858
2026-07-30 06:00:00,AXIS,CARD,27,3,1128.802962962963,0.037037037037037035,0.1111111111111111,1,0.14531091140797897
2026-07-30 06:00:00,AXIS,NETBANKING,11,2,833.0354545454545,0.0,0.18181818181818182,1,0.10840244368592017
2026-07-30 06:00:00,AXIS,UPI,81,3,1013.2282716049383,0.024691358024691357,0.037037037037037035,1,0.17247627224947004
2026-07-30 06:00:00,HDFC,CARD,51,6,782.4688235294118,0.058823529411764705,0.11764705882352941,1,0.14582963687472844
2026-07-30 06:00:00,HDFC,NETBANKING,10,0,912.865,0.0,0.0,1,0.21346593211149273
2026-07-30 06:00:00,HDFC,UPI,113,9,904.7594690265487,0.04424778761061947,0.07964601769911504,1,0.14656007814192307
2026-07-30 06:00:00,ICICI,CARD,40,4,870.42875,0.1,0.1,1,0.14043223907920743
2026-07-30 06:00:00,ICICI,NETBANKING,18,2,1146.5005555555554,0.0,0.1111111111111111,1,0.15397118572612045
2026-07-30 06:00:00,ICICI,UPI,98,6,938.3984693877551,0.05102040816326531,0.061224489795918366,1,0.17883157447853554
2026-07-30 06:00:00,KOTAK,CARD,25,1,1078.4316000000001,0.04,0.04,1,0.16812347337758649
2026-07-30 06:00:00,KOTAK,NETBANKING,5,0,309.642,0.0,0.0,1,0.02312896133957487
2026-07-30 06:00:00,KOTAK,UPI,54,2,752.032037037037,0.018518518518518517,0.037037037037037035,1,0.16117179503797452
2026-07-30 06:00:00,SBI,CARD,44,2,1024.7470454545455,0.022727272727272728,0.045454545454545456,1,0.2038164618941024
2026-07-30 06:00:00,SBI,NETBANKING,22,0,882.2140909090908,0.0,0.0,1,0.20744939611388225
2026-07-30 06:00:00,SBI,UPI,96,9,977.5014583333333,0.020833333333333332,0.09375,1,0.15011202327429246
2026-07-30 07:00:00,AXIS,CARD,39,2,1001.7058974358974,0.05128205128205128,0.05128205128205128,1,0.20044892073610604
2026-07-30 07:00:00,AXIS,NETBANKING,19,1,960.8442105263158,0.0,0.05263157894736842,1,0.2249928919659378
2026-07-30 07:00:00,AXIS,UPI,92,6,771.9554347826087,0.021739130434782608,0.06521739130434782,1,0.14826833808063944
2026-07-30 07:00:00,HDFC,CARD,41,5,760.1760975609757,0.07317073170731707,0.12195121951219512,1,0.13165753458097917
2026-07-30 07:00:00,HDFC,NETBANKING,15,2,781.51,0.0,0.13333333333333333,1,0.15553219063580948
2026-07-30 07:00:00,HDFC,UPI,108,4,930.3413888888889,0.027777777777777776,0.037037037037037035,1,0.15767932170785037
2026-07-30 07:00:00,ICICI,CARD,35,2,1139.4354285714285,0.02857142857142857,0.05714285714285714,1,0.17464398703576756
2026-07-30 07:00:00,ICICI,NETBANKING,11,2,665.0109090909091,0.0,0.18181818181818182,1,0.07928674891948595
2026-07-30 07:00:00,ICICI,UPI,86,4,936.615,0.011627906976744186,0.046511627906976744,1,0.19066437762989658
2026-07-30 07:00:00,KOTAK,CARD,20,4,610.3225,0.1,0.2,1,0.013507108849010296
2026-07-30 07:00:00,KOTAK,NETBANKING,10,0,768.53,0.0,0.0,1,0.20046065836749233
2026-07-30 07:00:00,KOTAK,UPI,70,6,864.9042857142857,0.04285714285714286,0.08571428571428572,1,0.1827192809120124
2026-07-30 07:00:00,SBI,CARD,41,0,873.9865853658536,0.0,0.0,1,0.18886714479431205
2026-07-30 07:00:00,SBI,NETBANKING,14,0,720.5392857142857,0.0,0.0,1,0.19437303084477153
2026-07-30 07:00:00,SBI,UPI,102,8,859.4208823529411,0.049019607843137254,0.0784313725490196,1,0.16649671608963412
2026-07-30 08:00:00,AXIS,CARD,28,3,770.4575000000001,0.03571428571428571,0.10714285714285714,1,0.16998458476186795
2026-07-30 08:00:00,AXIS,NETBANKING,17,1,775.5858823529411,0.0,0.058823529411764705,1,0.21507303576543813
2026-07-30 08:00:00,AXIS,UPI,72,8,875.8954166666667,0.041666666666666664,0.1111111111111111,1,0.15522720764993841
2026-07-30 08:00:00,HDFC,CARD,44,3,1007.3625,0.045454545454545456,0.06818181818181818,1,0.20003661585228977
2026-07-30 08:00:00,HDFC,NETBANKING,12,0,890.4508333333333,0.0,0.0,1,0.21619732002968128
2026-07-30 08:00:00,HDFC,UPI,108,10,883.5672222222222,0.06481481481481481,0.09259259259259259,1,0.1291174770755651
2026-07-30 08:00:00,ICICI,CARD,43,3,917.6137209302325,0.023255813953488372,0.06976744186046512,1,0.21477651753169313
2026-07-30 08:00:00,ICICI,NETBANKING,14,2,1138.8164285714286,0.0,0.14285714285714285,1,0.1189748216561784
2026-07-30 08:00:00,ICICI,UPI,117,7,1071.2211965811966,0.02564102564102564,0.05982905982905983,1,0.09923650886489344
2026-07-30 08:00:00,KOTAK,CARD,23,2,885.7960869565218,0.043478260869565216,0.08695652173913043,1,0.20230885097844897
2026-07-30 08:00:00,KOTAK,NETBANKING,8,0,826.1075,0.0,0.0,1,0.1978947620870175
2026-07-30 08:00:00,KOTAK,UPI,60,10,908.8858333333334,0.11666666666666667,0.16666666666666666,1,0.04171279394999683
2026-07-30 08:00:00,SBI,CARD,39,2,1202.5502564102565,0.02564102564102564,0.05128205128205128,1,0.16384117730361408
2026-07-30 08:00:00,SBI,NETBANKING,14,0,648.1307142857142,0.0,0.0,1,0.1666165868285785
2026-07-30 08:00:00,SBI,UPI,97,5,958.9140206185567,0.041237113402061855,0.05154639175257732,1,0.18269308628472797
2026-07-30 09:00:00,AXIS,CARD,31,1,963.6909677419354,0.0,0.03225806451612903,1,0.2181955742724258
2026-07-30 09:00:00,AXIS,NETBANKING,15,1,983.1193333333334,0.13333333333333333,0.06666666666666667,1,0.10895017403015334
2026-07-30 09:00:00,AXIS,UPI,98,9,861.1921428571429,0.07142857142857142,0.09183673469387756,1,0.12073684347291519
2026-07-30 09:00:00,HDFC,CARD,51,3,985.6086274509804,0.0196078431372549,0.058823529411764705,1,0.20240707077096493
2026-07-30 09:00:00,HDFC,NETBANKING,23,0,1534.6626086956521,0.0,0.0,1,0.04947026682536537
2026-07-30 09:00:00,HDFC,UPI,87,6,906.0705747126436,0.034482758620689655,0.06896551724137931,1,0.18918717404612595
2026-07-30 09:00:00,ICICI,CARD,39,4,865.6051282051282,0.02564102564102564,0.10256410256410256,1,0.186118533074201
2026-07-30 09:00:00,ICICI,NETBANKING,14,0,1284.9599999999998,0.0,0.0,1,0.15047231049878745
2026-07-30 09:00:00,ICICI,UPI,81,7,771.3298765432099,0.07407407407407407,0.08641975308641975,1,0.10685449830285354
2026-07-30 09:00:00,KOTAK,CARD,19,3,969.6778947368422,0.05263157894736842,0.15789473684210525,1,0.12511631170600368
2026-07-30 09:00:00,KOTAK,NETBANKING,6,0,505.3966666666667,0.0,0.0,1,0.07421288891907196
2026-07-30 09:00:00,KOTAK,UPI,62,1,1218.531612903226,0.0,0.016129032258064516,1,0.12115505933104714
2026-07-30 09:00:00,SBI,CARD,44,2,1063.5106818181819,0.022727272727272728,0.045454545454545456,1,0.19003864639665569
2026-07-30 09:00:00,SBI,NETBANKING,17,2,867.4058823529411,0.0,0.11764705882352941,1,0.17968669398068743
2026-07-30 09:00:00,SBI,UPI,103,6,1023.2784466019417,0.02912621359223301,0.05825242718446602,1,0.15987442703249355
2026-07-30 10:00:00,AXIS,CARD,35,3,853.4037142857143,0.02857142857142857,0.08571428571428572,1,0.2049405154649805
2026-07-30 10:00:00,AXIS,NETBANKING,12,1,951.3191666666667,0.08333333333333333,0.08333333333333333,1,0.14246131691401498
2026-07-30 10:00:00,AXIS,UPI,76,5,832.1568421052631,0.06578947368421052,0.06578947368421052,1,0.15642633695496916
2026-07-30 10:00:00,HDFC,CARD,40,0,624.04475,0.0,0.0,1,0.09960552037889658
2026-07-30 10:00:00,HDFC,NETBANKING,15,1,1112.9066666666665,0.13333333333333333,0.06666666666666667,1,0.08318299415171226
2026-07-30 10:00:00,HDFC,UPI,96,3,1053.67625,0.0,0.03125,1,0.1347777272027072
2026-07-30 10:00:00,ICICI,CARD,42,2,868.4385714285714,0.023809523809523808,0.047619047619047616,1,0.2080575789046712
2026-07-30 10:00:00,ICICI,NETBANKING,17,3,785.0076470588235,0.17647058823529413,0.17647058823529413,1,0.037275970225531974
2026-07-30 10:00:00,ICICI,UPI,92,7,934.9052173913043,0.06521739130434782,0.07608695652173914,1,0.15655099261685818
2026-07-30 10:00:00,KOTAK,CARD,23,0,1318.644347826087,0.0,0.0,1,0.12291812199884306
2026-07-30 10:00:00,KOTAK,NETBANKING,8,0,1119.6775,0.0,0.0,1,0.1755842067776172
2026-07-30 10:00:00,KOTAK,UPI,61,4,961.732131147541,0.03278688524590164,0.06557377049180328,1,0.19438134686683006
2026-07-30 10:00:00,SBI,CARD,38,3,829.311052631579,0.0,0.07894736842105263,1,0.20759726800261197
2026-07-30 10:00:00,SBI,NETBANKING,18,0,1044.9144444444444,0.0,0.0,1,0.20326609367851195
2026-07-30 10:00:00,SBI,UPI,108,8,883.8778703703704,0.046296296296296294,0.07407407407407407,1,0.16259244098884978
2026-07-30 11:00:00,AXIS,CARD,19,1,923.2173684210527,0.0,0.05263157894736842,1,0.22697712483111693
2026-07-30 11:00:00,AXIS,NETBANKING,20,0,823.9955,0.0,0.0,1,0.20523876575057987
2026-07-30 11:00:00,AXIS,UPI,88,2,1018.8106818181818,0.0,0.022727272727272728,1,0.1590387757691431
2026-07-30 11:00:00,HDFC,CARD,39,1,698.7551282051282,0.0,0.02564102564102564,1,0.1675804706502409
2026-07-30 11:00:00,HDFC,NETBANKING,15,1,1241.0386666666666,0.0,0.06666666666666667,1,0.17561627756940573
2026-07-30 11:00:00,HDFC,UPI,104,5,928.5275,0.019230769230769232,0.04807692307692308,1,0.17890873498128274
2026-07-30 11:00:00,ICICI,CARD,39,5,906.1305128205129,0.02564102564102564,0.1282051282051282,1,0.17185368136985574
2026-07-30 11:00:00,ICICI,NETBANKING,16,2,1201.42875,0.0,0.125,1,0.13986560952771165
2026-07-30 11:00:00,ICICI,UPI,88,5,1014.2919318181819,0.011363636363636364,0.056818181818181816,1,0.1815372011331175
2026-07-30 11:00:00,KOTAK,CARD,21,1,1047.2457142857143,0.047619047619047616,0.047619047619047616,1,0.17608092343610476
2026-07-30 11:00:00,KOTAK,NETBANKING,1,0,4699.5,0.0,0.0,-1,-0.024037447423894687
2026-07-30 11:00:00,KOTAK,UPI,68,4,827.072205882353,0.0,0.058823529411764705,1,0.17812793790637066
2026-07-30 11:00:00,SBI,CARD,42,3,1022.7526190476191,0.07142857142857142,0.07142857142857142,1,0.1720879610951891
2026-07-30 11:00:00,SBI,NETBANKING,9,0,733.3355555555556,0.0,0.0,1,0.1825274523875317
2026-07-30 11:00:00,SBI,UPI,120,4,1004.6549166666666,0.025,0.03333333333333333,1,0.10688561720658607
2026-07-30 12:00:00,AXIS,CARD,40,1,777.9024999999999,0.0,0.025,1,0.19795672146116267
2026-07-30 12:00:00,AXIS,NETBANKING,14,1,718.9421428571429,0.0,0.07142857142857142,1,0.19717071518714557
2026-07-30 12:00:00,AXIS,UPI,70,2,997.4427142857144,0.0,0.02857142857142857,1,0.1739842768945558
2026-07-30 12:00:00,HDFC,CARD,41,3,1135.99,0.0,0.07317073170731707,1,0.18428339260625642
2026-07-30 12:00:00,HDFC,NETBANKING,11,1,755.829090909091,0.18181818181818182,0.09090909090909091,1,0.05427729610787935
2026-07-30 12:00:00,HDFC,UPI,86,3,883.4468604651162,0.03488372093023256,0.03488372093023256,1,0.17323963385706154
2026-07-30 12:00:00,ICICI,CARD,32,3,928.9653125,0.0625,0.09375,1,0.189976503079471
2026-07-30 12:00:00,ICICI,NETBANKING,28,1,822.5925,0.03571428571428571,0.03571428571428571,1,0.19046524711236423
2026-07-30 12:00:00,ICICI,UPI,104,5,842.0806730769231,0.028846153846153848,0.04807692307692308,1,0.17064464668998053
2026-07-30 12:00:00,KOTAK,CARD,24,3,946.3208333333333,0.08333333333333333,0.125,1,0.13958882002805967
2026-07-30 12:00:00,KOTAK,NETBANKING,10,1,545.775,0.1,0.1,1,0.061461651498897596
2026-07-30 12:00:00,KOTAK,UPI,55,6,928.0674545454546,0.05454545454545454,0.10909090909090909,1,0.17508525974377587
2026-07-30 12:00:00,SBI,CARD,47,3,1064.4217021276595,0.0851063829787234,0.06382978723404255,1,0.1407834190916305
2026-07-30 12:00:00,SBI,NETBANKING,15,1,689.7593333333333,0.0,0.06666666666666667,1,0.19506078590561748
2026-07-30 12:00:00,SBI,UPI,107,10,923.4607476635514,0.028037383177570093,0.09345794392523364,1,0.15271507211807178
2026-07-30 13:00:00,AXIS,CARD,28,1,923.8203571428572,0.0,0.03571428571428571,1,0.22041998202672985
2026-07-30 13:00:00,AXIS,NETBANKING,12,0,911.7183333333332,0.0,0.0,1,0.21708642609538625
2026-07-30 13:00:00,AXIS,UPI,81,4,877.7376543209876,0.037037037037037035,0.04938271604938271,1,0.19106299399803567
2026-07-30 13:00:00,HDFC,CARD,45,4,863.1786666666667,0.022222222222222223,0.08888888888888889,1,0.18894540861835152
2026-07-30 13:00:00,HDFC,NETBANKING,17,2,1137.1564705882354,0.058823529411764705,0.11764705882352941,1,0.13196554297810653
2026-07-30 13:00:00,HDFC,UPI,115,5,771.9485217391305,0.017391304347826087,0.043478260869565216,1,0.11801082529626933
2026-07-30 13:00:00,ICICI,CARD,38,3,819.703947368421,0.0,0.07894736842105263,1,0.20697655843766255
2026-07-30 13:00:00,ICICI,NETBANKING,14,2,957.3064285714287,0.07142857142857142,0.14285714285714285,1,0.12728442853106808
2026-07-30 13:00:00,ICICI,UPI,108,7,926.6057407407408,0.027777777777777776,0.06481481481481481,1,0.1769591765558674
2026-07-30 13:00:00,KOTAK,CARD,23,0,804.2221739130435,0.0,0.0,1,0.19807634295523646
2026-07-30 13:00:00,KOTAK,NETBANKING,9,1,951.6922222222222,0.2222222222222222,0.1111111111111111,-1,-0.0029411870922404493
2026-07-30 13:00:00,KOTAK,UPI,55,4,661.5447272727273,0.05454545454545454,0.07272727272727272,1,0.125300334647736
2026-07-30 13:00:00,SBI,CARD,50,2,1038.9324000000001,0.02,0.04,1,0.19225670856722915
2026-07-30 13:00:00,SBI,NETBANKING,21,3,882.442380952381,0.09523809523809523,0.14285714285714285,1,0.11295153898740545
2026-07-30 13:00:00,SBI,UPI,121,3,893.0070247933885,0.008264462809917356,0.024793388429752067,1,0.11274407914771412
2026-07-30 14:00:00,AXIS,CARD,29,0,1225.2562068965517,0.0,0.0,1,0.15118803475161774
2026-07-30 14:00:00,AXIS,NETBANKING,8,1,622.94875,0.0,0.125,1,0.10399807955634888
2026-07-30 14:00:00,AXIS,UPI,102,7,939.5946078431374,0.0392156862745098,0.06862745098039216,1,0.17593769596256575
2026-07-30 14:00:00,HDFC,CARD,49,3,950.2542857142857,0.061224489795918366,0.061224489795918366,1,0.19717891498263146
2026-07-30 14:00:00,HDFC,NETBANKING,6,1,604.3116666666666,0.0,0.16666666666666666,1,0.059526982811427986
2026-07-30 14:00:00,HDFC,UPI,117,4,851.8653846153846,0.008547008547008548,0.03418803418803419,1,0.12409986479184404
2026-07-30 14:00:00,ICICI,CARD,28,1,1019.4471428571429,0.0,0.03571428571428571,1,0.2083189597812119
2026-07-30 14:00:00,ICICI,NETBANKING,13,0,828.5569230769231,0.0,0.0,1,0.21238944312699654
2026-07-30 14:00:00,ICICI,UPI,109,10,962.5920183486238,0.06422018348623854,0.09174311926605505,1,0.1238372345224843
2026-07-30 14:00:00,KOTAK,CARD,23,2,1212.513043478261,0.043478260869565216,0.08695652173913043,1,0.14481265371258295
2026-07-30 14:00:00,KOTAK,NETBANKING,12,0,734.455,0.0,0.0,1,0.1939863801987899
2026-07-30 14:00:00,KOTAK,UPI,68,3,986.4554411764706,0.04411764705882353,0.04411764705882353,1,0.18705562687516908
2026-07-30 14:00:00,SBI,CARD,46,1,739.1456521739129,0.043478260869565216,0.021739130434782608,1,0.14585129648768347
2026-07-30 14:00:00,SBI,NETBANKING,15,0,783.4113333333333,0.0,0.0,1,0.209588978852426
2026-07-30 14:00:00,SBI,UPI,96,4,738.4129166666667,0.010416666666666666,0.041666666666666664,1,0.12881779088106315
2026-07-30 15:00:00,AXIS,CARD,29,0,800.8651724137931,0.0,0.0,1,0.18902525634876943
2026-07-30 15:00:00,AXIS,NETBANKING,15,1,834.9253333333332,0.06666666666666667,0.06666666666666667,1,0.17020650534942444
2026-07-30 15:00:00,AXIS,UPI,75,7,854.3987999999999,0.013333333333333334,0.09333333333333334,1,0.15893299783371534
2026-07-30 15:00:00,HDFC,CARD,46,2,957.9134782608695,0.0,0.043478260869565216,1,0.21569700245474654
2026-07-30 15:00:00,HDFC,NETBANKING,16,1,904.034375,0.0625,0.0625,1,0.18496644987356414
2026-07-30 15:00:00,HDFC,UPI,112,6,1040.8970535714286,0.008928571428571428,0.05357142857142857,1,0.1252887532018816
2026-07-30 15:00:00,ICICI,CARD,33,3,881.2657575757576,0.030303030303030304,0.09090909090909091,1,0.20388101963611271
2026-07-30 15:00:00,ICICI,NETBANKING,16,2,1177.7549999999999,0.125,0.125,1,0.06353626353996389
2026-07-30 15:00:00,ICICI,UPI,91,8,907.6372527472528,0.054945054945054944,0.08791208791208792,1,0.16422064687217253
2026-07-30 15:00:00,KOTAK,CARD,28,3,620.9300000000001,0.0,0.10714285714285714,1,0.111689808569361
2026-07-30 15:00:00,KOTAK,NETBANKING,7,0,830.3371428571429,0.0,0.0,1,0.1895533041401834
2026-07-30 15:00:00,KOTAK,UPI,51,3,900.3796078431373,0.0,0.058823529411764705,1,0.20615821839282378
2026-07-30 15:00:00,SBI,CARD,40,1,1026.15675,0.0,0.025,1,0.20391000367215772
2026-07-30 15:00:00,SBI,NETBANKING,13,0,1217.0976923076923,0.0,0.0,1,0.17486408354738403
2026-07-30 15:00:00,SBI,UPI,117,9,920.7453846153846,0.02564102564102564,0.07692307692307693,1,0.14012962755869518
2026-07-30 16:00:00,AXIS,CARD,29,3,1083.0320689655173,0.06896551724137931,0.10344827586206896,1,0.14725779365526853
2026-07-30 16:00:00,AXIS,NETBANKING,13,0,778.3915384615385,0.0,0.0,1,0.2059427974900907
2026-07-30 16:00:00,AXIS,UPI,86,2,711.3038372093023,0.023255813953488372,0.023255813953488372,1,0.10436424069754513
2026-07-30 16:00:00,HDFC,CARD,34,0,863.6297058823529,0.0,0.0,1,0.19746898019923104
2026-07-30 16:00:00,HDFC,NETBANKING,7,1,1615.6814285714286,0.0,0.14285714285714285,-1,-0.017903926294906336
2026-07-30 16:00:00,HDFC,UPI,130,5,889.4540000000001,0.015384615384615385,0.038461538461538464,1,0.10044828772684211
2026-07-30 16:00:00,ICICI,CARD,55,6,891.15,0.03636363636363636,0.10909090909090909,1,0.1744283302736363
2026-07-30 16:00:00,ICICI,NETBANKING,13,1,740.7323076923077,0.0,0.07692307692307693,1,0.19677007201962332
2026-07-30 16:00:00,ICICI,UPI,87,5,871.0913793103448,0.011494252873563218,0.05747126436781609,1,0.18585430141816955
2026-07-30 16:00:00,KOTAK,CARD,31,1,917.7674193548387,0.03225806451612903,0.03225806451612903,1,0.1937544456363992
2026-07-30 16:00:00,KOTAK,NETBANKING,7,2,434.18142857142857,0.2857142857142857,0.2857142857142857,-1,-0.12572229631595688
2026-07-30 16:00:00,KOTAK,UPI,45,1,1179.136,0.0,0.022222222222222223,1,0.16450886105910312
2026-07-30 16:00:00,SBI,CARD,41,5,866.4265853658536,0.0,0.12195121951219512,1,0.17221843350108434
2026-07-30 16:00:00,SBI,NETBANKING,13,0,986.8138461538462,0.0,0.0,1,0.21276170615719286
2026-07-30 16:00:00,SBI,UPI,111,8,997.0679279279278,0.009009009009009009,0.07207207207207207,1,0.14374876197207942
2026-07-30 17:00:00,AXIS,CARD,30,5,1051.4460000000001,0.03333333333333333,0.16666666666666666,1,0.09795983979713507
2026-07-30 17:00:00,AXIS,NETBANKING,12,0,821.8016666666667,0.0,0.0,1,0.21314870640454353
2026-07-30 17:00:00,AXIS,UPI,84,7,933.1460714285715,0.023809523809523808,0.08333333333333333,1,0.18084986363472838
2026-07-30 17:00:00,HDFC,CARD,33,0,810.0993939393938,0.0,0.0,1,0.1868883785286608
2026-07-30 17:00:00,HDFC,NETBANKING,17,1,687.77,0.0,0.058823529411764705,1,0.19232052032163416
2026-07-30 17:00:00,HDFC,UPI,106,5,776.1594339622641,0.0,0.04716981132075472,1,0.12246673395824292
2026-07-30 17:00:00,ICICI,CARD,33,4,690.0872727272728,0.12121212121212122,0.12121212121212122,1,0.06726273068261923
2026-07-30 17:00:00,ICICI,NETBANKING,19,0,742.4368421052632,0.0,0.0,1,0.1878028044677843
2026-07-30 17:00:00,ICICI,UPI,90,3,908.1634444444445,0.011111111111111112,0.03333333333333333,1,0.18291081093405004
2026-07-30 17:00:00,KOTAK,CARD,20,0,853.7370000000001,0.0,0.0,1,0.20394031031083176
2026-07-30 17:00:00,KOTAK,NETBANKING,6,0,1334.8016666666667,0.0,0.0,1,0.11566853613660733
2026-07-30 17:00:00,KOTAK,UPI,53,3,803.6596226415094,0.05660377358490566,0.05660377358490566,1,0.18041341377130515
2026-07-30 17:00:00,SBI,CARD,53,1,801.1247169811321,0.0,0.018867924528301886,1,0.1736231157826858
2026-07-30 17:00:00,SBI,NETBANKING,15,0,661.9053333333334,0.0,0.0,1,0.17648293510061153
2026-07-30 17:00:00,SBI,UPI,115,5,931.9701739130436,0.043478260869565216,0.043478260869565216,1,0.13729102115227826
2026-07-30 18:00:00,AXIS,CARD,31,1,636.0512903225806,0.0,0.03225806451612903,1,0.1340176290204425
2026-07-30 18:00:00,AXIS,NETBANKING,15,2,854.0459999999999,0.0,0.13333333333333333,1,0.1606972519506497
2026-07-30 18:00:00,AXIS,UPI,67,3,984.8008955223881,0.014925373134328358,0.04477611940298507,1,0.1869152892890703
2026-07-30 18:00:00,HDFC,CARD,48,5,961.0079166666666,0.0625,0.10416666666666667,1,0.17841187754262688
2026-07-30 18:00:00,HDFC,NETBANKING,13,2,646.5038461538461,0.0,0.15384615384615385,1,0.10273567936523886
2026-07-30 18:00:00,HDFC,UPI,119,3,979.4536974789917,0.008403361344537815,0.025210084033613446,1,0.10924714255057044
2026-07-30 18:00:00,ICICI,CARD,31,3,792.7490322580645,0.06451612903225806,0.0967741935483871,1,0.17587165202261756
2026-07-30 18:00:00,ICICI,NETBANKING,13,2,654.6884615384616,0.0,0.15384615384615385,1,0.10561437847516164
2026-07-30 18:00:00,ICICI,UPI,109,5,913.8681651376147,0.027522935779816515,0.045871559633027525,1,0.1664259852371474
2026-07-30 18:00:00,KOTAK,CARD,28,3,1245.2185714285715,0.0,0.10714285714285714,1,0.13031141913924804
2026-07-30 18:00:00,KOTAK,NETBANKING,16,1,891.44375,0.0625,0.0625,1,0.1855070005716175
2026-07-30 18:00:00,KOTAK,UPI,55,2,1307.8003636363637,0.0,0.03636363636363636,1,0.11652484973145849
2026-07-30 18:00:00,SBI,CARD,53,4,1020.4118867924528,0.07547169811320754,0.07547169811320754,1,0.1450425346293845
2026-07-30 18:00:00,SBI,NETBANKING,27,1,723.4492592592593,0.0,0.037037037037037035,1,0.1823630940650739
2026-07-30 18:00:00,SBI,UPI,117,3,920.4432478632478,0.008547008547008548,0.02564102564102564,1,0.1254498665900497
2026-07-30 19:00:00,AXIS,CARD,26,0,737.3223076923077,0.0,0.0,1,0.1743017520770631
2026-07-30 19:00:00,AXIS,NETBANKING,10,1,546.254,0.0,0.1,1,0.1102484309590962
2026-07-30 19:00:00,AXIS,UPI,76,8,830.170394736842,0.02631578947368421,0.10526315789473684,1,0.1428442078075559
2026-07-30 19:00:00,HDFC,CARD,35,0,1037.809142857143,0.0,0.0,1,0.1830251255677111
2026-07-30 19:00:00,HDFC,NETBANKING,15,2,905.6346666666667,0.0,0.13333333333333333,1,0.1626519214012322
2026-07-30 19:00:00,HDFC,UPI,108,2,1006.8747222222222,0.009259259259259259,0.018518518518518517,1,0.122820807576138
2026-07-30 19:00:00,ICICI,CARD,34,2,873.2311764705883,0.0,0.058823529411764705,1,0.22361620019118778
2026-07-30 19:00:00,ICICI,NETBANKING,18,1,1062.6594444444445,0.05555555555555555,0.05555555555555555,1,0.183100012912854
2026-07-30 19:00:00,ICICI,UPI,91,9,876.607032967033,0.02197802197802198,0.0989010989010989,1,0.14149907095978864
2026-07-30 19:00:00,KOTAK,CARD,22,1,935.1077272727272,0.0,0.045454545454545456,1,0.22390458365673527
2026-07-30 19:00:00,KOTAK,NETBANKING,8,1,592.93,0.0,0.125,1,0.09295207832373276
2026-07-30 19:00:00,KOTAK,UPI,58,4,831.2239655172414,0.034482758620689655,0.06896551724137931,1,0.18726324505675812
2026-07-30 19:00:00,SBI,CARD,53,4,1216.8245283018866,0.05660377358490566,0.07547169811320754,1,0.1323812412405665
2026-07-30 19:00:00,SBI,NETBANKING,16,1,1139.1699999999998,0.0,0.0625,1,0.1945990712360553
2026-07-30 19:00:00,SBI,UPI,132,6,734.529393939394,0.022727272727272728,0.045454545454545456,1,0.03908750759188684
2026-07-30 20:00:00,AXIS,CARD,22,3,794.3913636363636,0.13636363636363635,0.13636363636363635,1,0.08849778075490855
2026-07-30 20:00:00,AXIS,NETBANKING,11,1,709.8354545454546,0.0,0.09090909090909091,1,0.17800766572266719
2026-07-30 20:00:00,AXIS,UPI,85,6,928.8607058823529,0.047058823529411764,0.07058823529411765,1,0.18350532942688208
2026-07-30 20:00:00,HDFC,CARD,35,3,786.4997142857143,0.02857142857142857,0.08571428571428572,1,0.19432373937758918
2026-07-30 20:00:00,HDFC,NETBANKING,13,0,846.873076923077,0.0,0.0,1,0.20541699508889066
2026-07-30 20:00:00,HDFC,UPI,112,7,906.8105357142857,0.017857142857142856,0.0625,1,0.16932872095202456
2026-07-30 20:00:00,ICICI,CARD,44,1,756.9381818181818,0.022727272727272728,0.022727272727272728,1,0.1669631819444135
2026-07-30 20:00:00,ICICI,NETBANKING,6,0,728.7433333333333,0.0,0.0,1,0.15992060557615712
2026-07-30 20:00:00,ICICI,UPI,100,7,812.5274000000001,0.07,0.07,1,0.1353911929853036
2026-07-30 20:00:00,KOTAK,CARD,20,2,1235.751,0.05,0.1,1,0.13214002970827043
2026-07-30 20:00:00,KOTAK,NETBANKING,4,1,1394.7725,0.0,0.25,-1,-0.06566693541527924
2026-07-30 20:00:00,KOTAK,UPI,57,4,926.3975438596491,0.03508771929824561,0.07017543859649122,1,0.1977358218092251
2026-07-30 20:00:00,SBI,CARD,50,3,918.8445999999999,0.1,0.06,1,0.14204394128845282
2026-07-30 20:00:00,SBI,NETBANKING,18,1,732.5088888888889,0.0,0.05555555555555555,1,0.203540878882628
2026-07-30 20:00:00,SBI,UPI,98,7,938.2475510204081,0.05102040816326531,0.07142857142857142,1,0.17873983024650975
2026-07-30 21:00:00,AXIS,CARD,36,2,838.2422222222223,0.027777777777777776,0.05555555555555555,1,0.21107935252247917
2026-07-30 21:00:00,AXIS,NETBANKING,20,1,789.5285,0.0,0.05,1,0.21538862065465147
2026-07-30 21:00:00,AXIS,UPI,90,3,883.5405555555554,0.011111111111111112,0.03333333333333333,1,0.18006571681886857
2026-07-30 21:00:00,HDFC,CARD,42,3,1275.5683333333332,0.0,0.07142857142857142,1,0.1485754827644284
2026-07-30 21:00:00,HDFC,NETBANKING,16,1,1163.090625,0.0,0.0625,1,0.18949523530933426
2026-07-30 21:00:00,HDFC,UPI,98,6,838.291530612245,0.05102040816326531,0.061224489795918366,1,0.1661693147953699
2026-07-30 21:00:00,ICICI,CARD,36,3,686.2102777777777,0.0,0.08333333333333333,1,0.17138871200004752
2026-07-30 21:00:00,ICICI,NETBANKING,19,1,953.17,0.05263157894736842,0.05263157894736842,1,0.18879607009166122
2026-07-30 21:00:00,ICICI,UPI,89,4,939.2308988764046,0.011235955056179775,0.0449438202247191,1,0.1900900288861373
2026-07-30 21:00:00,KOTAK,CARD,13,1,921.4038461538462,0.0,0.07692307692307693,1,0.21607307425549582
2026-07-30 21:00:00,KOTAK,NETBANKING,9,0,913.7622222222222,0.0,0.0,1,0.20694389929814877
2026-07-30 21:00:00,KOTAK,UPI,50,0,1259.17,0.0,0.0,1,0.10851918170379588
2026-07-30 21:00:00,SBI,CARD,45,3,958.9713333333333,0.044444444444444446,0.06666666666666667,1,0.20930891161504828
2026-07-30 21:00:00,SBI,NETBANKING,16,1,1018.035625,0.0,0.0625,1,0.22124705302305625
2026-07-30 21:00:00,SBI,UPI,119,6,850.2918487394958,0.04201680672268908,0.05042016806722689,1,0.12736588220340217
2026-07-30 22:00:00,AXIS,CARD,26,1,899.7803846153846,0.038461538461538464,0.038461538461538464,1,0.19332553471498387
2026-07-30 22:00:00,AXIS,NETBANKING,11,1,986.4263636363637,0.0,0.09090909090909091,1,0.1963338763914635
2026-07-30 22:00:00,AXIS,UPI,89,6,764.7002247191012,0.02247191011235955,0.06741573033707865,1,0.14571164573497714
2026-07-30 22:00:00,HDFC,CARD,32,5,1125.928125,0.125,0.15625,1,0.04732692058200094
2026-07-30 22:00:00,HDFC,NETBANKING,15,2,773.51,0.2,0.13333333333333333,1,0.03608774843210161
2026-07-30 22:00:00,HDFC,UPI,97,3,963.2613402061857,0.010309278350515464,0.030927835051546393,1,0.17604059347704137
2026-07-30 22:00:00,ICICI,CARD,32,5,816.4540625,0.1875,0.15625,1,0.015547415421029775
2026-07-30 22:00:00,ICICI,NETBANKING,15,2,555.6293333333334,0.13333333333333333,0.13333333333333333,1,0.03154353064483695
2026-07-30 22:00:00,ICICI,UPI,96,8,882.7146875,0.041666666666666664,0.08333333333333333,1,0.1824450407895083
2026-07-30 22:00:00,KOTAK,CARD,14,1,757.1271428571429,0.0,0.07142857142857142,1,0.20609484019093738
2026-07-30 22:00:00,KOTAK,NETBANKING,10,1,823.876,0.0,0.1,1,0.18639146710422638
2026-07-30 22:00:00,KOTAK,UPI,60,3,964.566,0.03333333333333333,0.05,1,0.19882860064735042
2026-07-30 22:00:00,SBI,CARD,43,1,794.7006976744185,0.023255813953488372,0.023255813953488372,1,0.18004941552146247
2026-07-30 22:00:00,SBI,NETBANKING,24,0,1084.5866666666668,0.0,0.0,1,0.18674248335793392
2026-07-30 22:00:00,SBI,UPI,107,7,868.9558878504673,0.06542056074766354,0.06542056074766354,1,0.15075695326058453
2026-07-30 23:00:00,AXIS,CARD,40,0,1080.00625,0.0,0.0,1,0.1671501093214507
2026-07-30 23:00:00,AXIS,NETBANKING,5,0,804.104,0.0,0.0,1,0.17144815992403667
2026-07-30 23:00:00,AXIS,UPI,73,4,890.0724657534247,0.0273972602739726,0.0547945205479452,1,0.19813003902860488
2026-07-30 23:00:00,HDFC,CARD,37,2,723.7562162162162,0.05405405405405406,0.05405405405405406,1,0.16459151590756615
2026-07-30 23:00:00,HDFC,NETBANKING,11,0,735.9163636363636,0.0,0.0,1,0.19164111107132475
2026-07-30 23:00:00,HDFC,UPI,91,3,916.0456043956043,0.03296703296703297,0.03296703296703297,1,0.1767425776479954
2026-07-30 23:00:00,ICICI,CARD,40,3,1127.7985,0.075,0.075,1,0.1402659438939618
2026-07-30 23:00:00,ICICI,NETBANKING,10,0,906.222,0.0,0.0,1,0.21351076216586978
2026-07-30 23:00:00,ICICI,UPI,102,8,1042.0972549019607,0.0392156862745098,0.0784313725490196,1,0.15442469371846923
2026-07-30 23:00:00,KOTAK,CARD,17,4,1063.7458823529412,0.0,0.23529411764705882,1,0.016572404376820393
2026-07-30 23:00:00,KOTAK,NETBANKING,8,1,1272.1837500000001,0.0,0.125,1,0.09031959073311335
2026-07-30 23:00:00,KOTAK,UPI,51,3,890.2068627450981,0.058823529411764705,0.058823529411764705,1,0.19839905644502054
2026-07-30 23:00:00,SBI,CARD,35,4,896.2094285714286,0.05714285714285714,0.11428571428571428,1,0.17502861141233306
2026-07-30 23:00:00,SBI,NETBANKING,19,1,1094.4747368421054,0.0,0.05263157894736842,1,0.20531046601291902
2026-07-30 23:00:00,SBI,UPI,107,7,851.7494392523365,0.037383177570093455,0.06542056074766354,1,0.17243259154880625
2026-07-31 00:00:00,AXIS,CARD,31,2,1190.3380645161292,0.06451612903225806,0.06451612903225806,1,0.14746454008313142
2026-07-31 00:00:00,AXIS,NETBANKING,17,0,939.4423529411765,0.0,0.0,1,0.21486197090924453
2026-07-31 00:00:00,AXIS,UPI,73,3,942.5109589041097,0.0136986301369863,0.0410958904109589,1,0.1923267864551801
2026-07-31 00:00:00,HDFC,CARD,59,5,1102.6449152542373,0.03389830508474576,0.0847457627118644,1,0.16256392236861505
2026-07-31 00:00:00,HDFC,NETBANKING,17,0,1021.5470588235294,0.0,0.0,1,0.20775421194569554
2026-07-31 00:00:00,HDFC,UPI,115,11,1048.4230434782608,0.034782608695652174,0.09565217391304348,1,0.10368123167417609
2026-07-31 00:00:00,ICICI,CARD,34,3,1001.3782352941176,0.058823529411764705,0.08823529411764706,1,0.18832909156935468
2026-07-31 00:00:00,ICICI,NETBANKING,14,0,978.9278571428571,0.0,0.0,1,0.21441520427017274
2026-07-31 00:00:00,ICICI,UPI,88,1,1064.1131818181818,0.011363636363636364,0.011363636363636364,1,0.1248312390875056
2026-07-31 00:00:00,KOTAK,CARD,27,0,851.1155555555555,0.0,0.0,1,0.19817500715463726
2026-07-31 00:00:00,KOTAK,NETBANKING,8,0,689.18125,0.0,0.0,1,0.16624425557659317
2026-07-31 00:00:00,KOTAK,UPI,52,3,916.4234615384614,0.057692307692307696,0.057692307692307696,1,0.2023901603281617
2026-07-31 00:00:00,SBI,CARD,52,2,1047.0325,0.0,0.038461538461538464,1,0.1855573498916231
2026-07-31 00:00:00,SBI,NETBANKING,14,2,911.0657142857143,0.07142857142857142,0.14285714285714285,1,0.13125185389713345
2026-07-31 00:00:00,SBI,UPI,115,10,794.0409565217392,0.017391304347826087,0.08695652173913043,1,0.10073445144918536
2026-07-31 01:00:00,AXIS,CARD,39,5,798.7794871794871,0.02564102564102564,0.1282051282051282,1,0.1592620076108271
2026-07-31 01:00:00,AXIS,NETBANKING,14,0,839.7985714285714,0.0,0.0,1,0.21049790937999346
2026-07-31 01:00:00,AXIS,UPI,90,8,935.4830000000001,0.022222222222222223,0.08888888888888889,1,0.1572032023355891
2026-07-31 01:00:00,HDFC,CARD,37,2,1493.8,0.0,0.05405405405405406,1,0.07777124853921036
2026-07-31 01:00:00,HDFC,NETBANKING,22,0,1060.3772727272726,0.0,0.0,1,0.19233196285426318
2026-07-31 01:00:00,HDFC,UPI,114,8,843.8819298245613,0.05263157894736842,0.07017543859649122,1,0.1394412918174911
2026-07-31 01:00:00,ICICI,CARD,29,0,885.5048275862068,0.0,0.0,1,0.20145745612137278
2026-07-31 01:00:00,ICICI,NETBANKING,16,0,1510.485,0.0,0.0,1,0.06614554469442102
2026-07-31 01:00:00,ICICI,UPI,128,8,977.901875,0.0,0.0625,1,0.08349768754404197
2026-07-31 01:00:00,KOTAK,CARD,18,1,1145.6850000000002,0.0,0.05555555555555555,1,0.19330669670078887
2026-07-31 01:00:00,KOTAK,NETBANKING,10,0,1613.26,0.0,0.0,1,0.040818323559932645
2026-07-31 01:00:00,KOTAK,UPI,49,5,1018.0134693877552,0.0,0.10204081632653061,1,0.16604095960965953
2026-07-31 01:00:00,SBI,CARD,41,3,799.0419512195123,0.07317073170731707,0.07317073170731707,1,0.17244399504594887
2026-07-31 01:00:00,SBI,NETBANKING,23,2,894.7465217391303,0.0,0.08695652173913043,1,0.21185620314565468
2026-07-31 01:00:00,SBI,UPI,107,5,875.4191588785047,0.037383177570093455,0.04672897196261682,1,0.16984697601920679
2026-07-31 02:00:00,AXIS,CARD,31,0,810.2090322580646,0.0,0.0,1,0.18990350584661359
2026-07-31 02:00:00,AXIS,NETBANKING,10,1,1242.8899999999999,0.2,0.1,-1,-0.010484187615274143
2026-07-31 02:00:00,AXIS,UPI,67,1,794.0397014925372,0.0,0.014925373134328358,1,0.15311162831408903
2026-07-31 02:00:00,HDFC,CARD,41,1,925.7341463414634,0.0,0.024390243902439025,1,0.21562670500058928
2026-07-31 02:00:00,HDFC,NETBANKING,20,1,1015.6535,0.0,0.05,1,0.21404548123214617
2026-07-31 02:00:00,HDFC,UPI,116,5,893.7035344827586,0.034482758620689655,0.04310344827586207,1,0.14552410452909942
2026-07-31 02:00:00,ICICI,CARD,50,2,818.2284,0.02,0.04,1,0.19823457334046768
2026-07-31 02:00:00,ICICI,NETBANKING,15,2,677.452,0.0,0.13333333333333333,1,0.13274779991230973
2026-07-31 02:00:00,ICICI,UPI,94,6,965.7228723404255,0.02127659574468085,0.06382978723404255,1,0.18817275985125387
2026-07-31 02:00:00,KOTAK,CARD,19,0,817.5873684210526,0.0,0.0,1,0.20576123691004217
2026-07-31 02:00:00,KOTAK,NETBANKING,10,2,1225.796,0.1,0.2,1,0.017356349269543214
2026-07-31 02:00:00,KOTAK,UPI,49,3,877.4653061224489,0.02040816326530612,0.061224489795918366,1,0.21098993351515338
2026-07-31 02:00:00,SBI,CARD,41,3,610.5158536585366,0.04878048780487805,0.07317073170731707,1,0.12338116091821061
2026-07-31 02:00:00,SBI,NETBANKING,21,1,874.7638095238095,0.047619047619047616,0.047619047619047616,1,0.17940814465306953
2026-07-31 02:00:00,SBI,UPI,111,6,905.5100900900901,0.04504504504504504,0.05405405405405406,1,0.1537714663210582
2026-07-31 03:00:00,AXIS,CARD,46,7,886.8808695652175,0.13043478260869565,0.15217391304347827,1,0.06869971269769659
2026-07-31 03:00:00,AXIS,NETBANKING,12,1,1362.1066666666668,0.0,0.08333333333333333,1,0.12512734809928622
2026-07-31 03:00:00,AXIS,UPI,69,3,1058.4831884057971,0.028985507246376812,0.043478260869565216,1,0.15907566746245555
2026-07-31 03:00:00,HDFC,CARD,41,1,1071.759512195122,0.04878048780487805,0.024390243902439025,1,0.15715598298899913
2026-07-31 03:00:00,HDFC,NETBANKING,11,0,863.7590909090909,0.0,0.0,1,0.21101437502083037
2026-07-31 03:00:00,HDFC,UPI,103,5,824.2904854368932,0.038834951456310676,0.04854368932038835,1,0.16355345802922588
2026-07-31 03:00:00,ICICI,CARD,36,3,873.6477777777777,0.08333333333333333,0.08333333333333333,1,0.1645537548083521
2026-07-31 03:00:00,ICICI,NETBANKING,13,2,1064.3461538461538,0.0,0.15384615384615385,1,0.1202795153444165
2026-07-31 03:00:00,ICICI,UPI,108,7,915.7250925925925,0.009259259259259259,0.06481481481481481,1,0.1677545884909888
2026-07-31 03:00:00,KOTAK,CARD,30,0,798.5346666666667,0.0,0.0,1,0.18902043816479902
2026-07-31 03:00:00,KOTAK,NETBANKING,4,0,1068.865,0.0,0.0,1,0.1647035575013993
2026-07-31 03:00:00,KOTAK,UPI,64,5,738.4921875,0.03125,0.078125,1,0.14232550420870077
2026-07-31 03:00:00,SBI,CARD,31,2,910.581935483871,0.06451612903225806,0.06451612903225806,1,0.19683856706689856
2026-07-31 03:00:00,SBI,NETBANKING,18,1,739.5433333333334,0.0,0.05555555555555555,1,0.206293626019995
2026-07-31 03:00:00,SBI,UPI,110,7,1000.7424545454545,0.01818181818181818,0.06363636363636363,1,0.15483614718931887
2026-07-31 04:00:00,AXIS,CARD,24,2,935.335,0.0,0.08333333333333333,1,0.2148495293995505
2026-07-31 04:00:00,AXIS,NETBANKING,11,1,728.8545454545455,0.09090909090909091,0.09090909090909091,1,0.12144460384924938
2026-07-31 04:00:00,AXIS,UPI,99,4,822.4486868686869,0.020202020202020204,0.04040404040404041,1,0.17599957551929157
2026-07-31 04:00:00,HDFC,CARD,46,4,956.4578260869565,0.08695652173913043,0.08695652173913043,1,0.14274330822409909
2026-07-31 04:00:00,HDFC,NETBANKING,18,2,714.0855555555555,0.05555555555555555,0.1111111111111111,1,0.1548242345917426
2026-07-31 04:00:00,HDFC,UPI,129,8,858.898992248062,0.031007751937984496,0.06201550387596899,1,0.10772378562640117
2026-07-31 04:00:00,ICICI,CARD,36,1,906.735,0.027777777777777776,0.027777777777777776,1,0.19881907308198865
2026-07-31 04:00:00,ICICI,NETBANKING,8,0,1246.46,0.0,0.0,1,0.1417196106588629
2026-07-31 04:00:00,ICICI,UPI,93,4,876.8237634408603,0.03225806451612903,0.043010752688172046,1,0.18193564952947244
2026-07-31 04:00:00,KOTAK,CARD,26,4,1055.0788461538461,0.0,0.15384615384615385,1,0.11476416206069351
2026-07-31 04:00:00,KOTAK,NETBANKING,7,1,863.6614285714286,0.0,0.14285714285714285,1,0.12178789181839689
2026-07-31 04:00:00,KOTAK,UPI,51,3,975.29,0.0392156862745098,0.058823529411764705,1,0.21123145202136984
2026-07-31 04:00:00,SBI,CARD,50,2,967.0702,0.04,0.04,1,0.20494406343471072
2026-07-31 04:00:00,SBI,NETBANKING,7,0,665.7171428571429,0.0,0.0,1,0.14956314623571076
2026-07-31 04:00:00,SBI,UPI,119,10,902.588319327731,0.05042016806722689,0.08403361344537816,1,0.12368652593861373
2026-07-31 05:00:00,AXIS,CARD,32,1,1344.6803125000001,0.03125,0.03125,1,0.09673379645395497
2026-07-31 05:00:00,AXIS,NETBANKING,11,0,911.4254545454546,0.0,0.0,1,0.21525148200131655
2026-07-31 05:00:00,AXIS,UPI,91,6,957.2967032967033,0.03296703296703297,0.06593406593406594,1,0.18985542447613657
2026-07-31 05:00:00,HDFC,CARD,30,2,1155.7803333333334,0.0,0.06666666666666667,1,0.18655323350698294
2026-07-31 05:00:00,HDFC,NETBANKING,17,1,731.8641176470588,0.0,0.058823529411764705,1,0.20183996134365356
2026-07-31 05:00:00,HDFC,UPI,113,8,852.8822123893806,0.061946902654867256,0.07079646017699115,1,0.1360994931820665
2026-07-31 05:00:00,ICICI,CARD,39,4,831.9653846153847,0.07692307692307693,0.10256410256410256,1,0.1635875285948492
2026-07-31 05:00:00,ICICI,NETBANKING,15,1,982.1706666666666,0.0,0.06666666666666667,1,0.22584899794901436
2026-07-31 05:00:00,ICICI,UPI,109,6,960.2967889908257,0.01834862385321101,0.05504587155963303,1,0.16376447685068585
2026-07-31 05:00:00,KOTAK,CARD,20,1,893.475,0.05,0.05,1,0.18477676264236342
2026-07-31 05:00:00,KOTAK,NETBANKING,10,2,947.451,0.0,0.2,1,0.07534562112165255
2026-07-31 05:00:00,KOTAK,UPI,47,3,715.9236170212765,0.0425531914893617,0.06382978723404255,1,0.1680643295128842
2026-07-31 05:00:00,SBI,CARD,33,6,853.1906060606061,0.09090909090909091,0.18181818181818182,1,0.07121875164495195
2026-07-31 05:00:00,SBI,NETBANKING,16,1,823.0718750000001,0.0,0.0625,1,0.2207209317537991
2026-07-31 05:00:00,SBI,UPI,116,7,806.2858620689656,0.0603448275862069,0.0603448275862069,1,0.09748521339870664
2026-07-31 06:00:00,AXIS,CARD,36,2,874.0175,0.0,0.05555555555555555,1,0.2235491452657593
2026-07-31 06:00:00,AXIS,NETBANKING,17,1,735.4529411764706,0.0,0.058823529411764705,1,0.20183996134365356
2026-07-31 06:00:00,AXIS,UPI,80,5,888.146625,0.025,0.0625,1,0.1899376909054954
2026-07-31 06:00:00,HDFC,CARD,43,2,906.9767441860465,0.046511627906976744,0.046511627906976744,1,0.20251995946711976
2026-07-31 06:00:00,HDFC,NETBANKING,13,0,1019.2884615384615,0.0,0.0,1,0.20940954787312005
2026-07-31 06:00:00,HDFC,UPI,132,6,975.5229545454546,0.007575757575757576,0.045454545454545456,1,0.08264422126443505
2026-07-31 06:00:00,ICICI,CARD,31,0,998.5064516129032,0.0,0.0,1,0.19479695692321947
2026-07-31 06:00:00,ICICI,NETBANKING,17,4,627.5888235294118,0.29411764705882354,0.23529411764705882,-1,-0.08247843415107836
2026-07-31 06:00:00,ICICI,UPI,107,3,1013.2200934579439,0.018691588785046728,0.028037383177570093,1,0.13862486407787522
2026-07-31 06:00:00,KOTAK,CARD,20,1,764.3520000000001,0.0,0.05,1,0.20980788743904089
2026-07-31 06:00:00,KOTAK,NETBANKING,13,1,648.05,0.07692307692307693,0.07692307692307693,1,0.1159910888987738
2026-07-31 06:00:00,KOTAK,UPI,55,6,820.4898181818182,0.07272727272727272,0.10909090909090909,1,0.14267178077221082
2026-07-31 06:00:00,SBI,CARD,40,2,960.0065000000001,0.025,0.05,1,0.20913626906739902
2026-07-31 06:00:00,SBI,NETBANKING,18,1,1187.3955555555556,0.1111111111111111,0.05555555555555555,1,0.08001987156391122
2026-07-31 06:00:00,SBI,UPI,99,5,869.800606060606,0.030303030303030304,0.050505050505050504,1,0.1836972967886541
2026-07-31 07:00:00,AXIS,CARD,43,0,815.169069767442,0.0,0.0,1,0.17699009669176663
2026-07-31 07:00:00,AXIS,NETBANKING,9,1,1290.9944444444443,0.0,0.1111111111111111,1,0.1044845485179905
2026-07-31 07:00:00,AXIS,UPI,84,3,803.7091666666665,0.023809523809523808,0.03571428571428571,1,0.1641047490897654
2026-07-31 07:00:00,HDFC,CARD,45,2,773.5475555555555,0.044444444444444446,0.044444444444444446,1,0.1820282028583598
2026-07-31 07:00:00,HDFC,NETBANKING,17,0,1007.7188235294118,0.0,0.0,1,0.20692793186002084
2026-07-31 07:00:00,HDFC,UPI,114,8,945.5990350877192,0.043859649122807015,0.07017543859649122,1,0.14262359261951607
2026-07-31 07:00:00,ICICI,CARD,43,1,803.6786046511628,0.0,0.023255813953488372,1,0.19824782956793446
2026-07-31 07:00:00,ICICI,NETBANKING,9,1,787.31,0.0,0.1111111111111111,1,0.17002421599134998
2026-07-31 07:00:00,ICICI,UPI,101,6,933.1876237623762,0.039603960396039604,0.0594059405940594,1,0.1840743665574638
2026-07-31 07:00:00,KOTAK,CARD,19,2,941.827894736842,0.0,0.10526315789473684,1,0.19209449905358222
2026-07-31 07:00:00,KOTAK,NETBANKING,5,0,923.4720000000001,0.0,0.0,1,0.17756437661637603
2026-07-31 07:00:00,KOTAK,UPI,57,3,888.5707017543859,0.017543859649122806,0.05263157894736842,1,0.20038344375581318
2026-07-31 07:00:00,SBI,CARD,48,2,812.111875,0.0,0.041666666666666664,1,0.20254890665272668
2026-07-31 07:00:00,SBI,NETBANKING,19,2,1247.0,0.0,0.10526315789473684,1,0.13904097954254446
2026-07-31 07:00:00,SBI,UPI,115,11,989.9386086956522,0.02608695652173913,0.09565217391304348,1,0.11422725187132582
2026-07-31 08:00:00,AXIS,CARD,36,2,1016.6902777777777,0.05555555555555555,0.05555555555555555,1,0.19984104935645303
2026-07-31 08:00:00,AXIS,NETBANKING,16,1,849.2225,0.0,0.0625,1,0.2200605257046893
2026-07-31 08:00:00,AXIS,UPI,85,7,999.2844705882352,0.058823529411764705,0.08235294117647059,1,0.158746018303613
2026-07-31 08:00:00,HDFC,CARD,36,3,739.5272222222222,0.0,0.08333333333333333,1,0.18594087516953028
2026-07-31 08:00:00,HDFC,NETBANKING,17,2,891.1123529411765,0.0,0.11764705882352941,1,0.1827579335579096
2026-07-31 08:00:00,HDFC,UPI,114,10,782.9533333333333,0.043859649122807015,0.08771929824561403,1,0.09778410301513318
2026-07-31 08:00:00,ICICI,CARD,33,0,961.2445454545455,0.0,0.0,1,0.19757732436642222
2026-07-31 08:00:00,ICICI,NETBANKING,18,1,953.0777777777779,0.0,0.05555555555555555,1,0.22928103162967323
2026-07-31 08:00:00,ICICI,UPI,102,9,1002.9575490196079,0.0392156862745098,0.08823529411764706,1,0.1529307840402246
2026-07-31 08:00:00,KOTAK,CARD,19,1,942.4073684210525,0.0,0.05263157894736842,1,0.22749338361393068
2026-07-31 08:00:00,KOTAK,NETBANKING,13,1,760.3046153846153,0.07692307692307693,0.07692307692307693,1,0.13720968082696638
2026-07-31 08:00:00,KOTAK,UPI,52,4,919.83,0.038461538461538464,0.07692307692307693,1,0.20060442666773648
2026-07-31 08:00:00,SBI,CARD,38,1,836.9836842105263,0.02631578947368421,0.02631578947368421,1,0.19025436232713916
2026-07-31 08:00:00,SBI,NETBANKING,18,0,969.3177777777778,0.0,0.0,1,0.20879900200353246
2026-07-31 08:00:00,SBI,UPI,116,6,1008.6253448275861,0.008620689655172414,0.05172413793103448,1,0.12632934356364456
2026-07-31 09:00:00,AXIS,CARD,32,3,725.8009375,0.0,0.09375,1,0.1702073161317641
2026-07-31 09:00:00,AXIS,NETBANKING,9,2,830.5533333333334,0.2222222222222222,0.2222222222222222,-1,-0.04848594941744677
2026-07-31 09:00:00,AXIS,UPI,91,5,884.6357142857144,0.03296703296703297,0.054945054945054944,1,0.19481947884593948
2026-07-31 09:00:00,HDFC,CARD,31,3,834.5858064516129,0.06451612903225806,0.0967741935483871,1,0.18064297759595865
2026-07-31 09:00:00,HDFC,NETBANKING,8,1,1259.675,0.125,0.125,1,0.024779212883514035
2026-07-31 09:00:00,HDFC,UPI,104,4,937.2170192307693,0.019230769230769232,0.038461538461538464,1,0.17508701232454682
2026-07-31 09:00:00,ICICI,CARD,35,0,1019.3539999999999,0.0,0.0,1,0.18579670491528466
2026-07-31 09:00:00,ICICI,NETBANKING,18,1,672.2566666666667,0.0,0.05555555555555555,1,0.1897650493250962
2026-07-31 09:00:00,ICICI,UPI,112,8,908.1151785714285,0.03571428571428571,0.07142857142857142,1,0.1660575400171601
2026-07-31 09:00:00,KOTAK,CARD,28,2,793.9178571428572,0.07142857142857142,0.07142857142857142,1,0.1725997029303118
2026-07-31 09:00:00,KOTAK,NETBANKING,11,0,516.319090909091,0.0,0.0,1,0.10151804100906714
2026-07-31 09:00:00,KOTAK,UPI,51,4,1131.056862745098,0.0392156862745098,0.0784313725490196,1,0.16158405291826217
2026-07-31 09:00:00,SBI,CARD,37,3,862.4156756756757,0.02702702702702703,0.08108108108108109,1,0.21110434394944905
2026-07-31 09:00:00,SBI,NETBANKING,16,2,739.793125,0.0,0.125,1,0.16118080209700153
2026-07-31 09:00:00,SBI,UPI,117,12,1012.4765811965812,0.042735042735042736,0.10256410256410256,1,0.09368430619038126
2026-07-31 10:00:00,AXIS,CARD,32,2,1229.0734375,0.0625,0.0625,1,0.13614633004498472
2026-07-31 10:00:00,AXIS,NETBANKING,15,0,1524.3173333333334,0.0,0.0,1,0.06912434718367455
2026-07-31 10:00:00,AXIS,UPI,76,3,849.9777631578947,0.0,0.039473684210526314,1,0.17974366575813833
2026-07-31 10:00:00,HDFC,CARD,41,4,695.38,0.07317073170731707,0.0975609756097561,1,0.14138677327070975
2026-07-31 10:00:00,HDFC,NETBANKING,18,1,1082.5127777777777,0.0,0.05555555555555555,1,0.20990017879104295
2026-07-31 10:00:00,HDFC,UPI,100,7,785.5993,0.05,0.07,1,0.13945013883843943
2026-07-31 10:00:00,ICICI,CARD,32,2,1191.5740625,0.03125,0.0625,1,0.16363374519097962
2026-07-31 10:00:00,ICICI,NETBANKING,14,0,748.83,0.0,0.0,1,0.20176501960005455
2026-07-31 10:00:00,ICICI,UPI,97,7,741.1030927835052,0.030927835051546393,0.07216494845360824,1,0.1319993918302122
2026-07-31 10:00:00,KOTAK,CARD,22,0,787.3,0.0,0.0,1,0.19867784129543903
2026-07-31 10:00:00,KOTAK,NETBANKING,8,2,559.0125,0.0,0.25,-1,-0.023055785146048557
2026-07-31 10:00:00,KOTAK,UPI,63,5,782.365873015873,0.06349206349206349,0.07936507936507936,1,0.13985117115247125
2026-07-31 10:00:00,SBI,CARD,51,6,1002.4325490196078,0.0784313725490196,0.11764705882352941,1,0.13643636548260946
2026-07-31 10:00:00,SBI,NETBANKING,18,3,1121.1116666666667,0.05555555555555555,0.16666666666666666,1,0.09247805218838268
2026-07-31 10:00:00,SBI,UPI,101,0,1060.1224752475248,0.0,0.0,1,0.09513870357110676
2026-07-31 11:00:00,AXIS,CARD,31,5,954.5670967741935,0.0967741935483871,0.16129032258064516,1,0.09636090450184742
2026-07-31 11:00:00,AXIS,NETBANKING,9,0,920.2622222222222,0.0,0.0,1,0.20727168113523936
2026-07-31 11:00:00,AXIS,UPI,91,9,820.8447252747252,0.04395604395604396,0.0989010989010989,1,0.14927967018644417
2026-07-31 11:00:00,HDFC,CARD,53,2,987.0003773584905,0.03773584905660377,0.03773584905660377,1,0.19887126207879458
2026-07-31 11:00:00,HDFC,NETBANKING,19,1,1211.558947368421,0.05263157894736842,0.05263157894736842,1,0.14433410795721308
2026-07-31 11:00:00,HDFC,UPI,112,9,807.5421428571428,0.017857142857142856,0.08035714285714286,1,0.12527785844426037
2026-07-31 11:00:00,ICICI,CARD,44,2,813.0320454545455,0.045454545454545456,0.045454545454545456,1,0.1899100036783557
2026-07-31 11:00:00,ICICI,NETBANKING,14,1,927.6107142857143,0.07142857142857142,0.07142857142857142,1,0.16966710402632512
2026-07-31 11:00:00,ICICI,UPI,99,4,909.3054545454546,0.06060606060606061,0.04040404040404041,1,0.15172046495456737
2026-07-31 11:00:00,KOTAK,CARD,22,1,805.8227272727272,0.0,0.045454545454545456,1,0.21608071941549045
2026-07-31 11:00:00,KOTAK,NETBANKING,8,1,695.63,0.125,0.125,1,0.058184269531001975
2026-07-31 11:00:00,KOTAK,UPI,55,4,973.3165454545455,0.0,0.07272727272727272,1,0.1903555696537157
2026-07-31 11:00:00,SBI,CARD,39,5,587.0230769230769,0.07692307692307693,0.1282051282051282,1,0.052042741370829204
2026-07-31 11:00:00,SBI,NETBANKING,14,0,796.717857142857,0.0,0.0,1,0.20815915869231832
2026-07-31 11:00:00,SBI,UPI,93,5,965.868064516129,0.021505376344086023,0.053763440860215055,1,0.18745523536343367
2026-07-31 12:00:00,AXIS,CARD,29,1,1008.9365517241379,0.034482758620689655,0.034482758620689655,1,0.18705770540089772
2026-07-31 12:00:00,AXIS,NETBANKING,11,2,901.59,0.09090909090909091,0.18181818181818182,1,0.07621799878415403
2026-07-31 12:00:00,AXIS,UPI,70,5,854.6884285714286,0.02857142857142857,0.07142857142857142,1,0.1847683133389636
2026-07-31 12:00:00,HDFC,CARD,36,3,1012.1952777777777,0.05555555555555555,0.08333333333333333,1,0.18986057002181872
2026-07-31 12:00:00,HDFC,NETBANKING,27,2,928.9737037037038,0.07407407407407407,0.07407407407407407,1,0.1740314734014462
2026-07-31 12:00:00,HDFC,UPI,100,9,1035.0647999999999,0.03,0.09,1,0.13643955548183062
2026-07-31 12:00:00,ICICI,CARD,37,2,813.6197297297298,0.02702702702702703,0.05405405405405406,1,0.20978233276665814
2026-07-31 12:00:00,ICICI,NETBANKING,19,1,610.0652631578947,0.0,0.05263157894736842,1,0.15721296703657128
2026-07-31 12:00:00,ICICI,UPI,105,9,920.5466666666666,0.047619047619047616,0.08571428571428572,1,0.1640411341432944
2026-07-31 12:00:00,KOTAK,CARD,20,3,1303.6770000000001,0.0,0.15,1,0.059910421280962245
2026-07-31 12:00:00,KOTAK,NETBANKING,8,1,693.80625,0.0,0.125,1,0.12931946519009002
2026-07-31 12:00:00,KOTAK,UPI,51,3,879.1874509803921,0.0,0.058823529411764705,1,0.2031941775918255
2026-07-31 12:00:00,SBI,CARD,30,2,849.5016666666667,0.0,0.06666666666666667,1,0.22273816667906832
2026-07-31 12:00:00,SBI,NETBANKING,11,1,691.8772727272727,0.0,0.09090909090909091,1,0.175010779010499
2026-07-31 12:00:00,SBI,UPI,110,4,1067.0359090909092,0.01818181818181818,0.03636363636363636,1,0.11444664390066528
2026-07-31 13:00:00,AXIS,CARD,27,1,844.3266666666667,0.07407407407407407,0.037037037037037035,1,0.14654540217790757
2026-07-31 13:00:00,AXIS,NETBANKING,12,1,847.8566666666667,0.0,0.08333333333333333,1,0.20902145275574724
2026-07-31 13:00:00,AXIS,UPI,88,6,838.805,0.0,0.06818181818181818,1,0.1689767960354902
2026-07-31 13:00:00,HDFC,CARD,37,1,774.8381081081081,0.02702702702702703,0.02702702702702703,1,0.17854012008283987
2026-07-31 13:00:00,HDFC,NETBANKING,8,0,623.23,0.0,0.0,1,0.1398688373373035
2026-07-31 13:00:00,HDFC,UPI,108,8,1075.8626851851852,0.08333333333333333,0.07407407407407407,1,0.07485956293914009
2026-07-31 13:00:00,ICICI,CARD,42,2,840.5185714285714,0.0,0.047619047619047616,1,0.2132863720298584
2026-07-31 13:00:00,ICICI,NETBANKING,12,1,745.2866666666667,0.0,0.08333333333333333,1,0.19466085360845864
2026-07-31 13:00:00,ICICI,UPI,103,3,859.7718446601941,0.009708737864077669,0.02912621359223301,1,0.16158389018235364
2026-07-31 13:00:00,KOTAK,CARD,22,1,913.4090909090909,0.045454545454545456,0.045454545454545456,1,0.18808275199148244
2026-07-31 13:00:00,KOTAK,NETBANKING,4,1,343.3875,0.25,0.25,-1,-0.13073409376152656
2026-07-31 13:00:00,KOTAK,UPI,41,4,820.8651219512195,0.07317073170731707,0.0975609756097561,1,0.17287868748152746
2026-07-31 13:00:00,SBI,CARD,43,2,781.0818604651162,0.046511627906976744,0.046511627906976744,1,0.17720256370465398
2026-07-31 13:00:00,SBI,NETBANKING,22,2,1120.685,0.0,0.09090909090909091,1,0.1726366967395917
2026-07-31 13:00:00,SBI,UPI,117,4,1119.2618803418804,0.017094017094017096,0.03418803418803419,1,0.08261972466185419
2026-07-31 14:00:00,AXIS,CARD,36,3,764.8666666666667,0.027777777777777776,0.08333333333333333,1,0.1900827692390752
2026-07-31 14:00:00,AXIS,NETBANKING,14,0,930.1264285714286,0.0,0.0,1,0.2172798347004044
2026-07-31 14:00:00,AXIS,UPI,80,3,1040.5186250000002,0.0125,0.0375,1,0.1679909146514496
2026-07-31 14:00:00,HDFC,CARD,42,5,734.3795238095238,0.09523809523809523,0.11904761904761904,1,0.10496278535734649
2026-07-31 14:00:00,HDFC,NETBANKING,24,3,1035.9675,0.041666666666666664,0.125,1,0.15333090261484217
2026-07-31 14:00:00,HDFC,UPI,88,9,876.9428409090909,0.03409090909090909,0.10227272727272728,1,0.15130246145379972
2026-07-31 14:00:00,ICICI,CARD,45,5,962.0651111111112,0.06666666666666667,0.1111111111111111,1,0.16604833801904156
2026-07-31 14:00:00,ICICI,NETBANKING,16,0,625.7775,0.0,0.0,1,0.15269210568562613
2026-07-31 14:00:00,ICICI,UPI,123,11,982.1528455284553,0.07317073170731707,0.08943089430894309,1,0.04917920006268217
2026-07-31 14:00:00,KOTAK,CARD,17,3,1114.2464705882355,0.11764705882352941,0.17647058823529413,1,0.044599287029875145
2026-07-31 14:00:00,KOTAK,NETBANKING,9,2,923.941111111111,0.1111111111111111,0.2222222222222222,1,0.02547604144398341
2026-07-31 14:00:00,KOTAK,UPI,53,5,819.6037735849056,0.018867924528301886,0.09433962264150944,1,0.16539186648397614
2026-07-31 14:00:00,SBI,CARD,36,3,1158.2969444444445,0.05555555555555555,0.08333333333333333,1,0.1658941741545491
2026-07-31 14:00:00,SBI,NETBANKING,16,0,966.953125,0.0,0.0,1,0.21217138281952613
2026-07-31 14:00:00,SBI,UPI,103,8,929.1288349514564,0.04854368932038835,0.07766990291262135,1,0.17395003728137393
2026-07-31 15:00:00,AXIS,CARD,27,3,880.6540740740741,0.07407407407407407,0.1111111111111111,1,0.16595490898196513
2026-07-31 15:00:00,AXIS,NETBANKING,12,1,1121.8625,0.0,0.08333333333333333,1,0.18604735049537952
2026-07-31 15:00:00,AXIS,UPI,83,7,1199.7424096385541,0.03614457831325301,0.08433734939759036,1,0.12724739899010928
2026-07-31 15:00:00,HDFC,CARD,38,3,1190.7002631578948,0.07894736842105263,0.07894736842105263,1,0.1294974478082348
2026-07-31 15:00:00,HDFC,NETBANKING,14,1,1005.2028571428572,0.0,0.07142857142857142,1,0.2148606423402591
2026-07-31 15:00:00,HDFC,UPI,96,4,898.1704166666667,0.010416666666666666,0.041666666666666664,1,0.18733468304280948
2026-07-31 15:00:00,ICICI,CARD,34,0,892.5211764705882,0.0,0.0,1,0.20007072810021126
2026-07-31 15:00:00,ICICI,NETBANKING,19,0,955.8405263157896,0.0,0.0,1,0.21164703956324504
2026-07-31 15:00:00,ICICI,UPI,97,9,914.9662886597938,0.07216494845360824,0.09278350515463918,1,0.1251738591849918
2026-07-31 15:00:00,KOTAK,CARD,21,2,832.1157142857143,0.0,0.09523809523809523,1,0.19536395375275972
2026-07-31 15:00:00,KOTAK,NETBANKING,9,1,1027.9444444444443,0.0,0.1111111111111111,1,0.1615028092456524
2026-07-31 15:00:00,KOTAK,UPI,45,4,1053.4184444444445,0.022222222222222223,0.08888888888888889,1,0.17875029137661874
2026-07-31 15:00:00,SBI,CARD,48,4,890.9139583333334,0.10416666666666667,0.08333333333333333,1,0.13101632128060758
2026-07-31 15:00:00,SBI,NETBANKING,12,1,543.2700000000001,0.16666666666666666,0.08333333333333333,1,0.009620348460363193
2026-07-31 15:00:00,SBI,UPI,117,7,882.7464102564103,0.02564102564102564,0.05982905982905983,1,0.15063637585501222
2026-07-31 16:00:00,AXIS,CARD,30,2,924.7273333333334,0.0,0.06666666666666667,1,0.2298253147193845
2026-07-31 16:00:00,AXIS,NETBANKING,14,1,955.5528571428571,0.07142857142857142,0.07142857142857142,1,0.16647672355130966
2026-07-31 16:00:00,AXIS,UPI,73,4,855.4516438356164,0.0684931506849315,0.0547945205479452,1,0.15544282985558833
2026-07-31 16:00:00,HDFC,CARD,45,5,762.7006666666666,0.022222222222222223,0.1111111111111111,1,0.1483759081577779
2026-07-31 16:00:00,HDFC,NETBANKING,11,0,458.0845454545455,0.0,0.0,1,0.07955073809895596
2026-07-31 16:00:00,HDFC,UPI,108,7,919.0039814814816,0.037037037037037035,0.06481481481481481,1,0.17507449253105434
2026-07-31 16:00:00,ICICI,CARD,41,2,726.0334146341464,0.024390243902439025,0.04878048780487805,1,0.17614180682084285
2026-07-31 16:00:00,ICICI,NETBANKING,15,2,1179.8586666666667,0.0,0.13333333333333333,1,0.12120974987881178
2026-07-31 16:00:00,ICICI,UPI,84,8,777.2858333333334,0.047619047619047616,0.09523809523809523,1,0.13017610212318498
2026-07-31 16:00:00,KOTAK,CARD,27,2,564.2325925925926,0.0,0.07407407407407407,1,0.11387034600683693
2026-07-31 16:00:00,KOTAK,NETBANKING,11,1,579.3709090909091,0.0,0.09090909090909091,1,0.13353487854736318
2026-07-31 16:00:00,KOTAK,UPI,57,0,786.679649122807,0.0,0.0,1,0.13700308134390127
2026-07-31 16:00:00,SBI,CARD,39,3,788.8374358974359,0.10256410256410256,0.07692307692307693,1,0.13166763610102644
2026-07-31 16:00:00,SBI,NETBANKING,18,0,951.5888888888888,0.0,0.0,1,0.2121040928215971
2026-07-31 16:00:00,SBI,UPI,104,7,1032.8646153846153,0.038461538461538464,0.0673076923076923,1,0.15292098523065573
2026-07-31 17:00:00,AXIS,CARD,35,2,1161.6045714285715,0.02857142857142857,0.05714285714285714,1,0.16885027786202295
2026-07-31 17:00:00,AXIS,NETBANKING,7,0,959.7085714285714,0.0,0.0,1,0.19486320258711415
2026-07-31 17:00:00,AXIS,UPI,84,7,870.5817857142856,0.023809523809523808,0.08333333333333333,1,0.1801090787050586
2026-07-31 17:00:00,HDFC,CARD,48,3,1024.6554166666667,0.020833333333333332,0.0625,1,0.20169640734387495
2026-07-31 17:00:00,HDFC,NETBANKING,22,1,859.3018181818181,0.045454545454545456,0.045454545454545456,1,0.18354380120282565
2026-07-31 17:00:00,HDFC,UPI,119,8,1008.9626890756302,0.01680672268907563,0.06722689075630252,1,0.128572769954233
2026-07-31 17:00:00,ICICI,CARD,36,2,918.0794444444444,0.027777777777777776,0.05555555555555555,1,0.2198663339240935
2026-07-31 17:00:00,ICICI,NETBANKING,17,2,836.6611764705882,0.058823529411764705,0.11764705882352941,1,0.1644761868073783
2026-07-31 17:00:00,ICICI,UPI,94,7,925.4814893617021,0.031914893617021274,0.07446808510638298,1,0.18416720541243897
2026-07-31 17:00:00,KOTAK,CARD,17,1,823.3811764705882,0.11764705882352941,0.058823529411764705,1,0.11590398360942211
2026-07-31 17:00:00,KOTAK,NETBANKING,9,1,667.7033333333334,0.0,0.1111111111111111,1,0.1441621092541726
2026-07-31 17:00:00,KOTAK,UPI,46,0,878.9230434782609,0.0,0.0,1,0.1817624662610402
2026-07-31 17:00:00,SBI,CARD,41,2,872.9063414634147,0.0,0.04878048780487805,1,0.22010093944462006
2026-07-31 17:00:00,SBI,NETBANKING,17,0,1498.0658823529411,0.0,0.0,1,0.06680252935466868
2026-07-31 17:00:00,SBI,UPI,113,5,915.1270796460177,0.008849557522123894,0.04424778761061947,1,0.15218522203048618
2026-07-31 18:00:00,AXIS,CARD,24,3,1248.68875,0.125,0.125,1,0.039324806905946086
2026-07-31 18:00:00,AXIS,NETBANKING,12,1,767.2125,0.0,0.08333333333333333,1,0.2013175706655071
2026-07-31 18:00:00,AXIS,UPI,83,4,837.8460240963856,0.03614457831325301,0.04819277108433735,1,0.1832532148621599
2026-07-31 18:00:00,HDFC,CARD,39,3,1084.3015384615385,0.10256410256410256,0.07692307692307693,1,0.119620160833321
2026-07-31 18:00:00,HDFC,NETBANKING,26,1,874.2765384615384,0.038461538461538464,0.038461538461538464,1,0.1897650228090954
2026-07-31 18:00:00,HDFC,UPI,99,7,1100.3340404040405,0.030303030303030304,0.0707070707070707,1,0.14773001249814682
2026-07-31 18:00:00,ICICI,CARD,38,4,757.233947368421,0.02631578947368421,0.10526315789473684,1,0.16079166184047555
2026-07-31 18:00:00,ICICI,NETBANKING,16,0,1212.570625,0.0,0.0,1,0.17207348592165972
2026-07-31 18:00:00,ICICI,UPI,100,3,881.5169999999999,0.0,0.03,1,0.161095485145705
2026-07-31 18:00:00,KOTAK,CARD,22,2,751.8954545454545,0.0,0.09090909090909091,1,0.18676207328503797
2026-07-31 18:00:00,KOTAK,NETBANKING,7,0,955.2,0.0,0.0,1,0.1965177374493713
2026-07-31 18:00:00,KOTAK,UPI,61,4,911.6414754098362,0.03278688524590164,0.06557377049180328,1,0.1970663762867455
2026-07-31 18:00:00,SBI,CARD,48,4,890.4210416666666,0.0625,0.08333333333333333,1,0.18938590614606365
2026-07-31 18:00:00,SBI,NETBANKING,9,1,1090.9633333333334,0.0,0.1111111111111111,1,0.15260248037385676
2026-07-31 18:00:00,SBI,UPI,95,6,797.7083157894737,0.031578947368421054,0.06315789473684211,1,0.1711672165019349
2026-07-31 19:00:00,AXIS,CARD,24,0,809.9875000000001,0.0,0.0,1,0.19766927915022087
2026-07-31 19:00:00,AXIS,NETBANKING,10,2,1338.924,0.1,0.2,-1,-0.012077946579403975
2026-07-31 19:00:00,AXIS,UPI,82,12,899.8365853658537,0.08536585365853659,0.14634146341463414,1,0.08149733619431987
2026-07-31 19:00:00,HDFC,CARD,40,1,683.92575,0.0,0.025,1,0.1546018365760497
2026-07-31 19:00:00,HDFC,NETBANKING,21,4,1061.35,0.23809523809523808,0.19047619047619047,-1,-0.053017900113868754
2026-07-31 19:00:00,HDFC,UPI,92,5,809.1215217391303,0.021739130434782608,0.05434782608695652,1,0.17421603207219966
2026-07-31 19:00:00,ICICI,CARD,38,2,886.2389473684211,0.0,0.05263157894736842,1,0.22396022975389523
2026-07-31 19:00:00,ICICI,NETBANKING,15,1,1446.7346666666667,0.0,0.06666666666666667,1,0.09602496689299778
2026-07-31 19:00:00,ICICI,UPI,114,7,933.1645614035087,0.043859649122807015,0.06140350877192982,1,0.14557759714410357
2026-07-31 19:00:00,KOTAK,CARD,24,0,750.3179166666667,0.0,0.0,1,0.18961906076264212
2026-07-31 19:00:00,KOTAK,NETBANKING,7,0,883.2528571428571,0.0,0.0,1,0.1955465507166088
2026-07-31 19:00:00,KOTAK,UPI,45,5,809.9480000000001,0.0,0.1111111111111111,1,0.1605316649296918
2026-07-31 19:00:00,SBI,CARD,39,1,961.1574358974359,0.02564102564102564,0.02564102564102564,1,0.19703821919910441
2026-07-31 19:00:00,SBI,NETBANKING,18,1,932.8866666666667,0.0,0.05555555555555555,1,0.23042360224955577
2026-07-31 19:00:00,SBI,UPI,124,1,967.1562096774193,0.008064516129032258,0.008064516129032258,1,0.06889944093363531
2026-07-31 20:00:00,AXIS,CARD,35,2,1032.406857142857,0.02857142857142857,0.05714285714285714,1,0.20812674416139426
2026-07-31 20:00:00,AXIS,NETBANKING,8,1,1292.18375,0.0,0.125,1,0.08714943970924638
2026-07-31 20:00:00,AXIS,UPI,70,1,944.7035714285714,0.014285714285714285,0.014285714285714285,1,0.16476788167780831
2026-07-31 20:00:00,HDFC,CARD,29,2,698.8651724137931,0.034482758620689655,0.06896551724137931,1,0.16290344043353544
2026-07-31 20:00:00,HDFC,NETBANKING,17,1,1109.1482352941177,0.0,0.058823529411764705,1,0.20318724928268317
2026-07-31 20:00:00,HDFC,UPI,110,8,986.6111818181818,0.01818181818181818,0.07272727272727272,1,0.15717268827807263
2026-07-31 20:00:00,ICICI,CARD,37,4,757.1802702702702,0.05405405405405406,0.10810810810810811,1,0.16450252698363727
2026-07-31 20:00:00,ICICI,NETBANKING,17,0,979.4388235294117,0.0,0.0,1,0.2107336480677891
2026-07-31 20:00:00,ICICI,UPI,78,5,1092.3720512820514,0.05128205128205128,0.0641025641025641,1,0.1554017298047805
2026-07-31 20:00:00,KOTAK,CARD,19,1,1043.7094736842105,0.0,0.05263157894736842,1,0.21500947469687492
2026-07-31 20:00:00,KOTAK,NETBANKING,4,0,1042.9375,0.0,0.0,1,0.1654609769275328
2026-07-31 20:00:00,KOTAK,UPI,53,2,798.5956603773585,0.0,0.03773584905660377,1,0.1858382352391128
2026-07-31 20:00:00,SBI,CARD,34,2,970.724705882353,0.029411764705882353,0.058823529411764705,1,0.21477570147291963
2026-07-31 20:00:00,SBI,NETBANKING,12,1,634.2058333333333,0.16666666666666666,0.08333333333333333,1,0.03561073525248515
2026-07-31 20:00:00,SBI,UPI,88,7,956.3481818181818,0.045454545454545456,0.07954545454545454,1,0.1819444284681871
2026-07-31 21:00:00,AXIS,CARD,23,0,919.1091304347825,0.0,0.0,1,0.2070307517454451
2026-07-31 21:00:00,AXIS,NETBANKING,9,0,1071.048888888889,0.0,0.0,1,0.19506298963638719
2026-07-31 21:00:00,AXIS,UPI,79,6,895.2072151898734,0.05063291139240506,0.0759493670886076,1,0.18141629331182924
2026-07-31 21:00:00,HDFC,CARD,41,3,845.5007317073171,0.07317073170731707,0.07317073170731707,1,0.17943648029729115
2026-07-31 21:00:00,HDFC,NETBANKING,14,0,1037.0414285714285,0.0,0.0,1,0.2087530746945226
2026-07-31 21:00:00,HDFC,UPI,105,7,996.3823809523809,0.01904761904761905,0.06666666666666667,1,0.16715991934282987
2026-07-31 21:00:00,ICICI,CARD,41,2,944.8568292682926,0.024390243902439025,0.04878048780487805,1,0.20947184105813088
2026-07-31 21:00:00,ICICI,NETBANKING,17,0,906.244705882353,0.0,0.0,1,0.21397702428610615
2026-07-31 21:00:00,ICICI,UPI,89,6,865.9507865168539,0.06741573033707865,0.06741573033707865,1,0.15649542833518848
2026-07-31 21:00:00,KOTAK,CARD,18,0,939.735,0.0,0.0,1,0.21368218920327614
2026-07-31 21:00:00,KOTAK,NETBANKING,7,1,928.5,0.0,0.14285714285714285,1,0.12573158389631084
2026-07-31 21:00:00,KOTAK,UPI,48,2,1090.966875,0.020833333333333332,0.041666666666666664,1,0.18495741918958247
2026-07-31 21:00:00,SBI,CARD,38,4,1108.9623684210526,0.02631578947368421,0.10526315789473684,1,0.16571547612522408
2026-07-31 21:00:00,SBI,NETBANKING,18,2,851.3027777777778,0.0,0.1111111111111111,1,0.1846793129836568
2026-07-31 21:00:00,SBI,UPI,99,10,817.4759595959596,0.04040404040404041,0.10101010101010101,1,0.13762260625332357
2026-07-31 22:00:00,AXIS,CARD,34,1,1161.8067647058824,0.0,0.029411764705882353,1,0.17898781683019543
2026-07-31 22:00:00,AXIS,NETBANKING,16,0,1507.515,0.0,0.0,1,0.06614554469442102
2026-07-31 22:00:00,AXIS,UPI,56,1,1101.3101785714287,0.0,0.017857142857142856,1,0.15864102646454636
2026-07-31 22:00:00,HDFC,CARD,45,5,949.7675555555555,0.044444444444444446,0.1111111111111111,1,0.17881266573507948
2026-07-31 22:00:00,HDFC,NETBANKING,18,4,1036.138888888889,0.1111111111111111,0.2222222222222222,1,0.026122781566843334
2026-07-31 22:00:00,HDFC,UPI,104,9,896.7,0.057692307692307696,0.08653846153846154,1,0.15576957015077175
2026-07-31 22:00:00,ICICI,CARD,33,0,849.020606060606,0.0,0.0,1,0.19057966877603205
2026-07-31 22:00:00,ICICI,NETBANKING,21,0,988.4814285714286,0.0,0.0,1,0.20296045787097627
2026-07-31 22:00:00,ICICI,UPI,114,10,941.2878947368422,0.017543859649122806,0.08771929824561403,1,0.12951537527940538
2026-07-31 22:00:00,KOTAK,CARD,19,0,540.1736842105263,0.0,0.0,1,0.10611861442266479
2026-07-31 22:00:00,KOTAK,NETBANKING,8,0,886.34,0.0,0.0,1,0.19872382461438065
2026-07-31 22:00:00,KOTAK,UPI,46,2,776.1597826086957,0.0,0.043478260869565216,1,0.19938935415251202
2026-07-31 22:00:00,SBI,CARD,51,4,845.5641176470588,0.0392156862745098,0.0784313725490196,1,0.19549179169073116
2026-07-31 22:00:00,SBI,NETBANKING,12,1,632.5925,0.08333333333333333,0.08333333333333333,1,0.10815311388753812
2026-07-31 22:00:00,SBI,UPI,104,9,870.7861538461538,0.019230769230769232,0.08653846153846154,1,0.1538251561417739
2026-07-31 23:00:00,AXIS,CARD,28,1,968.7910714285715,0.0,0.03571428571428571,1,0.21688939243021516
2026-07-31 23:00:00,AXIS,NETBANKING,15,0,1150.6073333333334,0.0,0.0,1,0.1883494316255152
2026-07-31 23:00:00,AXIS,UPI,86,4,890.5217441860465,0.023255813953488372,0.046511627906976744,1,0.18989195450045632
2026-07-31 23:00:00,HDFC,CARD,36,2,960.1177777777777,0.0,0.05555555555555555,1,0.2248286237320163
2026-07-31 23:00:00,HDFC,NETBANKING,20,0,918.7575,0.0,0.0,1,0.20975620149807073
2026-07-31 23:00:00,HDFC,UPI,112,11,884.4890178571429,0.0625,0.09821428571428571,1,0.11121131995633637
2026-07-31 23:00:00,ICICI,CARD,45,4,983.8126666666667,0.044444444444444446,0.08888888888888889,1,0.1961853188046513
2026-07-31 23:00:00,ICICI,NETBANKING,15,0,1177.854,0.0,0.0,1,0.1824943187566741
2026-07-31 23:00:00,ICICI,UPI,94,4,898.5553191489362,0.0,0.0425531914893617,1,0.17614570770992471
2026-07-31 23:00:00,KOTAK,CARD,18,1,860.4022222222222,0.05555555555555555,0.05555555555555555,1,0.19209555824436592
2026-07-31 23:00:00,KOTAK,NETBANKING,7,0,1270.0585714285714,0.0,0.0,1,0.1350762576426205
2026-07-31 23:00:00,KOTAK,UPI,64,1,947.35671875,0.015625,0.015625,1,0.1706398186452996
2026-07-31 23:00:00,SBI,CARD,37,1,1113.8856756756757,0.0,0.02702702702702703,1,0.18884905162453763
2026-07-31 23:00:00,SBI,NETBANKING,21,2,1054.2147619047619,0.047619047619047616,0.09523809523809523,1,0.17773429544860658
2026-07-31 23:00:00,SBI,UPI,115,7,880.8707826086957,0.034782608695652174,0.06086956521739131,1,0.15414731637862994
2026-08-01 00:00:00,AXIS,CARD,36,1,929.2247222222221,0.027777777777777776,0.027777777777777776,1,0.1978905503339229
2026-08-01 00:00:00,AXIS,NETBANKING,8,0,1200.335,0.0,0.0,1,0.15981901939034682
2026-08-01 00:00:00,AXIS,UPI,86,6,868.7631395348837,0.011627906976744186,0.06976744186046512,1,0.1800052344668875
2026-08-01 00:00:00,HDFC,CARD,30,2,1029.7026666666666,0.1,0.06666666666666667,1,0.134567277420925
2026-08-01 00:00:00,HDFC,NETBANKING,17,3,872.3711764705882,0.0,0.17647058823529413,1,0.11777447229670635
2026-08-01 00:00:00,HDFC,UPI,96,10,898.1183333333333,0.020833333333333332,0.10416666666666667,1,0.14110525482163722
2026-08-01 00:00:00,ICICI,CARD,44,1,890.8254545454546,0.0,0.022727272727272728,1,0.21264913805633168
2026-08-01 00:00:00,ICICI,NETBANKING,14,0,801.4200000000001,0.0,0.0,1,0.2074559935581532
2026-08-01 00:00:00,ICICI,UPI,96,6,924.851875,0.020833333333333332,0.0625,1,0.19340768390692525
2026-08-01 00:00:00,KOTAK,CARD,22,1,1015.05,0.0,0.045454545454545456,1,0.2145714070502303
2026-08-01 00:00:00,KOTAK,NETBANKING,9,0,1289.8666666666666,0.0,0.0,1,0.14127191360849017
2026-08-01 00:00:00,KOTAK,UPI,54,4,862.6742592592593,0.037037037037037035,0.07407407407407407,1,0.19739296134303203
2026-08-01 00:00:00,SBI,CARD,37,1,1019.2818918918919,0.0,0.02702702702702703,1,0.20976423357942436
2026-08-01 00:00:00,SBI,NETBANKING,18,0,941.4744444444445,0.0,0.0,1,0.21368218920327614
2026-08-01 00:00:00,SBI,UPI,101,4,826.3636633663366,0.0297029702970297,0.039603960396039604,1,0.16616958997612108
2026-08-01 01:00:00,AXIS,CARD,24,3,777.6704166666667,0.125,0.125,1,0.09712021832854045
2026-08-01 01:00:00,AXIS,NETBANKING,14,2,741.5550000000001,0.14285714285714285,0.14285714285714285,1,0.07062517748929831
2026-08-01 01:00:00,AXIS,UPI,76,5,748.9561842105263,0.039473684210526314,0.06578947368421052,1,0.1397766994497624
2026-08-01 01:00:00,HDFC,CARD,36,0,1096.7569444444443,0.0,0.0,1,0.1744700719301806
2026-08-01 01:00:00,HDFC,NETBANKING,17,2,687.0129411764706,0.058823529411764705,0.11764705882352941,1,0.14380519245728884
2026-08-01 01:00:00,HDFC,UPI,110,10,958.7125454545455,0.05454545454545454,0.09090909090909091,1,0.13628064728453865
2026-08-01 01:00:00,ICICI,CARD,33,1,777.5439393939395,0.06060606060606061,0.030303030303030304,1,0.14705271266223502
2026-08-01 01:00:00,ICICI,NETBANKING,7,0,833.7557142857142,0.0,0.0,1,0.1895533041401834
2026-08-01 01:00:00,ICICI,UPI,101,8,927.4421782178218,0.07920792079207921,0.07920792079207921,1,0.12090658811213073
2026-08-01 01:00:00,KOTAK,CARD,34,3,1075.7894117647058,0.029411764705882353,0.08823529411764706,1,0.18388008501974934
2026-08-01 01:00:00,KOTAK,NETBANKING,10,0,877.8970000000002,0.0,0.0,1,0.21298875044437782
2026-08-01 01:00:00,KOTAK,UPI,55,6,670.3361818181818,0.12727272727272726,0.10909090909090909,1,0.04804250913997232
2026-08-01 01:00:00,SBI,CARD,43,3,858.4774418604651,0.023255813953488372,0.06976744186046512,1,0.20963770045181268
2026-08-01 01:00:00,SBI,NETBANKING,13,0,579.1323076923077,0.0,0.0,1,0.1343865553470458
2026-08-01 01:00:00,SBI,UPI,109,8,810.8680733944954,0.027522935779816515,0.07339449541284404,1,0.1478565979232842
2026-08-01 02:00:00,AXIS,CARD,38,2,787.9923684210526,0.0,0.05263157894736842,1,0.2124062931537809
2026-08-01 02:00:00,AXIS,NETBANKING,14,0,908.8007142857142,0.0,0.0,1,0.21792321147618293
2026-08-01 02:00:00,AXIS,UPI,72,5,815.7352777777778,0.05555555555555555,0.06944444444444445,1,0.16848061612081783
2026-08-01 02:00:00,HDFC,CARD,38,5,741.3913157894737,0.05263157894736842,0.13157894736842105,1,0.13485143765491142
2026-08-01 02:00:00,HDFC,NETBANKING,18,2,726.3077777777778,0.0,0.1111111111111111,1,0.16547476969486963
2026-08-01 02:00:00,HDFC,UPI,103,3,952.5750485436893,0.02912621359223301,0.02912621359223301,1,0.15795961568608363
2026-08-01 02:00:00,ICICI,CARD,29,0,803.3089655172414,0.0,0.0,1,0.1899334412356245
2026-08-01 02:00:00,ICICI,NETBANKING,15,0,1135.4193333333335,0.0,0.0,1,0.19240326424059828
2026-08-01 02:00:00,ICICI,UPI,106,6,1209.2201886792452,0.05660377358490566,0.05660377358490566,1,0.08252171273865627
2026-08-01 02:00:00,KOTAK,CARD,27,3,1076.7533333333333,0.0,0.1111111111111111,1,0.16035457253246116
2026-08-01 02:00:00,KOTAK,NETBANKING,9,0,695.0844444444444,0.0,0.0,1,0.17408451222985372
2026-08-01 02:00:00,KOTAK,UPI,59,2,920.1730508474576,0.0,0.03389830508474576,1,0.19222867719158226
2026-08-01 02:00:00,SBI,CARD,48,7,877.75625,0.08333333333333333,0.14583333333333334,1,0.111250846902327
2026-08-01 02:00:00,SBI,NETBANKING,15,1,522.8373333333334,0.13333333333333333,0.06666666666666667,1,0.04041852948630731
2026-08-01 02:00:00,SBI,UPI,97,8,922.039175257732,0.05154639175257732,0.08247422680412371,1,0.175011423337811
2026-08-01 03:00:00,AXIS,CARD,32,0,703.566875,0.0,0.0,1,0.15675381455424225
2026-08-01 03:00:00,AXIS,NETBANKING,14,0,868.282142857143,0.0,0.0,1,0.21472565089504053
2026-08-01 03:00:00,AXIS,UPI,78,4,965.0417948717948,0.02564102564102564,0.05128205128205128,1,0.18975406208533485
2026-08-01 03:00:00,HDFC,CARD,35,2,901.0514285714286,0.02857142857142857,0.05714285714285714,1,0.21577678901004604
2026-08-01 03:00:00,HDFC,NETBANKING,17,1,1131.3111764705882,0.0,0.058823529411764705,1,0.19509683704822695
2026-08-01 03:00:00,HDFC,UPI,104,6,843.7154807692308,0.009615384615384616,0.057692307692307696,1,0.16618132662330087
2026-08-01 03:00:00,ICICI,CARD,34,2,1006.8897058823529,0.029411764705882353,0.058823529411764705,1,0.21123208599063087
2026-08-01 03:00:00,ICICI,NETBANKING,22,2,1234.9627272727273,0.0,0.09090909090909091,1,0.1501003765136837
2026-08-01 03:00:00,ICICI,UPI,115,13,848.0838260869565,0.034782608695652174,0.11304347826086956,1,0.09351677742210329
2026-08-01 03:00:00,KOTAK,CARD,24,1,739.9641666666666,0.0,0.041666666666666664,1,0.198750625432993
2026-08-01 03:00:00,KOTAK,NETBANKING,5,0,974.5060000000001,0.0,0.0,1,0.1755489561173435
2026-08-01 03:00:00,KOTAK,UPI,51,2,782.7286274509803,0.0196078431372549,0.0392156862745098,1,0.18245007558120285
2026-08-01 03:00:00,SBI,CARD,51,4,835.2188235294118,0.058823529411764705,0.0784313725490196,1,0.18190016663510855
2026-08-01 03:00:00,SBI,NETBANKING,16,1,682.135,0.0,0.0625,1,0.1908095574696803
2026-08-01 03:00:00,SBI,UPI,97,1,933.4864948453609,0.010309278350515464,0.010309278350515464,1,0.13828448064815757
2026-08-01 04:00:00,AXIS,CARD,28,4,863.8246428571429,0.03571428571428571,0.14285714285714285,1,0.1441665897629712
2026-08-01 04:00:00,AXIS,NETBANKING,13,0,956.8807692307693,0.0,0.0,1,0.21564384842268564
2026-08-01 04:00:00,AXIS,UPI,87,5,815.1562068965517,0.034482758620689655,0.05747126436781609,1,0.18004257442976235
2026-08-01 04:00:00,HDFC,CARD,46,1,1019.2217391304349,0.0,0.021739130434782608,1,0.19755658013387795
2026-08-01 04:00:00,HDFC,NETBANKING,22,1,926.7777272727272,0.0,0.045454545454545456,1,0.22402897095932084
2026-08-01 04:00:00,HDFC,UPI,98,10,1028.519081632653,0.061224489795918366,0.10204081632653061,1,0.11784820852230649
2026-08-01 04:00:00,ICICI,CARD,35,1,853.9128571428572,0.05714285714285714,0.02857142857142857,1,0.1683634421618977
2026-08-01 04:00:00,ICICI,NETBANKING,18,0,928.7605555555555,0.0,0.0,1,0.21356714763461054
2026-08-01 04:00:00,ICICI,UPI,107,8,954.7824299065421,0.0,0.07476635514018691,1,0.1523892027305685
2026-08-01 04:00:00,KOTAK,CARD,15,0,865.9713333333333,0.0,0.0,1,0.21548511568639167
2026-08-01 04:00:00,KOTAK,NETBANKING,6,0,1258.1283333333333,0.0,0.0,1,0.12926202942059867
2026-08-01 04:00:00,KOTAK,UPI,48,2,906.149375,0.020833333333333332,0.041666666666666664,1,0.21353677588798337
2026-08-01 04:00:00,SBI,CARD,32,2,1007.725,0.03125,0.0625,1,0.20733871897159006
2026-08-01 04:00:00,SBI,NETBANKING,16,1,920.52375,0.0,0.0625,1,0.2265325025175583
2026-08-01 04:00:00,SBI,UPI,107,5,928.2242990654206,0.018691588785046728,0.04672897196261682,1,0.1733430774001571
2026-08-01 05:00:00,AXIS,CARD,32,3,1083.1290625,0.0625,0.09375,1,0.16514624901778396
2026-08-01 05:00:00,AXIS,NETBANKING,11,0,1050.9736363636364,0.0,0.0,1,0.20375775083490938
2026-08-01 05:00:00,AXIS,UPI,80,2,905.67425,0.025,0.025,1,0.1685003854001702
2026-08-01 05:00:00,HDFC,CARD,44,3,1173.7234090909092,0.0,0.06818181818181818,1,0.16847870055791336
2026-08-01 05:00:00,HDFC,NETBANKING,17,0,858.1258823529412,0.0,0.0,1,0.20906826618737084
2026-08-01 05:00:00,HDFC,UPI,92,4,854.2204347826087,0.0,0.043478260869565216,1,0.1722145694317837
2026-08-01 05:00:00,ICICI,CARD,32,3,829.574375,0.03125,0.09375,1,0.19282961682215477
2026-08-01 05:00:00,ICICI,NETBANKING,14,1,836.0592857142857,0.0,0.07142857142857142,1,0.21736125855954735
2026-08-01 05:00:00,ICICI,UPI,92,7,1026.3159782608695,0.03260869565217391,0.07608695652173914,1,0.16668229489634517
2026-08-01 05:00:00,KOTAK,CARD,26,1,1003.8149999999999,0.0,0.038461538461538464,1,0.21158368777471792
2026-08-01 05:00:00,KOTAK,NETBANKING,9,0,717.4088888888889,0.0,0.0,1,0.18020409727171127
2026-08-01 05:00:00,KOTAK,UPI,52,3,1026.2459615384616,0.038461538461538464,0.057692307692307696,1,0.19683820465475527
2026-08-01 05:00:00,SBI,CARD,37,1,864.3878378378378,0.0,0.02702702702702703,1,0.2155509085428181
2026-08-01 05:00:00,SBI,NETBANKING,10,0,1022.7909999999999,0.0,0.0,1,0.20627502618133697
2026-08-01 05:00:00,SBI,UPI,126,6,847.1440476190476,0.015873015873015872,0.047619047619047616,1,0.10021393440259418
2026-08-01 06:00:00,AXIS,CARD,18,0,983.9327777777778,0.0,0.0,1,0.20981024905821732
2026-08-01 06:00:00,AXIS,NETBANKING,17,1,628.5041176470588,0.0,0.058823529411764705,1,0.1638293254777956
2026-08-01 06:00:00,AXIS,UPI,75,5,877.8098666666667,0.06666666666666667,0.06666666666666667,1,0.15858421973319703
2026-08-01 06:00:00,HDFC,CARD,53,3,895.9762264150943,0.03773584905660377,0.05660377358490566,1,0.2115003989147476
2026-08-01 06:00:00,HDFC,NETBANKING,16,0,973.99125,0.0,0.0,1,0.2122357072914985
2026-08-01 06:00:00,HDFC,UPI,111,6,831.1562162162162,0.018018018018018018,0.05405405405405406,1,0.15390291528687733
2026-08-01 06:00:00,ICICI,CARD,41,2,862.3312195121952,0.0,0.04878048780487805,1,0.2193795390883146
2026-08-01 06:00:00,ICICI,NETBANKING,22,2,676.4836363636364,0.0,0.09090909090909091,1,0.16679014162624772
2026-08-01 06:00:00,ICICI,UPI,118,13,859.1172881355932,0.0423728813559322,0.11016949152542373,1,0.086930858218635
2026-08-01 06:00:00,KOTAK,CARD,21,2,1308.4461904761904,0.047619047619047616,0.09523809523809523,1,0.11215898895304921
2026-08-01 06:00:00,KOTAK,NETBANKING,5,0,813.9300000000001,0.0,0.0,1,0.17557643468913642
2026-08-01 06:00:00,KOTAK,UPI,68,4,997.9260294117647,0.04411764705882353,0.058823529411764705,1,0.18601029068075398
2026-08-01 06:00:00,SBI,CARD,51,3,916.8160784313726,0.0,0.058823529411764705,1,0.204121476985143
2026-08-01 06:00:00,SBI,NETBANKING,15,1,626.8746666666667,0.0,0.06666666666666667,1,0.16710009875624332
2026-08-01 06:00:00,SBI,UPI,99,6,874.420606060606,0.010101010101010102,0.06060606060606061,1,0.18199230918684572
2026-08-01 07:00:00,AXIS,CARD,29,0,947.1337931034483,0.0,0.0,1,0.20065147087163354
2026-08-01 07:00:00,AXIS,NETBANKING,8,0,971.8125,0.0,0.0,1,0.19584539511864835
2026-08-01 07:00:00,AXIS,UPI,74,6,872.9372972972973,0.013513513513513514,0.08108108108108109,1,0.17797102140168408
2026-08-01 07:00:00,HDFC,CARD,43,3,1004.633488372093,0.09302325581395349,0.06976744186046512,1,0.13944788422419302
2026-08-01 07:00:00,HDFC,NETBANKING,22,1,783.4781818181818,0.0,0.045454545454545456,1,0.2123550047797274
2026-08-01 07:00:00,HDFC,UPI,105,8,902.1189523809525,0.047619047619047616,0.0761904761904762,1,0.1718865008070808
2026-08-01 07:00:00,ICICI,CARD,43,1,844.8786046511627,0.0,0.023255813953488372,1,0.20292141821062543
2026-08-01 07:00:00,ICICI,NETBANKING,16,2,952.115,0.125,0.125,1,0.10751556680375829
2026-08-01 07:00:00,ICICI,UPI,85,3,887.6665882352942,0.011764705882352941,0.03529411764705882,1,0.1808060295723269
2026-08-01 07:00:00,KOTAK,CARD,18,2,832.1977777777779,0.16666666666666666,0.1111111111111111,1,0.08455896649635153
2026-08-01 07:00:00,KOTAK,NETBANKING,8,0,722.3,0.0,0.0,1,0.17463063240469512
2026-08-01 07:00:00,KOTAK,UPI,70,1,1045.0734285714286,0.0,0.014285714285714285,1,0.14506977144358102
2026-08-01 07:00:00,SBI,CARD,38,2,788.8355263157895,0.02631578947368421,0.05263157894736842,1,0.20159256694059374
2026-08-01 07:00:00,SBI,NETBANKING,15,1,1165.2086666666667,0.0,0.06666666666666667,1,0.18849734769461718
2026-08-01 07:00:00,SBI,UPI,93,2,923.5439784946236,0.0,0.021505376344086023,1,0.1584497854265603
2026-08-01 08:00:00,AXIS,CARD,26,1,919.8080769230769,0.0,0.038461538461538464,1,0.22036267981849078
2026-08-01 08:00:00,AXIS,NETBANKING,13,1,952.8853846153846,0.0,0.07692307692307693,1,0.21477117770120396
2026-08-01 08:00:00,AXIS,UPI,74,2,917.3590540540539,0.013513513513513514,0.02702702702702703,1,0.17650001296957213
2026-08-01 08:00:00,HDFC,CARD,40,3,1013.3475000000001,0.025,0.075,1,0.20159397709601223
2026-08-01 08:00:00,HDFC,NETBANKING,20,1,784.3230000000001,0.05,0.05,1,0.17347869137495997
2026-08-01 08:00:00,HDFC,UPI,98,8,852.7998979591837,0.05102040816326531,0.08163265306122448,1,0.1673626218647391
2026-08-01 08:00:00,ICICI,CARD,33,0,859.6460606060606,0.0,0.0,1,0.19773305331216556
2026-08-01 08:00:00,ICICI,NETBANKING,19,0,874.1715789473683,0.0,0.0,1,0.2104347911854067
2026-08-01 08:00:00,ICICI,UPI,107,10,845.1146728971963,0.056074766355140186,0.09345794392523364,1,0.13788466986944298
2026-08-01 08:00:00,KOTAK,CARD,27,4,782.5344444444445,0.1111111111111111,0.14814814814814814,1,0.090057698575299
2026-08-01 08:00:00,KOTAK,NETBANKING,10,0,1062.433,0.0,0.0,1,0.20118734319194181
2026-08-01 08:00:00,KOTAK,UPI,50,3,879.3831999999999,0.04,0.06,1,0.2082957827297125
2026-08-01 08:00:00,SBI,CARD,44,0,718.0825,0.0,0.0,1,0.1484766730167708
2026-08-01 08:00:00,SBI,NETBANKING,19,3,601.4894736842105,0.05263157894736842,0.15789473684210525,1,0.06275019212076205
2026-08-01 08:00:00,SBI,UPI,107,11,982.3833644859814,0.09345794392523364,0.102803738317757,1,0.0760151687139794
2026-08-01 09:00:00,AXIS,CARD,28,1,907.4549999999999,0.0,0.03571428571428571,1,0.22029517494756368
2026-08-01 09:00:00,AXIS,NETBANKING,15,1,779.006,0.0,0.06666666666666667,1,0.2160398541631492
2026-08-01 09:00:00,AXIS,UPI,63,2,948.6157142857143,0.031746031746031744,0.031746031746031744,1,0.18094609827067765
2026-08-01 09:00:00,HDFC,CARD,41,1,861.3739024390244,0.024390243902439025,0.024390243902439025,1,0.19292149882103393
2026-08-01 09:00:00,HDFC,NETBANKING,19,3,790.5352631578947,0.10526315789473684,0.15789473684210525,1,0.09505391792189455
2026-08-01 09:00:00,HDFC,UPI,92,10,783.9509782608696,0.043478260869565216,0.10869565217391304,1,0.11208857974208508
2026-08-01 09:00:00,ICICI,CARD,30,2,861.7606666666667,0.06666666666666667,0.06666666666666667,1,0.1862287708456219
2026-08-01 09:00:00,ICICI,NETBANKING,20,1,739.871,0.0,0.05,1,0.20094770562351083
2026-08-01 09:00:00,ICICI,UPI,104,5,992.2045192307693,0.038461538461538464,0.04807692307692308,1,0.16463957347676456
2026-08-01 09:00:00,KOTAK,CARD,22,2,980.5268181818182,0.09090909090909091,0.09090909090909091,1,0.13903885128539029
2026-08-01 09:00:00,KOTAK,NETBANKING,10,1,602.873,0.0,0.1,1,0.13472027777429685
2026-08-01 09:00:00,KOTAK,UPI,55,4,897.7078181818182,0.03636363636363636,0.07272727272727272,1,0.20180337997251419
2026-08-01 09:00:00,SBI,CARD,36,1,1056.5113888888889,0.0,0.027777777777777776,1,0.20261110147456818
2026-08-01 09:00:00,SBI,NETBANKING,16,0,986.52125,0.0,0.0,1,0.2125146761115585
2026-08-01 09:00:00,SBI,UPI,113,10,1052.4675221238938,0.07079646017699115,0.08849557522123894,1,0.07746690129695633
2026-08-01 10:00:00,AXIS,CARD,31,1,1108.8406451612902,0.0,0.03225806451612903,1,0.19647099724544742
2026-08-01 10:00:00,AXIS,NETBANKING,15,2,999.7746666666667,0.06666666666666667,0.13333333333333333,1,0.14384861303245994
2026-08-01 10:00:00,AXIS,UPI,78,4,742.2914102564102,0.02564102564102564,0.05128205128205128,1,0.14292792019896783
2026-08-01 10:00:00,HDFC,CARD,24,2,782.6854166666667,0.0,0.08333333333333333,1,0.205666434384131
2026-08-01 10:00:00,HDFC,NETBANKING,20,0,935.126,0.0,0.0,1,0.20972305759849386
2026-08-01 10:00:00,HDFC,UPI,121,13,969.2123140495868,0.06611570247933884,0.10743801652892562,1,0.06427007676760899
2026-08-01 10:00:00,ICICI,CARD,24,2,824.2475,0.041666666666666664,0.08333333333333333,1,0.20267729922172484
2026-08-01 10:00:00,ICICI,NETBANKING,18,1,1103.6794444444445,0.0,0.05555555555555555,1,0.2067934880768787
2026-08-01 10:00:00,ICICI,UPI,92,5,832.974347826087,0.021739130434782608,0.05434782608695652,1,0.1819978797268864
2026-08-01 10:00:00,KOTAK,CARD,19,1,992.8805263157894,0.0,0.05263157894736842,1,0.22424045066324355
2026-08-01 10:00:00,KOTAK,NETBANKING,5,0,1161.0539999999999,0.0,0.0,1,0.14436654450666198
2026-08-01 10:00:00,KOTAK,UPI,63,4,931.3344444444444,0.031746031746031744,0.06349206349206349,1,0.19616471983051909
2026-08-01 10:00:00,SBI,CARD,52,1,885.6194230769231,0.0,0.019230769230769232,1,0.1941768744630077
2026-08-01 10:00:00,SBI,NETBANKING,22,1,896.125,0.045454545454545456,0.045454545454545456,1,0.18728059550644716
2026-08-01 10:00:00,SBI,UPI,100,6,793.6192,0.03,0.06,1,0.16409929611709517
2026-08-01 11:00:00,AXIS,CARD,39,2,927.8492307692309,0.02564102564102564,0.05128205128205128,1,0.2145483033118582
2026-08-01 11:00:00,AXIS,NETBANKING,15,0,662.5793333333334,0.0,0.0,1,0.17648293510061153
2026-08-01 11:00:00,AXIS,UPI,83,6,866.7716867469879,0.03614457831325301,0.07228915662650602,1,0.19119068667542982
2026-08-01 11:00:00,HDFC,CARD,49,5,701.0991836734694,0.02040816326530612,0.10204081632653061,1,0.13717789852219248
2026-08-01 11:00:00,HDFC,NETBANKING,15,0,1342.8333333333333,0.0,0.0,1,0.13650154257741814
2026-08-01 11:00:00,HDFC,UPI,118,6,1014.2837288135593,0.025423728813559324,0.05084745762711865,1,0.12765480448671124
2026-08-01 11:00:00,ICICI,CARD,51,4,750.359019607843,0.0,0.0784313725490196,1,0.16631916132595725
2026-08-01 11:00:00,ICICI,NETBANKING,15,1,903.6226666666666,0.0,0.06666666666666667,1,0.22703846915563397
2026-08-01 11:00:00,ICICI,UPI,105,9,991.9237142857144,0.047619047619047616,0.08571428571428572,1,0.1538585209652965
2026-08-01 11:00:00,KOTAK,CARD,14,1,675.8914285714285,0.0,0.07142857142857142,1,0.18598051150494738
2026-08-01 11:00:00,KOTAK,NETBANKING,6,0,772.195,0.0,0.0,1,0.1750987368648224
2026-08-01 11:00:00,KOTAK,UPI,62,2,913.1274193548387,0.0,0.03225806451612903,1,0.18938581570407298
2026-08-01 11:00:00,SBI,CARD,44,2,800.4965909090909,0.045454545454545456,0.045454545454545456,1,0.18568605709944802
2026-08-01 11:00:00,SBI,NETBANKING,13,2,699.0,0.0,0.15384615384615385,1,0.1168759602822067
2026-08-01 11:00:00,SBI,UPI,101,5,852.7880198019801,0.0,0.04950495049504951,1,0.16450093144372185
2026-08-01 12:00:00,AXIS,CARD,29,1,993.2565517241379,0.0,0.034482758620689655,1,0.21714508618095724
2026-08-01 12:00:00,AXIS,NETBANKING,9,2,775.0400000000001,0.1111111111111111,0.2222222222222222,1,0.021419045914425672
2026-08-01 12:00:00,AXIS,UPI,83,3,982.9459036144577,0.012048192771084338,0.03614457831325301,1,0.1853608724180395
2026-08-01 12:00:00,HDFC,CARD,36,4,1058.7672222222222,0.027777777777777776,0.1111111111111111,1,0.16668826589345465
2026-08-01 12:00:00,HDFC,NETBANKING,10,1,1126.837,0.0,0.1,1,0.159330550456048
2026-08-01 12:00:00,HDFC,UPI,114,6,948.9527192982456,0.043859649122807015,0.05263157894736842,1,0.1367948847568511
2026-08-01 12:00:00,ICICI,CARD,42,0,1184.4490476190476,0.0,0.0,1,0.1541576061510307
2026-08-01 12:00:00,ICICI,NETBANKING,12,2,1150.2266666666667,0.08333333333333333,0.16666666666666666,1,0.0647420614416393
2026-08-01 12:00:00,ICICI,UPI,125,3,1080.18416,0.016,0.024,1,0.0563625603579363
2026-08-01 12:00:00,KOTAK,CARD,28,5,705.7375000000001,0.07142857142857142,0.17857142857142858,1,0.0677452025511468
2026-08-01 12:00:00,KOTAK,NETBANKING,4,1,1350.9925,0.0,0.25,-1,-0.0584026362480109
2026-08-01 12:00:00,KOTAK,UPI,57,1,715.9366666666666,0.0,0.017543859649122806,1,0.13211847366589335
2026-08-01 12:00:00,SBI,CARD,46,4,954.3367391304347,0.021739130434782608,0.08695652173913043,1,0.19163815548510948
2026-08-01 12:00:00,SBI,NETBANKING,23,1,943.8978260869566,0.0,0.043478260869565216,1,0.22508756296043875
2026-08-01 12:00:00,SBI,UPI,122,5,857.5855737704918,0.01639344262295082,0.040983606557377046,1,0.13045009473728547
2026-08-01 13:00:00,AXIS,CARD,29,2,904.91,0.034482758620689655,0.06896551724137931,1,0.20975712267494295
2026-08-01 13:00:00,AXIS,NETBANKING,11,0,1002.4945454545455,0.0,0.0,1,0.2110663634060403
2026-08-01 13:00:00,AXIS,UPI,91,4,960.9507692307693,0.01098901098901099,0.04395604395604396,1,0.18576708615587673
2026-08-01 13:00:00,HDFC,CARD,57,1,1233.2587719298247,0.0,0.017543859649122806,1,0.12578538451338844
2026-08-01 13:00:00,HDFC,NETBANKING,20,3,747.3745,0.05,0.15,1,0.12134562348793715
2026-08-01 13:00:00,HDFC,UPI,111,9,840.731981981982,0.036036036036036036,0.08108108108108109,1,0.1434665570857933
2026-08-01 13:00:00,ICICI,CARD,42,5,831.6569047619047,0.023809523809523808,0.11904761904761904,1,0.1646457192337228
2026-08-01 13:00:00,ICICI,NETBANKING,10,1,934.79,0.0,0.1,1,0.1896486257301329
2026-08-01 13:00:00,ICICI,UPI,96,9,784.7997916666667,0.052083333333333336,0.09375,1,0.12799352284702253
2026-08-01 13:00:00,KOTAK,CARD,9,0,830.3299999999999,0.0,0.0,1,0.20236235734441294
2026-08-01 13:00:00,KOTAK,NETBANKING,6,0,744.275,0.0,0.0,1,0.16342949123333794
2026-08-01 13:00:00,KOTAK,UPI,47,7,791.4814893617021,0.10638297872340426,0.14893617021276595,1,0.08789051725356667
2026-08-01 13:00:00,SBI,CARD,40,0,893.3695,0.0,0.0,1,0.19391324320127595
2026-08-01 13:00:00,SBI,NETBANKING,26,0,719.8173076923077,0.0,0.0,1,0.1732376544920083
2026-08-01 13:00:00,SBI,UPI,115,5,1144.879304347826,0.017391304347826087,0.043478260869565216,1,0.09080736777840637
2026-08-01 14:00:00,AXIS,CARD,25,0,762.5183999999999,0.0,0.0,1,0.18531138224107246
2026-08-01 14:00:00,AXIS,NETBANKING,20,3,627.8945,0.05,0.15,1,0.0734982654720614
2026-08-01 14:00:00,AXIS,UPI,79,2,964.3479746835444,0.02531645569620253,0.02531645569620253,1,0.1709254214093499
2026-08-01 14:00:00,HDFC,CARD,50,6,871.4852000000001,0.04,0.12,1,0.16818892700639948
2026-08-01 14:00:00,HDFC,NETBANKING,19,1,734.8105263157895,0.0,0.05263157894736842,1,0.20056858930212418
2026-08-01 14:00:00,HDFC,UPI,126,6,1049.1419841269842,0.03968253968253968,0.047619047619047616,1,0.06984976958383915
2026-08-01 14:00:00,ICICI,CARD,36,1,766.2030555555556,0.0,0.027777777777777776,1,0.19738058424933164
2026-08-01 14:00:00,ICICI,NETBANKING,8,0,1102.97375,0.0,0.0,1,0.17800527754749235
2026-08-01 14:00:00,ICICI,UPI,108,10,853.5466666666666,0.05555555555555555,0.09259259259259259,1,0.13648834307232371
2026-08-01 14:00:00,KOTAK,CARD,16,2,1241.906875,0.0,0.125,1,0.13252492790030507
2026-08-01 14:00:00,KOTAK,NETBANKING,12,1,881.2383333333333,0.0,0.08333333333333333,1,0.2146372879166764
2026-08-01 14:00:00,KOTAK,UPI,56,4,892.5833928571428,0.017857142857142856,0.07142857142857142,1,0.19280903236290337
2026-08-01 14:00:00,SBI,CARD,45,1,870.1028888888889,0.0,0.022222222222222223,1,0.20625792165206958
2026-08-01 14:00:00,SBI,NETBANKING,14,2,602.4014285714286,0.14285714285714285,0.14285714285714285,1,0.03644329390662626
2026-08-01 14:00:00,SBI,UPI,100,5,968.9877,0.02,0.05,1,0.1786921200423846
2026-08-01 15:00:00,AXIS,CARD,29,0,944.8272413793104,0.0,0.0,1,0.19995044724496475
2026-08-01 15:00:00,AXIS,NETBANKING,15,0,660.3653333333333,0.0,0.0,1,0.17648293510061153
2026-08-01 15:00:00,AXIS,UPI,73,4,1054.1391780821918,0.0684931506849315,0.0547945205479452,1,0.13872307113043858
2026-08-01 15:00:00,HDFC,CARD,41,1,979.6070731707317,0.0,0.024390243902439025,1,0.213696308814451
2026-08-01 15:00:00,HDFC,NETBANKING,19,2,946.4273684210526,0.05263157894736842,0.10526315789473684,1,0.17998141957426622
2026-08-01 15:00:00,HDFC,UPI,111,13,1030.6587387387387,0.04504504504504504,0.11711711711711711,1,0.08381385284853016
2026-08-01 15:00:00,ICICI,CARD,39,4,848.0779487179487,0.0,0.10256410256410256,1,0.18256271787557116
2026-08-01 15:00:00,ICICI,NETBANKING,14,0,739.8157142857143,0.0,0.0,1,0.19668130543113427
2026-08-01 15:00:00,ICICI,UPI,99,4,1034.0445454545454,0.010101010101010102,0.04040404040404041,1,0.15967985881019747
2026-08-01 15:00:00,KOTAK,CARD,20,1,840.973,0.0,0.05,1,0.21869502049069933
2026-08-01 15:00:00,KOTAK,NETBANKING,10,0,624.182,0.0,0.0,1,0.15221422592983808
2026-08-01 15:00:00,KOTAK,UPI,46,4,985.0567391304348,0.043478260869565216,0.08695652173913043,1,0.19961543652573582
2026-08-01 15:00:00,SBI,CARD,39,5,790.1353846153846,0.05128205128205128,0.1282051282051282,1,0.1602245141365306
2026-08-01 15:00:00,SBI,NETBANKING,21,1,1086.6219047619047,0.0,0.047619047619047616,1,0.20281512071112545
2026-08-01 15:00:00,SBI,UPI,123,6,915.6565853658536,0.016260162601626018,0.04878048780487805,1,0.1314528837555632
2026-08-01 16:00:00,AXIS,CARD,36,3,919.9794444444445,0.05555555555555555,0.08333333333333333,1,0.20006725553449228
2026-08-01 16:00:00,AXIS,NETBANKING,13,2,707.0484615384614,0.0,0.15384615384615385,1,0.1175400633193614
2026-08-01 16:00:00,AXIS,UPI,79,3,1096.0570886075948,0.0,0.0379746835443038,1,0.15103524952212144
2026-08-01 16:00:00,HDFC,CARD,52,2,853.7948076923077,0.019230769230769232,0.038461538461538464,1,0.20021886819040907
2026-08-01 16:00:00,HDFC,NETBANKING,22,3,609.3095454545454,0.0,0.13636363636363635,1,0.07646611462380948
2026-08-01 16:00:00,HDFC,UPI,116,7,890.9922413793104,0.034482758620689655,0.0603448275862069,1,0.15187957378686473
2026-08-01 16:00:00,ICICI,CARD,40,1,1185.97725,0.025,0.025,1,0.14593025409685578
2026-08-01 16:00:00,ICICI,NETBANKING,15,1,715.7013333333333,0.0,0.06666666666666667,1,0.200145083967336
2026-08-01 16:00:00,ICICI,UPI,104,7,1018.8184615384615,0.009615384615384616,0.0673076923076923,1,0.15636673102134352
2026-08-01 16:00:00,KOTAK,CARD,13,1,1167.7623076923078,0.15384615384615385,0.07692307692307693,1,0.04913539513596499
2026-08-01 16:00:00,KOTAK,NETBANKING,7,1,763.2700000000001,0.0,0.14285714285714285,1,0.10907960838055442
2026-08-01 16:00:00,KOTAK,UPI,65,4,857.1778461538461,0.03076923076923077,0.06153846153846154,1,0.19363149638281468
2026-08-01 16:00:00,SBI,CARD,36,3,814.8538888888888,0.05555555555555555,0.08333333333333333,1,0.1950233301940692
2026-08-01 16:00:00,SBI,NETBANKING,8,0,580.96875,0.0,0.0,1,0.11885783809228884
2026-08-01 16:00:00,SBI,UPI,112,6,826.615625,0.017857142857142856,0.05357142857142857,1,0.15051058738585893
2026-08-01 17:00:00,AXIS,CARD,38,2,1015.8426315789472,0.0,0.05263157894736842,1,0.21671692924039526
2026-08-01 17:00:00,AXIS,NETBANKING,16,1,983.750625,0.0625,0.0625,1,0.18504220928978232
2026-08-01 17:00:00,AXIS,UPI,81,2,864.4241975308641,0.0,0.024691358024691357,1,0.16895653350289896
2026-08-01 17:00:00,HDFC,CARD,56,3,981.5285714285714,0.03571428571428571,0.05357142857142857,1,0.2050204049903519
2026-08-01 17:00:00,HDFC,NETBANKING,20,1,810.271,0.0,0.05,1,0.21686686701748575
2026-08-01 17:00:00,HDFC,UPI,124,6,765.9508064516128,0.024193548387096774,0.04838709677419355,1,0.0701744138808198
2026-08-01 17:00:00,ICICI,CARD,42,0,593.4592857142858,0.0,0.0,1,0.08282204874734267
2026-08-01 17:00:00,ICICI,NETBANKING,18,3,712.4205555555556,0.16666666666666666,0.16666666666666666,1,0.03323563338163782
2026-08-01 17:00:00,ICICI,UPI,103,8,904.6930097087379,0.019417475728155338,0.07766990291262135,1,0.17256998004233703
2026-08-01 17:00:00,KOTAK,CARD,27,5,699.5748148148149,0.14814814814814814,0.18518518518518517,1,0.014220049978353133
2026-08-01 17:00:00,KOTAK,NETBANKING,8,0,1689.995,0.0,0.0,1,0.01590727829276839
2026-08-01 17:00:00,KOTAK,UPI,54,2,1094.3787037037036,0.037037037037037035,0.037037037037037035,1,0.1597130019352948
2026-08-01 17:00:00,SBI,CARD,46,4,859.8389130434782,0.043478260869565216,0.08695652173913043,1,0.2021842056676325
2026-08-01 17:00:00,SBI,NETBANKING,10,1,956.695,0.1,0.1,1,0.12097000986066259
2026-08-01 17:00:00,SBI,UPI,93,7,1100.0486021505376,0.0967741935483871,0.07526881720430108,1,0.0672550241528006
2026-08-01 18:00:00,AXIS,CARD,31,1,840.1929032258064,0.0,0.03225806451612903,1,0.2128406613531752
2026-08-01 18:00:00,AXIS,NETBANKING,13,0,781.4761538461539,0.0,0.0,1,0.20674211163090034
2026-08-01 18:00:00,AXIS,UPI,79,6,833.3715189873418,0.05063291139240506,0.0759493670886076,1,0.1724394287134116
2026-08-01 18:00:00,HDFC,CARD,42,6,947.3014285714287,0.11904761904761904,0.14285714285714285,1,0.08817343121251875
2026-08-01 18:00:00,HDFC,NETBANKING,17,0,1551.9923529411765,0.0,0.0,1,0.059792755769280004
2026-08-01 18:00:00,HDFC,UPI,109,52,797.8894495412844,0.26605504587155965,0.47706422018348627,-1,-0.13056726126468654
2026-08-01 18:00:00,ICICI,CARD,30,1,993.4613333333333,0.06666666666666667,0.03333333333333333,1,0.15368290140829477
2026-08-01 18:00:00,ICICI,NETBANKING,12,1,733.2383333333333,0.0,0.08333333333333333,1,0.1902235087653824
2026-08-01 18:00:00,ICICI,UPI,97,7,1074.916701030928,0.05154639175257732,0.07216494845360824,1,0.14243909457788573
2026-08-01 18:00:00,KOTAK,CARD,25,1,1176.6852000000001,0.04,0.04,1,0.13549203387067127
2026-08-01 18:00:00,KOTAK,NETBANKING,6,1,765.8483333333334,0.0,0.16666666666666666,1,0.0853421853761116
2026-08-01 18:00:00,KOTAK,UPI,56,3,969.8385714285714,0.03571428571428571,0.05357142857142857,1,0.2051841270574471
2026-08-01 18:00:00,SBI,CARD,35,0,1002.4342857142856,0.0,0.0,1,0.19039309663295145
2026-08-01 18:00:00,SBI,NETBANKING,12,0,811.5608333333333,0.0,0.0,1,0.21187267944639326
2026-08-01 18:00:00,SBI,UPI,134,14,918.0001492537314,0.04477611940298507,0.1044776119402985,1,0.045538997727742725
2026-08-01 19:00:00,AXIS,CARD,35,3,942.993142857143,0.02857142857142857,0.08571428571428572,1,0.209735119496475
2026-08-01 19:00:00,AXIS,NETBANKING,15,0,741.87,0.0,0.0,1,0.1989447507624602
2026-08-01 19:00:00,AXIS,UPI,88,4,708.7631818181818,0.0,0.045454545454545456,1,0.12378562957046979
2026-08-01 19:00:00,HDFC,CARD,34,1,874.6308823529412,0.029411764705882353,0.029411764705882353,1,0.18966839024234955
2026-08-01 19:00:00,HDFC,NETBANKING,20,1,1159.864,0.0,0.05,1,0.1848690574226246
2026-08-01 19:00:00,HDFC,UPI,112,57,930.4619642857143,0.29464285714285715,0.5089285714285714,-1,-0.13129694035867445
2026-08-01 19:00:00,ICICI,CARD,52,1,841.7009615384615,0.0,0.019230769230769232,1,0.18376051383549202
2026-08-01 19:00:00,ICICI,NETBANKING,17,1,1156.2982352941176,0.058823529411764705,0.058823529411764705,1,0.15726980899484094
2026-08-01 19:00:00,ICICI,UPI,82,6,1147.005,0.0,0.07317073170731707,1,0.1421386667522091
2026-08-01 19:00:00,KOTAK,CARD,16,0,845.158125,0.0,0.0,1,0.20621922237552576
2026-08-01 19:00:00,KOTAK,NETBANKING,8,0,622.88125,0.0,0.0,1,0.13869692565352087
2026-08-01 19:00:00,KOTAK,UPI,58,2,935.4917241379311,0.017241379310344827,0.034482758620689655,1,0.189373162371182
2026-08-01 19:00:00,SBI,CARD,42,1,737.3104761904763,0.0,0.023809523809523808,1,0.17611483485199703
2026-08-01 19:00:00,SBI,NETBANKING,14,2,848.0457142857142,0.14285714285714285,0.14285714285714285,1,0.08070552066398962
2026-08-01 19:00:00,SBI,UPI,97,3,961.5040206185568,0.010309278350515464,0.030927835051546393,1,0.17524664307867965
2026-08-01 20:00:00,AXIS,CARD,22,2,544.0413636363636,0.13636363636363635,0.09090909090909091,1,0.035732576256596205
2026-08-01 20:00:00,AXIS,NETBANKING,16,0,1276.925,0.0,0.0,1,0.15026178720466737
2026-08-01 20:00:00,AXIS,UPI,99,1,988.9173737373739,0.010101010101010102,0.010101010101010102,1,0.12994345988765826
2026-08-01 20:00:00,HDFC,CARD,41,4,900.2424390243903,0.0975609756097561,0.0975609756097561,1,0.14706898484100916
2026-08-01 20:00:00,HDFC,NETBANKING,23,2,849.8021739130435,0.0,0.08695652173913043,1,0.2071494677363946
2026-08-01 20:00:00,HDFC,UPI,106,8,900.0877358490567,0.03773584905660377,0.07547169811320754,1,0.17597191845971272
2026-08-01 20:00:00,ICICI,CARD,46,0,723.9097826086957,0.0,0.0,1,0.14646790361743928
2026-08-01 20:00:00,ICICI,NETBANKING,11,1,1535.6372727272728,0.0,0.09090909090909091,1,0.05628584981482809
2026-08-01 20:00:00,ICICI,UPI,115,7,1081.4434782608696,0.06086956521739131,0.06086956521739131,1,0.08355465503865389
2026-08-01 20:00:00,KOTAK,CARD,20,1,1415.573,0.0,0.05,1,0.110871346452937
2026-08-01 20:00:00,KOTAK,NETBANKING,7,1,973.8214285714286,0.0,0.14285714285714285,1,0.12039021253896692
2026-08-01 20:00:00,KOTAK,UPI,45,1,869.5311111111112,0.0,0.022222222222222223,1,0.20625792165206958
2026-08-01 20:00:00,SBI,CARD,34,1,1099.190294117647,0.029411764705882353,0.029411764705882353,1,0.1691236569994995
2026-08-01 20:00:00,SBI,NETBANKING,10,0,1070.25,0.0,0.0,1,0.2015847483566086
2026-08-01 20:00:00,SBI,UPI,111,7,953.2283783783785,0.018018018018018018,0.06306306306306306,1,0.16017572661237806
2026-08-01 21:00:00,AXIS,CARD,41,0,840.7834146341464,0.0,0.0,1,0.18406601771131698
2026-08-01 21:00:00,AXIS,NETBANKING,9,1,661.4155555555556,0.0,0.1111111111111111,1,0.1416465702248721
2026-08-01 21:00:00,AXIS,UPI,79,8,875.6818987341771,0.012658227848101266,0.10126582278481013,1,0.14757884731904314
2026-08-01 21:00:00,HDFC,CARD,46,5,698.835652173913,0.043478260869565216,0.10869565217391304,1,0.14576505128464
2026-08-01 21:00:00,HDFC,NETBANKING,16,0,1446.665625,0.0,0.0,1,0.09153024898329887
2026-08-01 21:00:00,HDFC,UPI,92,3,1066.8427173913044,0.03260869565217391,0.03260869565217391,1,0.13578154075200866
2026-08-01 21:00:00,ICICI,CARD,31,1,1001.1829032258064,0.03225806451612903,0.03225806451612903,1,0.19061900084797134
2026-08-01 21:00:00,ICICI,NETBANKING,20,3,862.327,0.05,0.15,1,0.13639657583160336
2026-08-01 21:00:00,ICICI,UPI,91,6,795.745054945055,0.04395604395604396,0.06593406593406594,1,0.15849637144675677
2026-08-01 21:00:00,KOTAK,CARD,20,0,881.4625,0.0,0.0,1,0.20827948054984413
2026-08-01 21:00:00,KOTAK,NETBANKING,10,0,872.9190000000001,0.0,0.0,1,0.21255854845577654
2026-08-01 21:00:00,KOTAK,UPI,58,8,964.4310344827586,0.06896551724137931,0.13793103448275862,1,0.10897915427095961
2026-08-01 21:00:00,SBI,CARD,46,3,921.815652173913,0.06521739130434782,0.06521739130434782,1,0.19663724700216811
2026-08-01 21:00:00,SBI,NETBANKING,13,1,636.9361538461538,0.15384615384615385,0.07692307692307693,1,0.04241092299292892
2026-08-01 21:00:00,SBI,UPI,122,10,973.4027868852459,0.040983606557377046,0.08196721311475409,1,0.10929403396258502
2026-08-01 22:00:00,AXIS,CARD,29,3,1039.8710344827587,0.034482758620689655,0.10344827586206896,1,0.175725182327658
2026-08-01 22:00:00,AXIS,NETBANKING,14,5,1036.7421428571429,0.14285714285714285,0.35714285714285715,-1,-0.04779908238209807
2026-08-01 22:00:00,AXIS,UPI,71,4,862.7721126760563,0.014084507042253521,0.056338028169014086,1,0.19014907351015287
2026-08-01 22:00:00,HDFC,CARD,44,5,847.8004545454546,0.06818181818181818,0.11363636363636363,1,0.1640052956718402
2026-08-01 22:00:00,HDFC,NETBANKING,10,1,920.8029999999999,0.1,0.1,1,0.127379898997679
2026-08-01 22:00:00,HDFC,UPI,113,4,820.8726548672566,0.035398230088495575,0.035398230088495575,1,0.12364232511534579
2026-08-01 22:00:00,ICICI,CARD,43,4,1043.5627906976742,0.023255813953488372,0.09302325581395349,1,0.18671483919830906
2026-08-01 22:00:00,ICICI,NETBANKING,13,1,976.5646153846154,0.15384615384615385,0.07692307692307693,1,0.079586295060461
2026-08-01 22:00:00,ICICI,UPI,106,7,835.2938679245283,0.02830188679245283,0.0660377358490566,1,0.16547409672376956
2026-08-01 22:00:00,KOTAK,CARD,22,2,914.9340909090909,0.045454545454545456,0.09090909090909091,1,0.19439481925575075
2026-08-01 22:00:00,KOTAK,NETBANKING,9,0,658.411111111111,0.0,0.0,1,0.1584120548566657
2026-08-01 22:00:00,KOTAK,UPI,68,5,964.7088235294117,0.0,0.07352941176470588,1,0.18240649102334033
2026-08-01 22:00:00,SBI,CARD,40,0,777.20625,0.0,0.0,1,0.17290078685795207
2026-08-01 22:00:00,SBI,NETBANKING,21,1,858.2366666666667,0.047619047619047616,0.047619047619047616,1,0.1795541372792538
2026-08-01 22:00:00,SBI,UPI,101,4,1069.4785148514852,0.0297029702970297,0.039603960396039604,1,0.13649420345760538
2026-08-01 23:00:00,AXIS,CARD,30,3,841.5806666666667,0.0,0.1,1,0.19283494872202794
2026-08-01 23:00:00,AXIS,NETBANKING,11,1,661.7145454545454,0.0,0.09090909090909091,1,0.16478361873181757
2026-08-01 23:00:00,AXIS,UPI,90,7,1176.1235555555554,0.07777777777777778,0.07777777777777778,1,0.08271800726876122
2026-08-01 23:00:00,HDFC,CARD,47,5,776.6882978723404,0.0425531914893617,0.10638297872340426,1,0.1710324711347213
2026-08-01 23:00:00,HDFC,NETBANKING,21,1,1217.3861904761904,0.0,0.047619047619047616,1,0.17560425838889193
2026-08-01 23:00:00,HDFC,UPI,93,2,913.5833333333334,0.021505376344086023,0.021505376344086023,1,0.16348990469755803
2026-08-01 23:00:00,ICICI,CARD,48,0,1009.7585416666666,0.0,0.0,1,0.16872230132389715
2026-08-01 23:00:00,ICICI,NETBANKING,12,1,875.1466666666666,0.0,0.08333333333333333,1,0.2138424092989945
2026-08-01 23:00:00,ICICI,UPI,107,8,936.0685981308411,0.009345794392523364,0.07476635514018691,1,0.1634887863909239
2026-08-01 23:00:00,KOTAK,CARD,29,0,692.1596551724139,0.0,0.0,1,0.15726533443590301
2026-08-01 23:00:00,KOTAK,NETBANKING,7,1,409.71,0.14285714285714285,0.14285714285714285,-1,-0.0324009057717185
2026-08-01 23:00:00,KOTAK,UPI,53,1,902.4026415094339,0.0,0.018867924528301886,1,0.19401328052366307
2026-08-01 23:00:00,SBI,CARD,49,0,865.5589795918368,0.0,0.0,1,0.17189429703042225
2026-08-01 23:00:00,SBI,NETBANKING,11,2,527.1618181818181,0.09090909090909091,0.18181818181818182,1,0.01329101277956013
2026-08-01 23:00:00,SBI,UPI,104,9,983.1022115384616,0.04807692307692308,0.08653846153846154,1,0.15648000100843318
2026-08-02 00:00:00,AXIS,CARD,34,2,1119.1085294117647,0.08823529411764706,0.058823529411764705,1,0.11022260555276958
2026-08-02 00:00:00,AXIS,NETBANKING,8,0,1000.6287500000001,0.0,0.0,1,0.19594543038106516
2026-08-02 00:00:00,AXIS,UPI,105,6,972.8024761904761,0.0761904761904762,0.05714285714285714,1,0.12073307507348358
2026-08-02 00:00:00,HDFC,CARD,50,4,1025.0847999999999,0.0,0.08,1,0.18121770881918337
2026-08-02 00:00:00,HDFC,NETBANKING,21,3,948.9923809523809,0.09523809523809523,0.14285714285714285,1,0.11495534232410337
2026-08-02 00:00:00,HDFC,UPI,119,8,874.4714285714286,0.01680672268907563,0.06722689075630252,1,0.1467227717661289
2026-08-02 00:00:00,ICICI,CARD,32,1,551.8734375,0.0,0.03125,1,0.09297761625107348
2026-08-02 00:00:00,ICICI,NETBANKING,15,3,873.4253333333332,0.06666666666666667,0.2,1,0.07557201028463101
2026-08-02 00:00:00,ICICI,UPI,93,7,931.4764516129032,0.03225806451612903,0.07526881720430108,1,0.18479540215929752
2026-08-02 00:00:00,KOTAK,CARD,29,2,1272.4624137931037,0.0,0.06896551724137931,1,0.15863057995183266
2026-08-02 00:00:00,KOTAK,NETBANKING,14,0,630.16,0.0,0.0,1,0.158048829371376
2026-08-02 00:00:00,KOTAK,UPI,49,2,1000.9269387755102,0.02040816326530612,0.04081632653061224,1,0.20332874043713012
2026-08-02 00:00:00,SBI,CARD,28,3,961.9800000000001,0.10714285714285714,0.10714285714285714,1,0.12404240076678491
2026-08-02 00:00:00,SBI,NETBANKING,17,0,1168.8411764705882,0.0,0.0,1,0.18114452054200197
2026-08-02 00:00:00,SBI,UPI,82,5,1135.7117073170732,0.06097560975609756,0.06097560975609756,1,0.12706269393371955
2026-08-02 01:00:00,AXIS,CARD,20,2,1011.742,0.0,0.1,1,0.18418599663497576
2026-08-02 01:00:00,AXIS,NETBANKING,7,1,891.2242857142857,0.0,0.14285714285714285,1,0.126032495809291
2026-08-02 01:00:00,AXIS,UPI,90,6,882.9833333333333,0.07777777777777778,0.06666666666666667,1,0.13548982422356898
2026-08-02 01:00:00,HDFC,CARD,46,2,930.9719565217391,0.043478260869565216,0.043478260869565216,1,0.20737598178211436
2026-08-02 01:00:00,HDFC,NETBANKING,14,0,1149.7764285714286,0.0,0.0,1,0.188205003097278
2026-08-02 01:00:00,HDFC,UPI,105,4,971.2902857142857,0.009523809523809525,0.0380952380952381,1,0.1660115084031708
2026-08-02 01:00:00,ICICI,CARD,45,3,992.3266666666666,0.0,0.06666666666666667,1,0.20954713022797838
2026-08-02 01:00:00,ICICI,NETBANKING,12,3,901.2433333333333,0.0,0.25,1,0.03702378014717389
2026-08-02 01:00:00,ICICI,UPI,106,5,884.9942452830188,0.02830188679245283,0.04716981132075472,1,0.17810223166149503
2026-08-02 01:00:00,KOTAK,CARD,24,0,799.0875,0.0,0.0,1,0.19709492354894698
2026-08-02 01:00:00,KOTAK,NETBANKING,8,0,616.15375,0.0,0.0,1,0.13869692565352087
2026-08-02 01:00:00,KOTAK,UPI,58,2,721.4753448275862,0.034482758620689655,0.034482758620689655,1,0.13067859964213235
2026-08-02 01:00:00,SBI,CARD,42,0,541.0890476190476,0.0,0.0,1,0.06883473530487871
2026-08-02 01:00:00,SBI,NETBANKING,15,1,942.0406666666667,0.06666666666666667,0.06666666666666667,1,0.17865804195121737
2026-08-02 01:00:00,SBI,UPI,94,7,845.3843617021278,0.0425531914893617,0.07446808510638298,1,0.17914937083080845
2026-08-02 02:00:00,AXIS,CARD,23,2,973.6726086956522,0.08695652173913043,0.08695652173913043,1,0.14433500457405163
2026-08-02 02:00:00,AXIS,NETBANKING,10,0,1100.108,0.0,0.0,1,0.19119283588772662
2026-08-02 02:00:00,AXIS,UPI,76,8,832.151447368421,0.039473684210526314,0.10526315789473684,1,0.15225202285338674
2026-08-02 02:00:00,HDFC,CARD,47,2,968.7382978723404,0.0425531914893617,0.0425531914893617,1,0.20599285578643528
2026-08-02 02:00:00,HDFC,NETBANKING,16,0,1031.215,0.0,0.0,1,0.20823664867943859
2026-08-02 02:00:00,HDFC,UPI,102,11,764.1266666666667,0.029411764705882353,0.10784313725490197,1,0.09690585422449038
2026-08-02 02:00:00,ICICI,CARD,33,0,978.6184848484849,0.0,0.0,1,0.19666296738274996
2026-08-02 02:00:00,ICICI,NETBANKING,11,0,1145.1981818181819,0.0,0.0,1,0.1824735002564088
2026-08-02 02:00:00,ICICI,UPI,107,8,891.6775700934579,0.018691588785046728,0.07476635514018691,1,0.17060928339756465
2026-08-02 02:00:00,KOTAK,CARD,25,1,1029.2828,0.04,0.04,1,0.18317532041045964
2026-08-02 02:00:00,KOTAK,NETBANKING,8,3,834.09875,0.125,0.375,-1,-0.045126574323291146
2026-08-02 02:00:00,KOTAK,UPI,45,1,777.9008888888889,0.022222222222222223,0.022222222222222223,1,0.1768852139504855
2026-08-02 02:00:00,SBI,CARD,44,4,936.2386363636364,0.022727272727272728,0.09090909090909091,1,0.18942406991119404
2026-08-02 02:00:00,SBI,NETBANKING,22,0,1241.7695454545456,0.0,0.0,1,0.14811105288838045
2026-08-02 02:00:00,SBI,UPI,100,10,1086.9043,0.02,0.1,1,0.10702571353238055
2026-08-02 03:00:00,AXIS,CARD,46,2,941.7869565217391,0.0,0.043478260869565216,1,0.2171647942693033
2026-08-02 03:00:00,AXIS,NETBANKING,13,0,847.3015384615385,0.0,0.0,1,0.20541699508889066
2026-08-02 03:00:00,AXIS,UPI,77,4,1077.1202597402596,0.025974025974025976,0.05194805194805195,1,0.1631429138264639
2026-08-02 03:00:00,HDFC,CARD,38,6,1011.2205263157894,0.10526315789473684,0.15789473684210525,1,0.08789205682335
2026-08-02 03:00:00,HDFC,NETBANKING,8,1,682.84375,0.0,0.125,1,0.1271988344171805
2026-08-02 03:00:00,HDFC,UPI,110,7,901.7102727272728,0.03636363636363636,0.06363636363636363,1,0.17660434500594552
2026-08-02 03:00:00,ICICI,CARD,35,2,936.6360000000001,0.0,0.05714285714285714,1,0.22124885983123427
2026-08-02 03:00:00,ICICI,NETBANKING,12,0,833.0116666666667,0.0,0.0,1,0.2110562412200261
2026-08-02 03:00:00,ICICI,UPI,109,3,883.3506422018348,0.0,0.027522935779816515,1,0.1393667747326952
2026-08-02 03:00:00,KOTAK,CARD,21,1,1288.394761904762,0.0,0.047619047619047616,1,0.1505916127959328
2026-08-02 03:00:00,KOTAK,NETBANKING,15,0,614.2273333333334,0.0,0.0,1,0.15486827298579864
2026-08-02 03:00:00,KOTAK,UPI,51,2,866.6143137254902,0.0,0.0392156862745098,1,0.20762374470012512
2026-08-02 03:00:00,SBI,CARD,39,2,773.6894871794872,0.0,0.05128205128205128,1,0.2097265927852222
2026-08-02 03:00:00,SBI,NETBANKING,16,1,1517.85625,0.0625,0.0625,1,0.04851612356051238
2026-08-02 03:00:00,SBI,UPI,126,12,883.9403174603174,0.03968253968253968,0.09523809523809523,1,0.07600183269318106
2026-08-02 04:00:00,AXIS,CARD,34,3,905.650294117647,0.0,0.08823529411764706,1,0.21080792807336035
2026-08-02 04:00:00,AXIS,NETBANKING,13,2,958.3084615384615,0.07692307692307693,0.15384615384615385,1,0.11336677736414086
2026-08-02 04:00:00,AXIS,UPI,85,4,838.4249411764705,0.023529411764705882,0.047058823529411764,1,0.1798152722802649
2026-08-02 04:00:00,HDFC,CARD,43,2,857.9402325581395,0.0,0.046511627906976744,1,0.21546596267093443
2026-08-02 04:00:00,HDFC,NETBANKING,17,0,693.6470588235294,0.0,0.0,1,0.18140338953484303
2026-08-02 04:00:00,HDFC,UPI,121,5,974.9071074380165,0.024793388429752067,0.04132231404958678,1,0.12401723531695186
2026-08-02 04:00:00,ICICI,CARD,42,1,863.6807142857142,0.0,0.023809523809523808,1,0.2105778817070384
2026-08-02 04:00:00,ICICI,NETBANKING,17,1,978.5482352941176,0.0,0.058823529411764705,1,0.22407260154574554
2026-08-02 04:00:00,ICICI,UPI,109,3,876.0246788990826,0.0,0.027522935779816515,1,0.13842796894335563
2026-08-02 04:00:00,KOTAK,CARD,22,2,786.4727272727273,0.045454545454545456,0.09090909090909091,1,0.18497927026247218
2026-08-02 04:00:00,KOTAK,NETBANKING,7,1,1097.4814285714288,0.14285714285714285,0.14285714285714285,1,0.04271002448913941
2026-08-02 04:00:00,KOTAK,UPI,59,2,1103.9201694915255,0.03389830508474576,0.03389830508474576,1,0.15432525876052444
2026-08-02 04:00:00,SBI,CARD,32,2,1001.066875,0.0,0.0625,1,0.22294404524738587
2026-08-02 04:00:00,SBI,NETBANKING,15,0,1064.2373333333333,0.0,0.0,1,0.20909807836321853
2026-08-02 04:00:00,SBI,UPI,116,6,1014.8294827586207,0.008620689655172414,0.05172413793103448,1,0.12610998278606161
2026-08-02 05:00:00,AXIS,CARD,30,1,914.1273333333334,0.03333333333333333,0.03333333333333333,1,0.19041122438058122
2026-08-02 05:00:00,AXIS,NETBANKING,11,1,837.1854545454545,0.0,0.09090909090909091,1,0.1992161547377151
2026-08-02 05:00:00,AXIS,UPI,89,7,839.5820224719101,0.056179775280898875,0.07865168539325842,1,0.16854555803391763
2026-08-02 05:00:00,HDFC,CARD,47,4,902.9027659574468,0.02127659574468085,0.0851063829787234,1,0.2008512799807206
2026-08-02 05:00:00,HDFC,NETBANKING,18,0,721.7744444444445,0.0,0.0,1,0.18598841243908626
2026-08-02 05:00:00,HDFC,UPI,102,7,816.4625490196078,0.049019607843137254,0.06862745098039216,1,0.15301624093557453
2026-08-02 05:00:00,ICICI,CARD,36,1,846.2841666666667,0.0,0.027777777777777776,1,0.21202084304402846
2026-08-02 05:00:00,ICICI,NETBANKING,22,3,677.0236363636363,0.09090909090909091,0.13636363636363635,1,0.07934593803864376
2026-08-02 05:00:00,ICICI,UPI,102,5,933.1312745098039,0.00980392156862745,0.049019607843137254,1,0.17742912526031712
2026-08-02 05:00:00,KOTAK,CARD,20,2,889.7594999999999,0.0,0.1,1,0.19490478268793587
2026-08-02 05:00:00,KOTAK,NETBANKING,8,0,1074.58,0.0,0.0,1,0.18733158613443074
2026-08-02 05:00:00,KOTAK,UPI,69,1,935.0485507246376,0.028985507246376812,0.014492753623188406,1,0.15710783170926212
2026-08-02 05:00:00,SBI,CARD,39,2,784.4346153846154,0.0,0.05128205128205128,1,0.21134724325429843
2026-08-02 05:00:00,SBI,NETBANKING,14,0,685.0442857142856,0.0,0.0,1,0.18248958618708827
2026-08-02 05:00:00,SBI,UPI,122,7,1006.1761475409836,0.040983606557377046,0.05737704918032787,1,0.10353452441225441
2026-08-02 06:00:00,AXIS,CARD,28,3,1161.0557142857142,0.10714285714285714,0.10714285714285714,1,0.08280151747644271
2026-08-02 06:00:00,AXIS,NETBANKING,12,1,823.0716666666667,0.0,0.08333333333333333,1,0.2093815463778445
2026-08-02 06:00:00,AXIS,UPI,82,4,867.4265853658536,0.012195121951219513,0.04878048780487805,1,0.18958035459907063
2026-08-02 06:00:00,HDFC,CARD,41,1,904.5273170731708,0.0,0.024390243902439025,1,0.21845101377817722
2026-08-02 06:00:00,HDFC,NETBANKING,11,2,1192.0036363636364,0.18181818181818182,0.18181818181818182,-1,-0.009733706128074449
2026-08-02 06:00:00,HDFC,UPI,123,13,967.8339024390244,0.032520325203252036,0.10569105691056911,1,0.07181190032533247
2026-08-02 06:00:00,ICICI,CARD,32,1,1136.0534375,0.03125,0.03125,1,0.1589584864635345
2026-08-02 06:00:00,ICICI,NETBANKING,16,0,803.190625,0.0,0.0,1,0.20572493117474422
2026-08-02 06:00:00,ICICI,UPI,99,5,1049.531212121212,0.010101010101010102,0.050505050505050504,1,0.15305226133601674
2026-08-02 06:00:00,KOTAK,CARD,16,1,920.7125,0.0,0.0625,1,0.2265325025175583
2026-08-02 06:00:00,KOTAK,NETBANKING,11,0,580.69,0.0,0.0,1,0.13199680527786561
2026-08-02 06:00:00,KOTAK,UPI,62,5,923.4680645161291,0.06451612903225806,0.08064516129032258,1,0.16932203591291245
2026-08-02 06:00:00,SBI,CARD,53,4,775.9177358490566,0.03773584905660377,0.07547169811320754,1,0.17065797454842718
2026-08-02 06:00:00,SBI,NETBANKING,17,1,1112.550588235294,0.0,0.058823529411764705,1,0.1987465228090718
2026-08-02 06:00:00,SBI,UPI,120,12,909.8566666666667,0.03333333333333333,0.1,1,0.09526430022915544
2026-08-02 07:00:00,AXIS,CARD,34,3,666.0002941176471,0.08823529411764706,0.08823529411764706,1,0.10045900521383277
2026-08-02 07:00:00,AXIS,NETBANKING,10,0,822.155,0.0,0.0,1,0.2096344360399549
2026-08-02 07:00:00,AXIS,UPI,80,13,974.390375,0.1,0.1625,1,0.05293815678365099
2026-08-02 07:00:00,HDFC,CARD,45,4,702.09,0.044444444444444446,0.08888888888888889,1,0.15865781963145514
2026-08-02 07:00:00,HDFC,NETBANKING,15,1,834.0893333333333,0.0,0.06666666666666667,1,0.22092937821586472
2026-08-02 07:00:00,HDFC,UPI,117,6,845.1336752136752,0.042735042735042736,0.05128205128205128,1,0.13239373401647586
2026-08-02 07:00:00,ICICI,CARD,52,5,998.2690384615385,0.057692307692307696,0.09615384615384616,1,0.18058691277919237
2026-08-02 07:00:00,ICICI,NETBANKING,23,1,1026.8765217391303,0.043478260869565216,0.043478260869565216,1,0.18543226959942483
2026-08-02 07:00:00,ICICI,UPI,107,8,923.693831775701,0.08411214953271028,0.07476635514018691,1,0.11129205089252203
2026-08-02 07:00:00,KOTAK,CARD,23,0,767.2173913043479,0.0,0.0,1,0.1938548367646714
2026-08-02 07:00:00,KOTAK,NETBANKING,7,0,974.5485714285714,0.0,0.0,1,0.193768159131056
2026-08-02 07:00:00,KOTAK,UPI,55,6,991.2587272727274,0.01818181818181818,0.10909090909090909,1,0.1571986989830897
2026-08-02 07:00:00,SBI,CARD,31,4,831.294193548387,0.03225806451612903,0.12903225806451613,1,0.16282578294742228
2026-08-02 07:00:00,SBI,NETBANKING,20,2,626.9385,0.0,0.1,1,0.1356696894684657
2026-08-02 07:00:00,SBI,UPI,105,7,927.5651428571429,0.01904761904761905,0.06666666666666667,1,0.17708426297639313
2026-08-02 08:00:00,AXIS,CARD,21,1,948.8461904761905,0.047619047619047616,0.047619047619047616,1,0.18081691005267858
2026-08-02 08:00:00,AXIS,NETBANKING,12,1,573.5575,0.0,0.08333333333333333,1,0.1418375673658152
2026-08-02 08:00:00,AXIS,UPI,78,3,916.6342307692308,0.05128205128205128,0.038461538461538464,1,0.17827588663158433
2026-08-02 08:00:00,HDFC,CARD,41,2,926.3865853658536,0.0,0.04878048780487805,1,0.22226021025063686
2026-08-02 08:00:00,HDFC,NETBANKING,14,1,977.28,0.0,0.07142857142857142,1,0.22108957434888765
2026-08-02 08:00:00,HDFC,UPI,105,3,1029.9092380952382,0.0,0.02857142857142857,1,0.13619217597017663
2026-08-02 08:00:00,ICICI,CARD,42,1,902.5554761904763,0.0,0.023809523809523808,1,0.21567394347227226
2026-08-02 08:00:00,ICICI,NETBANKING,18,1,1286.8583333333333,0.0,0.05555555555555555,1,0.1611890536788937
2026-08-02 08:00:00,ICICI,UPI,113,8,817.7880530973451,0.05309734513274336,0.07079646017699115,1,0.1307337421323792
2026-08-02 08:00:00,KOTAK,CARD,20,3,873.9945,0.1,0.15,1,0.10871506592446462
2026-08-02 08:00:00,KOTAK,NETBANKING,13,1,981.9361538461538,0.0,0.07692307692307693,1,0.21305550953356056
2026-08-02 08:00:00,KOTAK,UPI,47,1,738.8491489361703,0.02127659574468085,0.02127659574468085,1,0.1578131013388122
2026-08-02 08:00:00,SBI,CARD,50,3,950.5936,0.06,0.06,1,0.19178026938900483
2026-08-02 08:00:00,SBI,NETBANKING,13,2,897.7776923076924,0.15384615384615385,0.15384615384615385,1,0.05819653022570215
2026-08-02 08:00:00,SBI,UPI,104,2,964.3107692307693,0.009615384615384616,0.019230769230769232,1,0.14681931097933776
2026-08-02 09:00:00,AXIS,CARD,37,1,862.2794594594594,0.0,0.02702702702702703,1,0.2155509085428181
2026-08-02 09:00:00,AXIS,NETBANKING,8,0,1026.73,0.0,0.0,1,0.19195894917051437
2026-08-02 09:00:00,AXIS,UPI,79,4,955.8312658227848,0.012658227848101266,0.05063291139240506,1,0.18933301702650246
2026-08-02 09:00:00,HDFC,CARD,36,4,1025.7527777777777,0.08333333333333333,0.1111111111111111,1,0.14448918463486005
2026-08-02 09:00:00,HDFC,NETBANKING,17,1,799.1099999999999,0.0,0.058823529411764705,1,0.21670975365284112
2026-08-02 09:00:00,HDFC,UPI,117,8,1006.2676068376068,0.017094017094017096,0.06837606837606838,1,0.13048384259609375
2026-08-02 09:00:00,ICICI,CARD,38,3,843.845,0.0,0.07894736842105263,1,0.20979253553107657
2026-08-02 09:00:00,ICICI,NETBANKING,15,2,844.6113333333334,0.06666666666666667,0.13333333333333333,1,0.14247136355878093
2026-08-02 09:00:00,ICICI,UPI,106,10,896.4480188679246,0.07547169811320754,0.09433962264150944,1,0.11126640596793047
2026-08-02 09:00:00,KOTAK,CARD,21,1,1133.3433333333332,0.0,0.047619047619047616,1,0.18822987473694708
2026-08-02 09:00:00,KOTAK,NETBANKING,7,1,1025.8414285714284,0.14285714285714285,0.14285714285714285,1,0.0558217967422292
2026-08-02 09:00:00,KOTAK,UPI,57,2,882.9198245614035,0.0,0.03508771929824561,1,0.19203447614772395
2026-08-02 09:00:00,SBI,CARD,44,3,799.4599999999999,0.022727272727272728,0.06818181818181818,1,0.1960055982097912
2026-08-02 09:00:00,SBI,NETBANKING,9,1,579.6177777777777,0.1111111111111111,0.1111111111111111,1,0.06068455028630004
2026-08-02 09:00:00,SBI,UPI,107,11,1061.3259813084112,0.04672897196261682,0.102803738317757,1,0.10518808514804912
2026-08-02 10:00:00,AXIS,CARD,30,3,1116.9530000000002,0.03333333333333333,0.1,1,0.16294768886023892
2026-08-02 10:00:00,AXIS,NETBANKING,5,0,906.192,0.0,0.0,1,0.1775950885001043
2026-08-02 10:00:00,AXIS,UPI,82,5,1203.9689024390243,0.024390243902439025,0.06097560975609756,1,0.1321759415312294
2026-08-02 10:00:00,HDFC,CARD,32,2,901.263125,0.0625,0.0625,1,0.1941751518069605
2026-08-02 10:00:00,HDFC,NETBANKING,33,2,806.0575757575758,0.030303030303030304,0.06060606060606061,1,0.20450877494388114
2026-08-02 10:00:00,HDFC,UPI,98,6,953.979693877551,0.05102040816326531,0.061224489795918366,1,0.175507466281891
2026-08-02 10:00:00,ICICI,CARD,38,0,805.0578947368422,0.0,0.0,1,0.17714620871051584
2026-08-02 10:00:00,ICICI,NETBANKING,5,0,1522.574,0.0,0.0,1,0.041538141294167774
2026-08-02 10:00:00,ICICI,UPI,96,5,1024.3572916666667,0.010416666666666666,0.052083333333333336,1,0.16925074105283983
2026-08-02 10:00:00,KOTAK,CARD,28,0,635.5285714285714,0.0,0.0,1,0.13238115760912478
2026-08-02 10:00:00,KOTAK,NETBANKING,7,0,1281.0571428571427,0.0,0.0,1,0.13175805833709225
2026-08-02 10:00:00,KOTAK,UPI,48,4,995.5858333333334,0.041666666666666664,0.08333333333333333,1,0.19842874975043823
2026-08-02 10:00:00,SBI,CARD,34,2,844.9117647058823,0.058823529411764705,0.058823529411764705,1,0.19632816256448404
2026-08-02 10:00:00,SBI,NETBANKING,16,1,569.495,0.0,0.0625,1,0.14442331277329928
2026-08-02 10:00:00,SBI,UPI,113,8,915.69,0.05309734513274336,0.07079646017699115,1,0.14784828150330692
2026-08-02 11:00:00,AXIS,CARD,24,0,865.1037500000001,0.0,0.0,1,0.20515059335703467
2026-08-02 11:00:00,AXIS,NETBANKING,12,0,794.0749999999999,0.0,0.0,1,0.2089639814159564
2026-08-02 11:00:00,AXIS,UPI,68,7,737.0551470588235,0.07352941176470588,0.10294117647058823,1,0.09708635466212312
2026-08-02 11:00:00,HDFC,CARD,46,2,885.0473913043478,0.021739130434782608,0.043478260869565216,1,0.20877006757575806
2026-08-02 11:00:00,HDFC,NETBANKING,12,2,1548.5,0.0,0.16666666666666666,-1,-0.008120073565405783
2026-08-02 11:00:00,HDFC,UPI,122,5,856.6024590163935,0.02459016393442623,0.040983606557377046,1,0.1227422561207227
2026-08-02 11:00:00,ICICI,CARD,38,2,869.1210526315789,0.07894736842105263,0.05263157894736842,1,0.16418960879665012
2026-08-02 11:00:00,ICICI,NETBANKING,11,0,822.4236363636363,0.0,0.0,1,0.21104609260508417
2026-08-02 11:00:00,ICICI,UPI,97,9,929.7980412371135,0.061855670103092786,0.09278350515463918,1,0.14747261517214794
2026-08-02 11:00:00,KOTAK,CARD,34,0,834.3585294117647,0.0,0.0,1,0.19006455145925222
2026-08-02 11:00:00,KOTAK,NETBANKING,5,0,1576.958,0.0,0.0,1,0.027614085430376245
2026-08-02 11:00:00,KOTAK,UPI,45,3,824.8344444444443,0.0,0.06666666666666667,1,0.2027624352215992
2026-08-02 11:00:00,SBI,CARD,42,3,1187.2385714285713,0.023809523809523808,0.07142857142857142,1,0.1674852761575552
2026-08-02 11:00:00,SBI,NETBANKING,7,0,1128.4614285714285,0.0,0.0,1,0.17061520072664887
2026-08-02 11:00:00,SBI,UPI,104,6,915.4375961538461,0.038461538461538464,0.057692307692307696,1,0.17981268342611206
2026-08-02 12:00:00,AXIS,CARD,27,0,970.7892592592593,0.0,0.0,1,0.19756797363398415
2026-08-02 12:00:00,AXIS,NETBANKING,17,2,755.54,0.058823529411764705,0.11764705882352941,1,0.15729867130958253
2026-08-02 12:00:00,AXIS,UPI,88,5,898.5292045454546,0.03409090909090909,0.056818181818181816,1,0.1936596085666628
2026-08-02 12:00:00,HDFC,CARD,48,4,1005.611875,0.10416666666666667,0.08333333333333333,1,0.12606487561423585
2026-08-02 12:00:00,HDFC,NETBANKING,11,1,1625.8354545454545,0.09090909090909091,0.09090909090909091,-1,-0.020094081919125206
2026-08-02 12:00:00,HDFC,UPI,115,11,971.929304347826,0.034782608695652174,0.09565217391304348,1,0.12288274215834899
2026-08-02 12:00:00,ICICI,CARD,38,2,884.7876315789474,0.02631578947368421,0.05263157894736842,1,0.21203715674516171
2026-08-02 12:00:00,ICICI,NETBANKING,26,1,770.5653846153847,0.0,0.038461538461538464,1,0.2049346983032685
2026-08-02 12:00:00,ICICI,UPI,97,5,784.5465979381444,0.020618556701030927,0.05154639175257732,1,0.15763992254724019
2026-08-02 12:00:00,KOTAK,CARD,17,1,742.5047058823529,0.0,0.058823529411764705,1,0.20596867564372107
2026-08-02 12:00:00,KOTAK,NETBANKING,9,0,688.411111111111,0.0,0.0,1,0.17192557998589986
2026-08-02 12:00:00,KOTAK,UPI,44,2,1126.6943181818183,0.045454545454545456,0.045454545454545456,1,0.15972419782504843
2026-08-02 12:00:00,SBI,CARD,42,1,971.3069047619048,0.0,0.023809523809523808,1,0.21071432089069647
2026-08-02 12:00:00,SBI,NETBANKING,14,0,520.5264285714286,0.0,0.0,1,0.11045024642397777
2026-08-02 12:00:00,SBI,UPI,112,4,977.8575,0.008928571428571428,0.03571428571428571,1,0.1371601364868011
2026-08-02 13:00:00,AXIS,CARD,37,1,987.5102702702702,0.05405405405405406,0.02702702702702703,1,0.17573995442862278
2026-08-02 13:00:00,AXIS,NETBANKING,9,2,1013.23,0.3333333333333333,0.2222222222222222,-1,-0.09396614296680128
2026-08-02 13:00:00,AXIS,UPI,74,5,917.4348648648647,0.02702702702702703,0.06756756756756757,1,0.19020715482380013
2026-08-02 13:00:00,HDFC,CARD,43,4,832.5030232558139,0.046511627906976744,0.09302325581395349,1,0.19134305136168023
2026-08-02 13:00:00,HDFC,NETBANKING,8,0,505.4875,0.0,0.0,1,0.08794195110490244
2026-08-02 13:00:00,HDFC,UPI,118,2,789.2676271186441,0.01694915254237288,0.01694915254237288,1,0.09661151900059939
2026-08-02 13:00:00,ICICI,CARD,34,3,952.5979411764706,0.058823529411764705,0.08823529411764706,1,0.19087985555577014
2026-08-02 13:00:00,ICICI,NETBANKING,17,0,1182.6088235294117,0.0,0.0,1,0.17772991486790918
2026-08-02 13:00:00,ICICI,UPI,107,7,982.8096261682243,0.009345794392523364,0.06542056074766354,1,0.16254145308449863
2026-08-02 13:00:00,KOTAK,CARD,17,1,566.3323529411764,0.058823529411764705,0.058823529411764705,1,0.10639895982712722
2026-08-02 13:00:00,KOTAK,NETBANKING,13,0,513.1076923076923,0.0,0.0,1,0.10260481654840015
2026-08-02 13:00:00,KOTAK,UPI,52,2,937.9207692307692,0.019230769230769232,0.038461538461538464,1,0.2037821352608486
2026-08-02 13:00:00,SBI,CARD,31,1,757.7674193548387,0.0,0.03225806451612903,1,0.1904524365119099
2026-08-02 13:00:00,SBI,NETBANKING,15,2,760.178,0.06666666666666667,0.13333333333333333,1,0.1353592914682315
2026-08-02 13:00:00,SBI,UPI,111,4,851.4782882882882,0.018018018018018018,0.036036036036036036,1,0.14833620929513303
2026-08-02 14:00:00,AXIS,CARD,31,1,1251.935806451613,0.03225806451612903,0.03225806451612903,1,0.12235737028110139
2026-08-02 14:00:00,AXIS,NETBANKING,8,0,771.27,0.0,0.0,1,0.19010990449251874
2026-08-02 14:00:00,AXIS,UPI,102,6,861.9193137254903,0.0196078431372549,0.058823529411764705,1,0.18409312783197024
2026-08-02 14:00:00,HDFC,CARD,41,2,881.3768292682926,0.04878048780487805,0.04878048780487805,1,0.1941552202763247
2026-08-02 14:00:00,HDFC,NETBANKING,14,2,827.8064285714287,0.0,0.14285714285714285,1,0.14859738983937715
2026-08-02 14:00:00,HDFC,UPI,93,2,862.2355913978495,0.03225806451612903,0.021505376344086023,1,0.15091875343961175
2026-08-02 14:00:00,ICICI,CARD,39,2,764.4574358974359,0.0,0.05128205128205128,1,0.2026656353357703
2026-08-02 14:00:00,ICICI,NETBANKING,15,2,764.3973333333334,0.0,0.13333333333333333,1,0.15117907930272384
2026-08-02 14:00:00,ICICI,UPI,107,8,942.7193457943926,0.028037383177570093,0.07476635514018691,1,0.1742547091603176
2026-08-02 14:00:00,KOTAK,CARD,26,3,764.8199999999999,0.07692307692307693,0.11538461538461539,1,0.14172817942351218
2026-08-02 14:00:00,KOTAK,NETBANKING,9,1,897.291111111111,0.1111111111111111,0.1111111111111111,1,0.11534026131828162
2026-08-02 14:00:00,KOTAK,UPI,50,2,810.4472000000001,0.0,0.04,1,0.197451129830909
2026-08-02 14:00:00,SBI,CARD,47,4,998.768085106383,0.06382978723404255,0.0851063829787234,1,0.18582088081174675
2026-08-02 14:00:00,SBI,NETBANKING,17,0,1149.411176470588,0.0,0.0,1,0.18221267233487493
2026-08-02 14:00:00,SBI,UPI,107,5,1030.3456074766355,0.018691588785046728,0.04672897196261682,1,0.1470799022262801
2026-08-02 15:00:00,AXIS,CARD,26,1,778.6288461538461,0.038461538461538464,0.038461538461538464,1,0.17734239387404394
2026-08-02 15:00:00,AXIS,NETBANKING,11,0,830.4363636363636,0.0,0.0,1,0.20894248439823665
2026-08-02 15:00:00,AXIS,UPI,83,7,1091.0077108433734,0.024096385542168676,0.08433734939759036,1,0.15406507186212576
2026-08-02 15:00:00,HDFC,CARD,39,0,1021.0138461538462,0.0,0.0,1,0.18403343075377016
2026-08-02 15:00:00,HDFC,NETBANKING,20,0,1129.8045,0.0,0.0,1,0.1825389433873693
2026-08-02 15:00:00,HDFC,UPI,115,5,1025.684695652174,0.017391304347826087,0.043478260869565216,1,0.132508867306804
2026-08-02 15:00:00,ICICI,CARD,47,4,1042.5136170212766,0.06382978723404255,0.0851063829787234,1,0.17885740464853855
2026-08-02 15:00:00,ICICI,NETBANKING,15,1,774.0519999999999,0.06666666666666667,0.06666666666666667,1,0.16454967476336402
2026-08-02 15:00:00,ICICI,UPI,85,11,944.8044705882354,0.023529411764705882,0.12941176470588237,1,0.1270359870481531
2026-08-02 15:00:00,KOTAK,CARD,24,1,907.4558333333333,0.0,0.041666666666666664,1,0.22455526776059093
2026-08-02 15:00:00,KOTAK,NETBANKING,8,0,684.04625,0.0,0.0,1,0.16317308924349005
2026-08-02 15:00:00,KOTAK,UPI,51,3,1024.4343137254903,0.0,0.058823529411764705,1,0.1928255033482394
2026-08-02 15:00:00,SBI,CARD,49,2,861.7255102040817,0.0,0.04081632653061224,1,0.21250364252097959
2026-08-02 15:00:00,SBI,NETBANKING,12,1,922.6666666666666,0.08333333333333333,0.08333333333333333,1,0.14615195592021824
2026-08-02 15:00:00,SBI,UPI,102,6,856.751568627451,0.0196078431372549,0.058823529411764705,1,0.18409312783197024
2026-08-02 16:00:00,AXIS,CARD,36,5,854.6411111111112,0.1111111111111111,0.1388888888888889,1,0.09808401969219172
2026-08-02 16:00:00,AXIS,NETBANKING,14,2,809.6592857142857,0.14285714285714285,0.14285714285714285,1,0.07903440532218697
2026-08-02 16:00:00,AXIS,UPI,85,2,927.252,0.011764705882352941,0.023529411764705882,1,0.17052900504987478
2026-08-02 16:00:00,HDFC,CARD,59,4,982.9523728813559,0.01694915254237288,0.06779661016949153,1,0.19218810817033716
2026-08-02 16:00:00,HDFC,NETBANKING,16,1,983.0175,0.0,0.0625,1,0.22519662701719845
2026-08-02 16:00:00,HDFC,UPI,91,2,840.217032967033,0.02197802197802198,0.02197802197802198,1,0.15400694448264945
2026-08-02 16:00:00,ICICI,CARD,44,3,912.2104545454546,0.022727272727272728,0.06818181818181818,1,0.2125679802175675
2026-08-02 16:00:00,ICICI,NETBANKING,18,0,728.0566666666667,0.0,0.0,1,0.1875648063560803
2026-08-02 16:00:00,ICICI,UPI,118,4,1046.3205084745764,0.025423728813559324,0.03389830508474576,1,0.098636559412704
2026-08-02 16:00:00,KOTAK,CARD,11,0,823.4281818181818,0.0,0.0,1,0.21104609260508417
2026-08-02 16:00:00,KOTAK,NETBANKING,8,0,674.89625,0.0,0.0,1,0.1610395521434047
2026-08-02 16:00:00,KOTAK,UPI,44,5,1081.3161363636364,0.045454545454545456,0.11363636363636363,1,0.14932142363719209
2026-08-02 16:00:00,SBI,CARD,40,2,765.6005,0.025,0.05,1,0.188703184450991
2026-08-02 16:00:00,SBI,NETBANKING,12,0,921.5825,0.0,0.0,1,0.2170585322593636
2026-08-02 16:00:00,SBI,UPI,117,3,879.061623931624,0.02564102564102564,0.02564102564102564,1,0.12093117864508646
2026-08-02 17:00:00,AXIS,CARD,31,2,959.0177419354839,0.03225806451612903,0.06451612903225806,1,0.211206265546021
2026-08-02 17:00:00,AXIS,NETBANKING,14,1,1368.6671428571428,0.0,0.07142857142857142,1,0.126594190780277
2026-08-02 17:00:00,AXIS,UPI,85,6,906.6203529411764,0.03529411764705882,0.07058823529411765,1,0.18769531068850137
2026-08-02 17:00:00,HDFC,CARD,41,3,1172.0068292682927,0.04878048780487805,0.07317073170731707,1,0.16508896883953877
2026-08-02 17:00:00,HDFC,NETBANKING,19,0,766.2405263157895,0.0,0.0,1,0.19507579927872326
2026-08-02 17:00:00,HDFC,UPI,120,9,886.3148333333334,0.06666666666666667,0.075,1,0.0937013168227212
2026-08-02 17:00:00,ICICI,CARD,38,2,1318.3255263157896,0.02631578947368421,0.05263157894736842,1,0.12137548803755549
2026-08-02 17:00:00,ICICI,NETBANKING,11,0,1116.75,0.0,0.0,1,0.19186001119736018
2026-08-02 17:00:00,ICICI,UPI,91,5,979.732967032967,0.03296703296703297,0.054945054945054944,1,0.18990596863241882
2026-08-02 17:00:00,KOTAK,CARD,21,1,863.4852380952382,0.0,0.047619047619047616,1,0.2215169184851003
2026-08-02 17:00:00,KOTAK,NETBANKING,9,0,888.8733333333333,0.0,0.0,1,0.20608025048053913
2026-08-02 17:00:00,KOTAK,UPI,58,5,727.9287931034484,0.017241379310344827,0.08620689655172414,1,0.13802673611069388
2026-08-02 17:00:00,SBI,CARD,51,3,956.265294117647,0.0196078431372549,0.058823529411764705,1,0.20351355144236594
2026-08-02 17:00:00,SBI,NETBANKING,6,1,699.5733333333334,0.0,0.16666666666666666,1,0.08182323367215605
2026-08-02 17:00:00,SBI,UPI,115,9,913.2086956521739,0.02608695652173913,0.0782608695652174,1,0.14889926114495167
2026-08-02 18:00:00,AXIS,CARD,28,2,989.6800000000001,0.03571428571428571,0.07142857142857142,1,0.2037286494041038
2026-08-02 18:00:00,AXIS,NETBANKING,10,0,730.54,0.0,0.0,1,0.19075844421725535
2026-08-02 18:00:00,AXIS,UPI,76,9,740.7944736842105,0.06578947368421052,0.11842105263157894,1,0.08479234736152963
2026-08-02 18:00:00,HDFC,CARD,41,2,733.2565853658537,0.024390243902439025,0.04878048780487805,1,0.17567641362907765
2026-08-02 18:00:00,HDFC,NETBANKING,27,3,1275.5181481481482,0.037037037037037035,0.1111111111111111,1,0.1012523248264603
2026-08-02 18:00:00,HDFC,UPI,111,5,913.0245945945945,0.02702702702702703,0.04504504504504504,1,0.16006960995178393
2026-08-02 18:00:00,ICICI,CARD,41,3,802.3909756097561,0.024390243902439025,0.07317073170731707,1,0.20052337492201266
2026-08-02 18:00:00,ICICI,NETBANKING,7,0,992.78,0.0,0.0,1,0.19475280262951367
2026-08-02 18:00:00,ICICI,UPI,86,6,915.9250000000001,0.03488372093023256,0.06976744186046512,1,0.18838085299506202
2026-08-02 18:00:00,KOTAK,CARD,19,1,706.1352631578948,0.05263157894736842,0.05263157894736842,1,0.1603466931829216
2026-08-02 18:00:00,KOTAK,NETBANKING,11,1,682.9627272727273,0.09090909090909091,0.09090909090909091,1,0.1077774956430455
2026-08-02 18:00:00,KOTAK,UPI,53,3,695.1867924528302,0.05660377358490566,0.05660377358490566,1,0.1411240330904019
2026-08-02 18:00:00,SBI,CARD,41,3,889.6848780487805,0.0,0.07317073170731707,1,0.21857082890187246
2026-08-02 18:00:00,SBI,NETBANKING,14,0,1089.2964285714286,0.0,0.0,1,0.20235665933218183
2026-08-02 18:00:00,SBI,UPI,98,8,981.7950000000001,0.061224489795918366,0.08163265306122448,1,0.15001036325973427
2026-08-02 19:00:00,AXIS,CARD,35,5,1103.3317142857143,0.0,0.14285714285714285,1,0.11776936480538835
2026-08-02 19:00:00,AXIS,NETBANKING,13,0,1251.0284615384614,0.0,0.0,1,0.15952145595469097
2026-08-02 19:00:00,AXIS,UPI,90,4,1031.4305555555557,0.044444444444444446,0.044444444444444446,1,0.1671608675478778
2026-08-02 19:00:00,HDFC,CARD,45,5,939.4428888888889,0.08888888888888889,0.1111111111111111,1,0.1389371375480009
2026-08-02 19:00:00,HDFC,NETBANKING,19,1,970.7042105263158,0.0,0.05263157894736842,1,0.22416753480228713
2026-08-02 19:00:00,HDFC,UPI,106,8,1017.1942452830189,0.04716981132075472,0.07547169811320754,1,0.15124283574762892
2026-08-02 19:00:00,ICICI,CARD,29,1,662.7989655172414,0.0,0.034482758620689655,1,0.15034814531948348
2026-08-02 19:00:00,ICICI,NETBANKING,11,0,825.2909090909092,0.0,0.0,1,0.21104609260508417
2026-08-02 19:00:00,ICICI,UPI,98,4,838.9767346938776,0.05102040816326531,0.04081632653061224,1,0.15619657287660443
2026-08-02 19:00:00,KOTAK,CARD,20,0,1052.3780000000002,0.0,0.0,1,0.19806762792113364
2026-08-02 19:00:00,KOTAK,NETBANKING,8,0,688.0425,0.0,0.0,1,0.16624425557659317
2026-08-02 19:00:00,KOTAK,UPI,43,0,834.9511627906977,0.0,0.0,1,0.1761184019226152
2026-08-02 19:00:00,SBI,CARD,33,4,1046.3545454545454,0.030303030303030304,0.12121212121212122,1,0.1586434656458257
2026-08-02 19:00:00,SBI,NETBANKING,11,0,596.0109090909091,0.0,0.0,1,0.13869054968455707
2026-08-02 19:00:00,SBI,UPI,111,9,920.0273873873873,0.07207207207207207,0.08108108108108109,1,0.10907719529163379
2026-08-02 20:00:00,AXIS,CARD,29,0,909.1165517241379,0.0,0.0,1,0.20311876987179656
2026-08-02 20:00:00,AXIS,NETBANKING,12,0,1922.8149999999998,0.0,0.0,1,0.006418999064094599
2026-08-02 20:00:00,AXIS,UPI,82,3,1002.0043902439024,0.024390243902439025,0.036585365853658534,1,0.17548942485003038
2026-08-02 20:00:00,HDFC,CARD,52,2,808.4009615384615,0.0,0.038461538461538464,1,0.19406635781372306
2026-08-02 20:00:00,HDFC,NETBANKING,9,0,930.3866666666667,0.0,0.0,1,0.20709697308229874
2026-08-02 20:00:00,HDFC,UPI,107,9,795.9003738317757,0.06542056074766354,0.08411214953271028,1,0.11489278989996593
2026-08-02 20:00:00,ICICI,CARD,40,3,809.20625,0.05,0.075,1,0.19551669213562956
2026-08-02 20:00:00,ICICI,NETBANKING,15,2,774.4846666666667,0.0,0.13333333333333333,1,0.15553219063580948
2026-08-02 20:00:00,ICICI,UPI,96,4,1138.8936458333333,0.010416666666666666,0.041666666666666664,1,0.1263250516856244
2026-08-02 20:00:00,KOTAK,CARD,20,2,749.676,0.05,0.1,1,0.16924548659266841
2026-08-02 20:00:00,KOTAK,NETBANKING,10,0,1093.165,0.0,0.0,1,0.19461341874357285
2026-08-02 20:00:00,KOTAK,UPI,57,3,773.7473684210526,0.07017543859649122,0.05263157894736842,1,0.14503175321257983
2026-08-02 20:00:00,SBI,CARD,34,1,919.7294117647059,0.0,0.029411764705882353,1,0.2199655525121752
2026-08-02 20:00:00,SBI,NETBANKING,15,6,819.3573333333334,0.06666666666666667,0.4,-1,-0.009056142901481046
2026-08-02 20:00:00,SBI,UPI,95,7,860.139894736842,0.042105263157894736,0.07368421052631578,1,0.18699822485171946
2026-08-02 21:00:00,AXIS,CARD,26,1,979.3119230769231,0.038461538461538464,0.038461538461538464,1,0.18909005144431146
2026-08-02 21:00:00,AXIS,NETBANKING,14,0,826.2585714285714,0.0,0.0,1,0.21170228706154492
2026-08-02 21:00:00,AXIS,UPI,78,12,888.8228205128204,0.038461538461538464,0.15384615384615385,1,0.11326413808728752
2026-08-02 21:00:00,HDFC,CARD,40,3,1275.2397500000002,0.025,0.075,1,0.14115381413189687
2026-08-02 21:00:00,HDFC,NETBANKING,19,0,592.598947368421,0.0,0.0,1,0.12384905794743994
2026-08-02 21:00:00,HDFC,UPI,100,7,890.4656,0.02,0.07,1,0.17881032925888063
2026-08-02 21:00:00,ICICI,CARD,28,2,1068.4132142857143,0.10714285714285714,0.07142857142857142,1,0.12081792975880823
2026-08-02 21:00:00,ICICI,NETBANKING,15,1,949.4633333333334,0.0,0.06666666666666667,1,0.22748523546126376
2026-08-02 21:00:00,ICICI,UPI,96,9,781.8024999999999,0.010416666666666666,0.09375,1,0.11918680438023188
2026-08-02 21:00:00,KOTAK,CARD,22,3,944.539090909091,0.0,0.13636363636363635,1,0.15538760003528024
2026-08-02 21:00:00,KOTAK,NETBANKING,12,0,814.9841666666666,0.0,0.0,1,0.21298269663542524
2026-08-02 21:00:00,KOTAK,UPI,51,6,885.2694117647059,0.1568627450980392,0.11764705882352941,1,0.06105258301620431
2026-08-02 21:00:00,SBI,CARD,42,1,1015.9133333333333,0.023809523809523808,0.023809523809523808,1,0.18286377042916468
2026-08-02 21:00:00,SBI,NETBANKING,10,0,702.808,0.0,0.0,1,0.1864057302582905
2026-08-02 21:00:00,SBI,UPI,116,11,989.6177586206896,0.04310344827586207,0.09482758620689655,1,0.11728766909156385
2026-08-02 22:00:00,AXIS,CARD,24,3,616.8895833333333,0.0,0.125,1,0.09499773635462538
2026-08-02 22:00:00,AXIS,NETBANKING,24,1,965.2541666666666,0.0,0.041666666666666664,1,0.22304463856885864
2026-08-02 22:00:00,AXIS,UPI,93,1,920.1415053763441,0.010752688172043012,0.010752688172043012,1,0.13943995787400543
2026-08-02 22:00:00,HDFC,CARD,46,6,871.6452173913043,0.0,0.13043478260869565,1,0.15127419536772735
2026-08-02 22:00:00,HDFC,NETBANKING,16,1,766.7275,0.125,0.0625,1,0.1129277470531449
2026-08-02 22:00:00,HDFC,UPI,97,9,1045.75412371134,0.041237113402061855,0.09278350515463918,1,0.14452336865124743
2026-08-02 22:00:00,ICICI,CARD,35,2,608.6117142857142,0.05714285714285714,0.05714285714285714,1,0.11217259761882442
2026-08-02 22:00:00,ICICI,NETBANKING,17,1,849.0394117647058,0.0,0.058823529411764705,1,0.2185214805131836
2026-08-02 22:00:00,ICICI,UPI,108,7,1047.6232407407408,0.037037037037037035,0.06481481481481481,1,0.14250199592518126
2026-08-02 22:00:00,KOTAK,CARD,24,1,692.15875,0.0,0.041666666666666664,1,0.18583715546135804
2026-08-02 22:00:00,KOTAK,NETBANKING,6,1,912.6933333333333,0.0,0.16666666666666666,1,0.09449816561430446
2026-08-02 22:00:00,KOTAK,UPI,52,3,960.7161538461538,0.038461538461538464,0.057692307692307696,1,0.207355309548913
2026-08-02 22:00:00,SBI,CARD,43,1,988.3281395348837,0.0,0.023255813953488372,1,0.2088260104055275
2026-08-02 22:00:00,SBI,NETBANKING,16,2,571.29875,0.125,0.125,1,0.0469243311811508
2026-08-02 22:00:00,SBI,UPI,124,8,887.9568548387097,0.06451612903225806,0.06451612903225806,1,0.08366267029488439
2026-08-02 23:00:00,AXIS,CARD,32,2,972.53,0.0,0.0625,1,0.22609147451815892
2026-08-02 23:00:00,AXIS,NETBANKING,18,1,1061.1888888888889,0.05555555555555555,0.05555555555555555,1,0.183100012912854
2026-08-02 23:00:00,AXIS,UPI,76,4,817.1094736842106,0.02631578947368421,0.05263157894736842,1,0.18466121088087695
2026-08-02 23:00:00,HDFC,CARD,44,2,832.3231818181819,0.022727272727272728,0.045454545454545456,1,0.20313320888184339
2026-08-02 23:00:00,HDFC,NETBANKING,19,4,1075.7652631578949,0.10526315789473684,0.21052631578947367,1,0.027936484597416378
2026-08-02 23:00:00,HDFC,UPI,117,7,861.4949572649573,0.02564102564102564,0.05982905982905983,1,0.15056096368408423
2026-08-02 23:00:00,ICICI,CARD,34,1,920.5247058823529,0.029411764705882353,0.029411764705882353,1,0.19348985894588855
2026-08-02 23:00:00,ICICI,NETBANKING,13,0,891.0476923076924,0.0,0.0,1,0.21507537792189912
2026-08-02 23:00:00,ICICI,UPI,94,3,912.7838297872341,0.0425531914893617,0.031914893617021274,1,0.16570067656582593
2026-08-02 23:00:00,KOTAK,CARD,14,0,475.80357142857144,0.0,0.0,1,0.09045719929646923
2026-08-02 23:00:00,KOTAK,NETBANKING,10,0,676.356,0.0,0.0,1,0.17337102721891046
2026-08-02 23:00:00,KOTAK,UPI,52,3,842.5084615384616,0.019230769230769232,0.057692307692307696,1,0.1991342669276815
2026-08-02 23:00:00,SBI,CARD,39,1,952.0853846153847,0.0,0.02564102564102564,1,0.21750070284024192
2026-08-02 23:00:00,SBI,NETBANKING,24,1,755.0175,0.0,0.041666666666666664,1,0.20525262174092024
2026-08-02 23:00:00,SBI,UPI,106,8,943.2106603773585,0.0,0.07547169811320754,1,0.15618465395452807
